config_id,max_depth,criterion,splitter,min_samples_leaf,min_samples_split,max_features,train_accuracy_mean,train_f1_mean,cv_accuracy_mean,cv_f1_mean,train_accuracy_std,train_f1_std,cv_accuracy_std,cv_f1_std
0,1,gini,best,1,2,None,0.8321428571428573,0.8399887715320136,0.7988095238095237,0.8045196688138829,0.013264692882214633,0.019178466005685582,0.04794742220812582,0.0602677262805571
1,1,gini,best,1,2,sqrt,0.7169642857142856,0.6685817339375523,0.675,0.6122385130287036,0.0076954607801011906,0.07912704953649471,0.03250924963688568,0.1060135383467534
2,1,gini,best,1,2,log2,0.7169642857142856,0.6685817339375523,0.675,0.6122385130287036,0.0076954607801011906,0.07912704953649471,0.03250924963688568,0.1060135383467534
3,1,gini,best,1,2,0.25,0.7169642857142856,0.6685817339375523,0.675,0.6122385130287036,0.0076954607801011906,0.07912704953649471,0.03250924963688568,0.1060135383467534
4,1,gini,best,1,2,0.5,0.7169642857142856,0.6685817339375523,0.675,0.6122385130287036,0.0076954607801011906,0.07912704953649471,0.03250924963688568,0.1060135383467534
5,1,gini,best,1,5,None,0.8321428571428573,0.8399887715320136,0.7988095238095237,0.8045196688138829,0.013264692882214633,0.019178466005685582,0.04794742220812582,0.0602677262805571
6,1,gini,best,1,5,sqrt,0.7169642857142856,0.6685817339375523,0.675,0.6122385130287036,0.0076954607801011906,0.07912704953649471,0.03250924963688568,0.1060135383467534
7,1,gini,best,1,5,log2,0.7169642857142856,0.6685817339375523,0.675,0.6122385130287036,0.0076954607801011906,0.07912704953649471,0.03250924963688568,0.1060135383467534
8,1,gini,best,1,5,0.25,0.7169642857142856,0.6685817339375523,0.675,0.6122385130287036,0.0076954607801011906,0.07912704953649471,0.03250924963688568,0.1060135383467534
9,1,gini,best,1,5,0.5,0.7169642857142856,0.6685817339375523,0.675,0.6122385130287036,0.0076954607801011906,0.07912704953649471,0.03250924963688568,0.1060135383467534
10,1,gini,best,1,10,None,0.8321428571428573,0.8399887715320136,0.7988095238095237,0.8045196688138829,0.013264692882214633,0.019178466005685582,0.04794742220812582,0.0602677262805571
11,1,gini,best,1,10,sqrt,0.7169642857142856,0.6685817339375523,0.675,0.6122385130287036,0.0076954607801011906,0.07912704953649471,0.03250924963688568,0.1060135383467534
12,1,gini,best,1,10,log2,0.7169642857142856,0.6685817339375523,0.675,0.6122385130287036,0.0076954607801011906,0.07912704953649471,0.03250924963688568,0.1060135383467534
13,1,gini,best,1,10,0.25,0.7169642857142856,0.6685817339375523,0.675,0.6122385130287036,0.0076954607801011906,0.07912704953649471,0.03250924963688568,0.1060135383467534
14,1,gini,best,1,10,0.5,0.7169642857142856,0.6685817339375523,0.675,0.6122385130287036,0.0076954607801011906,0.07912704953649471,0.03250924963688568,0.1060135383467534
15,1,gini,best,3,2,None,0.8321428571428573,0.8399887715320136,0.7988095238095237,0.8045196688138829,0.013264692882214633,0.019178466005685582,0.04794742220812582,0.0602677262805571
16,1,gini,best,3,2,sqrt,0.7169642857142856,0.6685817339375523,0.675,0.6122385130287036,0.0076954607801011906,0.07912704953649471,0.03250924963688568,0.1060135383467534
17,1,gini,best,3,2,log2,0.7169642857142856,0.6685817339375523,0.675,0.6122385130287036,0.0076954607801011906,0.07912704953649471,0.03250924963688568,0.1060135383467534
18,1,gini,best,3,2,0.25,0.7169642857142856,0.6685817339375523,0.675,0.6122385130287036,0.0076954607801011906,0.07912704953649471,0.03250924963688568,0.1060135383467534
19,1,gini,best,3,2,0.5,0.7169642857142856,0.6685817339375523,0.675,0.6122385130287036,0.0076954607801011906,0.07912704953649471,0.03250924963688568,0.1060135383467534
20,1,gini,best,3,5,None,0.8321428571428573,0.8399887715320136,0.7988095238095237,0.8045196688138829,0.013264692882214633,0.019178466005685582,0.04794742220812582,0.0602677262805571
21,1,gini,best,3,5,sqrt,0.7169642857142856,0.6685817339375523,0.675,0.6122385130287036,0.0076954607801011906,0.07912704953649471,0.03250924963688568,0.1060135383467534
22,1,gini,best,3,5,log2,0.7169642857142856,0.6685817339375523,0.675,0.6122385130287036,0.0076954607801011906,0.07912704953649471,0.03250924963688568,0.1060135383467534
23,1,gini,best,3,5,0.25,0.7169642857142856,0.6685817339375523,0.675,0.6122385130287036,0.0076954607801011906,0.07912704953649471,0.03250924963688568,0.1060135383467534
24,1,gini,best,3,5,0.5,0.7169642857142856,0.6685817339375523,0.675,0.6122385130287036,0.0076954607801011906,0.07912704953649471,0.03250924963688568,0.1060135383467534
25,1,gini,best,3,10,None,0.8321428571428573,0.8399887715320136,0.7988095238095237,0.8045196688138829,0.013264692882214633,0.019178466005685582,0.04794742220812582,0.0602677262805571
26,1,gini,best,3,10,sqrt,0.7169642857142856,0.6685817339375523,0.675,0.6122385130287036,0.0076954607801011906,0.07912704953649471,0.03250924963688568,0.1060135383467534
27,1,gini,best,3,10,log2,0.7169642857142856,0.6685817339375523,0.675,0.6122385130287036,0.0076954607801011906,0.07912704953649471,0.03250924963688568,0.1060135383467534
28,1,gini,best,3,10,0.25,0.7169642857142856,0.6685817339375523,0.675,0.6122385130287036,0.0076954607801011906,0.07912704953649471,0.03250924963688568,0.1060135383467534
29,1,gini,best,3,10,0.5,0.7169642857142856,0.6685817339375523,0.675,0.6122385130287036,0.0076954607801011906,0.07912704953649471,0.03250924963688568,0.1060135383467534
30,1,gini,best,5,2,None,0.8321428571428573,0.8399887715320136,0.7988095238095237,0.8045196688138829,0.013264692882214633,0.019178466005685582,0.04794742220812582,0.0602677262805571
31,1,gini,best,5,2,sqrt,0.7169642857142856,0.6685817339375523,0.675,0.6122385130287036,0.0076954607801011906,0.07912704953649471,0.03250924963688568,0.1060135383467534
32,1,gini,best,5,2,log2,0.7169642857142856,0.6685817339375523,0.675,0.6122385130287036,0.0076954607801011906,0.07912704953649471,0.03250924963688568,0.1060135383467534
33,1,gini,best,5,2,0.25,0.7169642857142856,0.6685817339375523,0.675,0.6122385130287036,0.0076954607801011906,0.07912704953649471,0.03250924963688568,0.1060135383467534
34,1,gini,best,5,2,0.5,0.7169642857142856,0.6685817339375523,0.675,0.6122385130287036,0.0076954607801011906,0.07912704953649471,0.03250924963688568,0.1060135383467534
35,1,gini,best,5,5,None,0.8321428571428573,0.8399887715320136,0.7988095238095237,0.8045196688138829,0.013264692882214633,0.019178466005685582,0.04794742220812582,0.0602677262805571
36,1,gini,best,5,5,sqrt,0.7169642857142856,0.6685817339375523,0.675,0.6122385130287036,0.0076954607801011906,0.07912704953649471,0.03250924963688568,0.1060135383467534
37,1,gini,best,5,5,log2,0.7169642857142856,0.6685817339375523,0.675,0.6122385130287036,0.0076954607801011906,0.07912704953649471,0.03250924963688568,0.1060135383467534
38,1,gini,best,5,5,0.25,0.7169642857142856,0.6685817339375523,0.675,0.6122385130287036,0.0076954607801011906,0.07912704953649471,0.03250924963688568,0.1060135383467534
39,1,gini,best,5,5,0.5,0.7169642857142856,0.6685817339375523,0.675,0.6122385130287036,0.0076954607801011906,0.07912704953649471,0.03250924963688568,0.1060135383467534
40,1,gini,best,5,10,None,0.8321428571428573,0.8399887715320136,0.7988095238095237,0.8045196688138829,0.013264692882214633,0.019178466005685582,0.04794742220812582,0.0602677262805571
41,1,gini,best,5,10,sqrt,0.7169642857142856,0.6685817339375523,0.675,0.6122385130287036,0.0076954607801011906,0.07912704953649471,0.03250924963688568,0.1060135383467534
42,1,gini,best,5,10,log2,0.7169642857142856,0.6685817339375523,0.675,0.6122385130287036,0.0076954607801011906,0.07912704953649471,0.03250924963688568,0.1060135383467534
43,1,gini,best,5,10,0.25,0.7169642857142856,0.6685817339375523,0.675,0.6122385130287036,0.0076954607801011906,0.07912704953649471,0.03250924963688568,0.1060135383467534
44,1,gini,best,5,10,0.5,0.7169642857142856,0.6685817339375523,0.675,0.6122385130287036,0.0076954607801011906,0.07912704953649471,0.03250924963688568,0.1060135383467534
45,1,gini,best,10,2,None,0.8321428571428573,0.8399887715320136,0.7988095238095237,0.8045196688138829,0.013264692882214633,0.019178466005685582,0.04794742220812582,0.0602677262805571
46,1,gini,best,10,2,sqrt,0.7169642857142856,0.6685817339375523,0.675,0.6122385130287036,0.0076954607801011906,0.07912704953649471,0.03250924963688568,0.1060135383467534
47,1,gini,best,10,2,log2,0.7169642857142856,0.6685817339375523,0.675,0.6122385130287036,0.0076954607801011906,0.07912704953649471,0.03250924963688568,0.1060135383467534
48,1,gini,best,10,2,0.25,0.7169642857142856,0.6685817339375523,0.675,0.6122385130287036,0.0076954607801011906,0.07912704953649471,0.03250924963688568,0.1060135383467534
49,1,gini,best,10,2,0.5,0.7169642857142856,0.6685817339375523,0.675,0.6122385130287036,0.0076954607801011906,0.07912704953649471,0.03250924963688568,0.1060135383467534
50,1,gini,best,10,5,None,0.8321428571428573,0.8399887715320136,0.7988095238095237,0.8045196688138829,0.013264692882214633,0.019178466005685582,0.04794742220812582,0.0602677262805571
51,1,gini,best,10,5,sqrt,0.7169642857142856,0.6685817339375523,0.675,0.6122385130287036,0.0076954607801011906,0.07912704953649471,0.03250924963688568,0.1060135383467534
52,1,gini,best,10,5,log2,0.7169642857142856,0.6685817339375523,0.675,0.6122385130287036,0.0076954607801011906,0.07912704953649471,0.03250924963688568,0.1060135383467534
53,1,gini,best,10,5,0.25,0.7169642857142856,0.6685817339375523,0.675,0.6122385130287036,0.0076954607801011906,0.07912704953649471,0.03250924963688568,0.1060135383467534
54,1,gini,best,10,5,0.5,0.7169642857142856,0.6685817339375523,0.675,0.6122385130287036,0.0076954607801011906,0.07912704953649471,0.03250924963688568,0.1060135383467534
55,1,gini,best,10,10,None,0.8321428571428573,0.8399887715320136,0.7988095238095237,0.8045196688138829,0.013264692882214633,0.019178466005685582,0.04794742220812582,0.0602677262805571
56,1,gini,best,10,10,sqrt,0.7169642857142856,0.6685817339375523,0.675,0.6122385130287036,0.0076954607801011906,0.07912704953649471,0.03250924963688568,0.1060135383467534
57,1,gini,best,10,10,log2,0.7169642857142856,0.6685817339375523,0.675,0.6122385130287036,0.0076954607801011906,0.07912704953649471,0.03250924963688568,0.1060135383467534
58,1,gini,best,10,10,0.25,0.7169642857142856,0.6685817339375523,0.675,0.6122385130287036,0.0076954607801011906,0.07912704953649471,0.03250924963688568,0.1060135383467534
59,1,gini,best,10,10,0.5,0.7169642857142856,0.6685817339375523,0.675,0.6122385130287036,0.0076954607801011906,0.07912704953649471,0.03250924963688568,0.1060135383467534
60,1,gini,random,1,2,None,0.687202380952381,0.5579915769761042,0.6880952380952382,0.5497854332000673,0.014946708459736852,0.030274050930691274,0.05641543806520877,0.11918205403674322
61,1,gini,random,1,2,sqrt,0.687202380952381,0.5579915769761042,0.6880952380952382,0.5497854332000673,0.014946708459736852,0.030274050930691274,0.05641543806520877,0.11918205403674322
62,1,gini,random,1,2,log2,0.687202380952381,0.5579915769761042,0.6880952380952382,0.5497854332000673,0.014946708459736852,0.030274050930691274,0.05641543806520877,0.11918205403674322
63,1,gini,random,1,2,0.25,0.687202380952381,0.5579915769761042,0.6880952380952382,0.5497854332000673,0.014946708459736852,0.030274050930691274,0.05641543806520877,0.11918205403674322
64,1,gini,random,1,2,0.5,0.687202380952381,0.5579915769761042,0.6880952380952382,0.5497854332000673,0.014946708459736852,0.030274050930691274,0.05641543806520877,0.11918205403674322
65,1,gini,random,1,5,None,0.687202380952381,0.5579915769761042,0.6880952380952382,0.5497854332000673,0.014946708459736852,0.030274050930691274,0.05641543806520877,0.11918205403674322
66,1,gini,random,1,5,sqrt,0.687202380952381,0.5579915769761042,0.6880952380952382,0.5497854332000673,0.014946708459736852,0.030274050930691274,0.05641543806520877,0.11918205403674322
67,1,gini,random,1,5,log2,0.687202380952381,0.5579915769761042,0.6880952380952382,0.5497854332000673,0.014946708459736852,0.030274050930691274,0.05641543806520877,0.11918205403674322
68,1,gini,random,1,5,0.25,0.687202380952381,0.5579915769761042,0.6880952380952382,0.5497854332000673,0.014946708459736852,0.030274050930691274,0.05641543806520877,0.11918205403674322
69,1,gini,random,1,5,0.5,0.687202380952381,0.5579915769761042,0.6880952380952382,0.5497854332000673,0.014946708459736852,0.030274050930691274,0.05641543806520877,0.11918205403674322
70,1,gini,random,1,10,None,0.687202380952381,0.5579915769761042,0.6880952380952382,0.5497854332000673,0.014946708459736852,0.030274050930691274,0.05641543806520877,0.11918205403674322
71,1,gini,random,1,10,sqrt,0.687202380952381,0.5579915769761042,0.6880952380952382,0.5497854332000673,0.014946708459736852,0.030274050930691274,0.05641543806520877,0.11918205403674322
72,1,gini,random,1,10,log2,0.687202380952381,0.5579915769761042,0.6880952380952382,0.5497854332000673,0.014946708459736852,0.030274050930691274,0.05641543806520877,0.11918205403674322
73,1,gini,random,1,10,0.25,0.687202380952381,0.5579915769761042,0.6880952380952382,0.5497854332000673,0.014946708459736852,0.030274050930691274,0.05641543806520877,0.11918205403674322
74,1,gini,random,1,10,0.5,0.687202380952381,0.5579915769761042,0.6880952380952382,0.5497854332000673,0.014946708459736852,0.030274050930691274,0.05641543806520877,0.11918205403674322
75,1,gini,random,3,2,None,0.687202380952381,0.5579915769761042,0.6880952380952382,0.5497854332000673,0.014946708459736852,0.030274050930691274,0.05641543806520877,0.11918205403674322
76,1,gini,random,3,2,sqrt,0.687202380952381,0.5579915769761042,0.6880952380952382,0.5497854332000673,0.014946708459736852,0.030274050930691274,0.05641543806520877,0.11918205403674322
77,1,gini,random,3,2,log2,0.687202380952381,0.5579915769761042,0.6880952380952382,0.5497854332000673,0.014946708459736852,0.030274050930691274,0.05641543806520877,0.11918205403674322
78,1,gini,random,3,2,0.25,0.687202380952381,0.5579915769761042,0.6880952380952382,0.5497854332000673,0.014946708459736852,0.030274050930691274,0.05641543806520877,0.11918205403674322
79,1,gini,random,3,2,0.5,0.687202380952381,0.5579915769761042,0.6880952380952382,0.5497854332000673,0.014946708459736852,0.030274050930691274,0.05641543806520877,0.11918205403674322
80,1,gini,random,3,5,None,0.687202380952381,0.5579915769761042,0.6880952380952382,0.5497854332000673,0.014946708459736852,0.030274050930691274,0.05641543806520877,0.11918205403674322
81,1,gini,random,3,5,sqrt,0.687202380952381,0.5579915769761042,0.6880952380952382,0.5497854332000673,0.014946708459736852,0.030274050930691274,0.05641543806520877,0.11918205403674322
82,1,gini,random,3,5,log2,0.687202380952381,0.5579915769761042,0.6880952380952382,0.5497854332000673,0.014946708459736852,0.030274050930691274,0.05641543806520877,0.11918205403674322
83,1,gini,random,3,5,0.25,0.687202380952381,0.5579915769761042,0.6880952380952382,0.5497854332000673,0.014946708459736852,0.030274050930691274,0.05641543806520877,0.11918205403674322
84,1,gini,random,3,5,0.5,0.687202380952381,0.5579915769761042,0.6880952380952382,0.5497854332000673,0.014946708459736852,0.030274050930691274,0.05641543806520877,0.11918205403674322
85,1,gini,random,3,10,None,0.687202380952381,0.5579915769761042,0.6880952380952382,0.5497854332000673,0.014946708459736852,0.030274050930691274,0.05641543806520877,0.11918205403674322
86,1,gini,random,3,10,sqrt,0.687202380952381,0.5579915769761042,0.6880952380952382,0.5497854332000673,0.014946708459736852,0.030274050930691274,0.05641543806520877,0.11918205403674322
87,1,gini,random,3,10,log2,0.687202380952381,0.5579915769761042,0.6880952380952382,0.5497854332000673,0.014946708459736852,0.030274050930691274,0.05641543806520877,0.11918205403674322
88,1,gini,random,3,10,0.25,0.687202380952381,0.5579915769761042,0.6880952380952382,0.5497854332000673,0.014946708459736852,0.030274050930691274,0.05641543806520877,0.11918205403674322
89,1,gini,random,3,10,0.5,0.687202380952381,0.5579915769761042,0.6880952380952382,0.5497854332000673,0.014946708459736852,0.030274050930691274,0.05641543806520877,0.11918205403674322
90,1,gini,random,5,2,None,0.687202380952381,0.5579915769761042,0.6880952380952382,0.5497854332000673,0.014946708459736852,0.030274050930691274,0.05641543806520877,0.11918205403674322
91,1,gini,random,5,2,sqrt,0.687202380952381,0.5579915769761042,0.6880952380952382,0.5497854332000673,0.014946708459736852,0.030274050930691274,0.05641543806520877,0.11918205403674322
92,1,gini,random,5,2,log2,0.687202380952381,0.5579915769761042,0.6880952380952382,0.5497854332000673,0.014946708459736852,0.030274050930691274,0.05641543806520877,0.11918205403674322
93,1,gini,random,5,2,0.25,0.687202380952381,0.5579915769761042,0.6880952380952382,0.5497854332000673,0.014946708459736852,0.030274050930691274,0.05641543806520877,0.11918205403674322
94,1,gini,random,5,2,0.5,0.687202380952381,0.5579915769761042,0.6880952380952382,0.5497854332000673,0.014946708459736852,0.030274050930691274,0.05641543806520877,0.11918205403674322
95,1,gini,random,5,5,None,0.687202380952381,0.5579915769761042,0.6880952380952382,0.5497854332000673,0.014946708459736852,0.030274050930691274,0.05641543806520877,0.11918205403674322
96,1,gini,random,5,5,sqrt,0.687202380952381,0.5579915769761042,0.6880952380952382,0.5497854332000673,0.014946708459736852,0.030274050930691274,0.05641543806520877,0.11918205403674322
97,1,gini,random,5,5,log2,0.687202380952381,0.5579915769761042,0.6880952380952382,0.5497854332000673,0.014946708459736852,0.030274050930691274,0.05641543806520877,0.11918205403674322
98,1,gini,random,5,5,0.25,0.687202380952381,0.5579915769761042,0.6880952380952382,0.5497854332000673,0.014946708459736852,0.030274050930691274,0.05641543806520877,0.11918205403674322
99,1,gini,random,5,5,0.5,0.687202380952381,0.5579915769761042,0.6880952380952382,0.5497854332000673,0.014946708459736852,0.030274050930691274,0.05641543806520877,0.11918205403674322
100,1,gini,random,5,10,None,0.687202380952381,0.5579915769761042,0.6880952380952382,0.5497854332000673,0.014946708459736852,0.030274050930691274,0.05641543806520877,0.11918205403674322
101,1,gini,random,5,10,sqrt,0.687202380952381,0.5579915769761042,0.6880952380952382,0.5497854332000673,0.014946708459736852,0.030274050930691274,0.05641543806520877,0.11918205403674322
102,1,gini,random,5,10,log2,0.687202380952381,0.5579915769761042,0.6880952380952382,0.5497854332000673,0.014946708459736852,0.030274050930691274,0.05641543806520877,0.11918205403674322
103,1,gini,random,5,10,0.25,0.687202380952381,0.5579915769761042,0.6880952380952382,0.5497854332000673,0.014946708459736852,0.030274050930691274,0.05641543806520877,0.11918205403674322
104,1,gini,random,5,10,0.5,0.687202380952381,0.5579915769761042,0.6880952380952382,0.5497854332000673,0.014946708459736852,0.030274050930691274,0.05641543806520877,0.11918205403674322
105,1,gini,random,10,2,None,0.687202380952381,0.5579915769761042,0.6880952380952382,0.5497854332000673,0.014946708459736852,0.030274050930691274,0.05641543806520877,0.11918205403674322
106,1,gini,random,10,2,sqrt,0.687202380952381,0.5579915769761042,0.6880952380952382,0.5497854332000673,0.014946708459736852,0.030274050930691274,0.05641543806520877,0.11918205403674322
107,1,gini,random,10,2,log2,0.687202380952381,0.5579915769761042,0.6880952380952382,0.5497854332000673,0.014946708459736852,0.030274050930691274,0.05641543806520877,0.11918205403674322
108,1,gini,random,10,2,0.25,0.687202380952381,0.5579915769761042,0.6880952380952382,0.5497854332000673,0.014946708459736852,0.030274050930691274,0.05641543806520877,0.11918205403674322
109,1,gini,random,10,2,0.5,0.687202380952381,0.5579915769761042,0.6880952380952382,0.5497854332000673,0.014946708459736852,0.030274050930691274,0.05641543806520877,0.11918205403674322
110,1,gini,random,10,5,None,0.687202380952381,0.5579915769761042,0.6880952380952382,0.5497854332000673,0.014946708459736852,0.030274050930691274,0.05641543806520877,0.11918205403674322
111,1,gini,random,10,5,sqrt,0.687202380952381,0.5579915769761042,0.6880952380952382,0.5497854332000673,0.014946708459736852,0.030274050930691274,0.05641543806520877,0.11918205403674322
112,1,gini,random,10,5,log2,0.687202380952381,0.5579915769761042,0.6880952380952382,0.5497854332000673,0.014946708459736852,0.030274050930691274,0.05641543806520877,0.11918205403674322
113,1,gini,random,10,5,0.25,0.687202380952381,0.5579915769761042,0.6880952380952382,0.5497854332000673,0.014946708459736852,0.030274050930691274,0.05641543806520877,0.11918205403674322
114,1,gini,random,10,5,0.5,0.687202380952381,0.5579915769761042,0.6880952380952382,0.5497854332000673,0.014946708459736852,0.030274050930691274,0.05641543806520877,0.11918205403674322
115,1,gini,random,10,10,None,0.687202380952381,0.5579915769761042,0.6880952380952382,0.5497854332000673,0.014946708459736852,0.030274050930691274,0.05641543806520877,0.11918205403674322
116,1,gini,random,10,10,sqrt,0.687202380952381,0.5579915769761042,0.6880952380952382,0.5497854332000673,0.014946708459736852,0.030274050930691274,0.05641543806520877,0.11918205403674322
117,1,gini,random,10,10,log2,0.687202380952381,0.5579915769761042,0.6880952380952382,0.5497854332000673,0.014946708459736852,0.030274050930691274,0.05641543806520877,0.11918205403674322
118,1,gini,random,10,10,0.25,0.687202380952381,0.5579915769761042,0.6880952380952382,0.5497854332000673,0.014946708459736852,0.030274050930691274,0.05641543806520877,0.11918205403674322
119,1,gini,random,10,10,0.5,0.687202380952381,0.5579915769761042,0.6880952380952382,0.5497854332000673,0.014946708459736852,0.030274050930691274,0.05641543806520877,0.11918205403674322
120,1,entropy,best,1,2,None,0.8285714285714287,0.827356152062831,0.7928571428571428,0.7891164731648523,0.01598972998566822,0.03324936980084277,0.04567680223473039,0.059407904737205586
121,1,entropy,best,1,2,sqrt,0.7044642857142857,0.6378867701057044,0.6559523809523811,0.5668711524499982,0.017952551245154897,0.1056425467527522,0.036010674910128986,0.1495317462440053
122,1,entropy,best,1,2,log2,0.7044642857142857,0.6378867701057044,0.6559523809523811,0.5668711524499982,0.017952551245154897,0.1056425467527522,0.036010674910128986,0.1495317462440053
123,1,entropy,best,1,2,0.25,0.7044642857142857,0.6378867701057044,0.6559523809523811,0.5668711524499982,0.017952551245154897,0.1056425467527522,0.036010674910128986,0.1495317462440053
124,1,entropy,best,1,2,0.5,0.7044642857142857,0.6378867701057044,0.6559523809523811,0.5668711524499982,0.017952551245154897,0.1056425467527522,0.036010674910128986,0.1495317462440053
125,1,entropy,best,1,5,None,0.8285714285714287,0.827356152062831,0.7928571428571428,0.7891164731648523,0.01598972998566822,0.03324936980084277,0.04567680223473039,0.059407904737205586
126,1,entropy,best,1,5,sqrt,0.7044642857142857,0.6378867701057044,0.6559523809523811,0.5668711524499982,0.017952551245154897,0.1056425467527522,0.036010674910128986,0.1495317462440053
127,1,entropy,best,1,5,log2,0.7044642857142857,0.6378867701057044,0.6559523809523811,0.5668711524499982,0.017952551245154897,0.1056425467527522,0.036010674910128986,0.1495317462440053
128,1,entropy,best,1,5,0.25,0.7044642857142857,0.6378867701057044,0.6559523809523811,0.5668711524499982,0.017952551245154897,0.1056425467527522,0.036010674910128986,0.1495317462440053
129,1,entropy,best,1,5,0.5,0.7044642857142857,0.6378867701057044,0.6559523809523811,0.5668711524499982,0.017952551245154897,0.1056425467527522,0.036010674910128986,0.1495317462440053
130,1,entropy,best,1,10,None,0.8285714285714287,0.827356152062831,0.7928571428571428,0.7891164731648523,0.01598972998566822,0.03324936980084277,0.04567680223473039,0.059407904737205586
131,1,entropy,best,1,10,sqrt,0.7044642857142857,0.6378867701057044,0.6559523809523811,0.5668711524499982,0.017952551245154897,0.1056425467527522,0.036010674910128986,0.1495317462440053
132,1,entropy,best,1,10,log2,0.7044642857142857,0.6378867701057044,0.6559523809523811,0.5668711524499982,0.017952551245154897,0.1056425467527522,0.036010674910128986,0.1495317462440053
133,1,entropy,best,1,10,0.25,0.7044642857142857,0.6378867701057044,0.6559523809523811,0.5668711524499982,0.017952551245154897,0.1056425467527522,0.036010674910128986,0.1495317462440053
134,1,entropy,best,1,10,0.5,0.7044642857142857,0.6378867701057044,0.6559523809523811,0.5668711524499982,0.017952551245154897,0.1056425467527522,0.036010674910128986,0.1495317462440053
135,1,entropy,best,3,2,None,0.8285714285714287,0.827356152062831,0.7928571428571428,0.7891164731648523,0.01598972998566822,0.03324936980084277,0.04567680223473039,0.059407904737205586
136,1,entropy,best,3,2,sqrt,0.7044642857142857,0.6378867701057044,0.6559523809523811,0.5668711524499982,0.017952551245154897,0.1056425467527522,0.036010674910128986,0.1495317462440053
137,1,entropy,best,3,2,log2,0.7044642857142857,0.6378867701057044,0.6559523809523811,0.5668711524499982,0.017952551245154897,0.1056425467527522,0.036010674910128986,0.1495317462440053
138,1,entropy,best,3,2,0.25,0.7044642857142857,0.6378867701057044,0.6559523809523811,0.5668711524499982,0.017952551245154897,0.1056425467527522,0.036010674910128986,0.1495317462440053
139,1,entropy,best,3,2,0.5,0.7044642857142857,0.6378867701057044,0.6559523809523811,0.5668711524499982,0.017952551245154897,0.1056425467527522,0.036010674910128986,0.1495317462440053
140,1,entropy,best,3,5,None,0.8285714285714287,0.827356152062831,0.7928571428571428,0.7891164731648523,0.01598972998566822,0.03324936980084277,0.04567680223473039,0.059407904737205586
141,1,entropy,best,3,5,sqrt,0.7044642857142857,0.6378867701057044,0.6559523809523811,0.5668711524499982,0.017952551245154897,0.1056425467527522,0.036010674910128986,0.1495317462440053
142,1,entropy,best,3,5,log2,0.7044642857142857,0.6378867701057044,0.6559523809523811,0.5668711524499982,0.017952551245154897,0.1056425467527522,0.036010674910128986,0.1495317462440053
143,1,entropy,best,3,5,0.25,0.7044642857142857,0.6378867701057044,0.6559523809523811,0.5668711524499982,0.017952551245154897,0.1056425467527522,0.036010674910128986,0.1495317462440053
144,1,entropy,best,3,5,0.5,0.7044642857142857,0.6378867701057044,0.6559523809523811,0.5668711524499982,0.017952551245154897,0.1056425467527522,0.036010674910128986,0.1495317462440053
145,1,entropy,best,3,10,None,0.8285714285714287,0.827356152062831,0.7928571428571428,0.7891164731648523,0.01598972998566822,0.03324936980084277,0.04567680223473039,0.059407904737205586
146,1,entropy,best,3,10,sqrt,0.7044642857142857,0.6378867701057044,0.6559523809523811,0.5668711524499982,0.017952551245154897,0.1056425467527522,0.036010674910128986,0.1495317462440053
147,1,entropy,best,3,10,log2,0.7044642857142857,0.6378867701057044,0.6559523809523811,0.5668711524499982,0.017952551245154897,0.1056425467527522,0.036010674910128986,0.1495317462440053
148,1,entropy,best,3,10,0.25,0.7044642857142857,0.6378867701057044,0.6559523809523811,0.5668711524499982,0.017952551245154897,0.1056425467527522,0.036010674910128986,0.1495317462440053
149,1,entropy,best,3,10,0.5,0.7044642857142857,0.6378867701057044,0.6559523809523811,0.5668711524499982,0.017952551245154897,0.1056425467527522,0.036010674910128986,0.1495317462440053
150,1,entropy,best,5,2,None,0.8285714285714287,0.827356152062831,0.7928571428571428,0.7891164731648523,0.01598972998566822,0.03324936980084277,0.04567680223473039,0.059407904737205586
151,1,entropy,best,5,2,sqrt,0.7044642857142857,0.6378867701057044,0.6559523809523811,0.5668711524499982,0.017952551245154897,0.1056425467527522,0.036010674910128986,0.1495317462440053
152,1,entropy,best,5,2,log2,0.7044642857142857,0.6378867701057044,0.6559523809523811,0.5668711524499982,0.017952551245154897,0.1056425467527522,0.036010674910128986,0.1495317462440053
153,1,entropy,best,5,2,0.25,0.7044642857142857,0.6378867701057044,0.6559523809523811,0.5668711524499982,0.017952551245154897,0.1056425467527522,0.036010674910128986,0.1495317462440053
154,1,entropy,best,5,2,0.5,0.7044642857142857,0.6378867701057044,0.6559523809523811,0.5668711524499982,0.017952551245154897,0.1056425467527522,0.036010674910128986,0.1495317462440053
155,1,entropy,best,5,5,None,0.8285714285714287,0.827356152062831,0.7928571428571428,0.7891164731648523,0.01598972998566822,0.03324936980084277,0.04567680223473039,0.059407904737205586
156,1,entropy,best,5,5,sqrt,0.7044642857142857,0.6378867701057044,0.6559523809523811,0.5668711524499982,0.017952551245154897,0.1056425467527522,0.036010674910128986,0.1495317462440053
157,1,entropy,best,5,5,log2,0.7044642857142857,0.6378867701057044,0.6559523809523811,0.5668711524499982,0.017952551245154897,0.1056425467527522,0.036010674910128986,0.1495317462440053
158,1,entropy,best,5,5,0.25,0.7044642857142857,0.6378867701057044,0.6559523809523811,0.5668711524499982,0.017952551245154897,0.1056425467527522,0.036010674910128986,0.1495317462440053
159,1,entropy,best,5,5,0.5,0.7044642857142857,0.6378867701057044,0.6559523809523811,0.5668711524499982,0.017952551245154897,0.1056425467527522,0.036010674910128986,0.1495317462440053
160,1,entropy,best,5,10,None,0.8285714285714287,0.827356152062831,0.7928571428571428,0.7891164731648523,0.01598972998566822,0.03324936980084277,0.04567680223473039,0.059407904737205586
161,1,entropy,best,5,10,sqrt,0.7044642857142857,0.6378867701057044,0.6559523809523811,0.5668711524499982,0.017952551245154897,0.1056425467527522,0.036010674910128986,0.1495317462440053
162,1,entropy,best,5,10,log2,0.7044642857142857,0.6378867701057044,0.6559523809523811,0.5668711524499982,0.017952551245154897,0.1056425467527522,0.036010674910128986,0.1495317462440053
163,1,entropy,best,5,10,0.25,0.7044642857142857,0.6378867701057044,0.6559523809523811,0.5668711524499982,0.017952551245154897,0.1056425467527522,0.036010674910128986,0.1495317462440053
164,1,entropy,best,5,10,0.5,0.7044642857142857,0.6378867701057044,0.6559523809523811,0.5668711524499982,0.017952551245154897,0.1056425467527522,0.036010674910128986,0.1495317462440053
165,1,entropy,best,10,2,None,0.8285714285714287,0.827356152062831,0.7928571428571428,0.7891164731648523,0.01598972998566822,0.03324936980084277,0.04567680223473039,0.059407904737205586
166,1,entropy,best,10,2,sqrt,0.7044642857142857,0.6378867701057044,0.6559523809523811,0.5668711524499982,0.017952551245154897,0.1056425467527522,0.036010674910128986,0.1495317462440053
167,1,entropy,best,10,2,log2,0.7044642857142857,0.6378867701057044,0.6559523809523811,0.5668711524499982,0.017952551245154897,0.1056425467527522,0.036010674910128986,0.1495317462440053
168,1,entropy,best,10,2,0.25,0.7044642857142857,0.6378867701057044,0.6559523809523811,0.5668711524499982,0.017952551245154897,0.1056425467527522,0.036010674910128986,0.1495317462440053
169,1,entropy,best,10,2,0.5,0.7044642857142857,0.6378867701057044,0.6559523809523811,0.5668711524499982,0.017952551245154897,0.1056425467527522,0.036010674910128986,0.1495317462440053
170,1,entropy,best,10,5,None,0.8285714285714287,0.827356152062831,0.7928571428571428,0.7891164731648523,0.01598972998566822,0.03324936980084277,0.04567680223473039,0.059407904737205586
171,1,entropy,best,10,5,sqrt,0.7044642857142857,0.6378867701057044,0.6559523809523811,0.5668711524499982,0.017952551245154897,0.1056425467527522,0.036010674910128986,0.1495317462440053
172,1,entropy,best,10,5,log2,0.7044642857142857,0.6378867701057044,0.6559523809523811,0.5668711524499982,0.017952551245154897,0.1056425467527522,0.036010674910128986,0.1495317462440053
173,1,entropy,best,10,5,0.25,0.7044642857142857,0.6378867701057044,0.6559523809523811,0.5668711524499982,0.017952551245154897,0.1056425467527522,0.036010674910128986,0.1495317462440053
174,1,entropy,best,10,5,0.5,0.7044642857142857,0.6378867701057044,0.6559523809523811,0.5668711524499982,0.017952551245154897,0.1056425467527522,0.036010674910128986,0.1495317462440053
175,1,entropy,best,10,10,None,0.8285714285714287,0.827356152062831,0.7928571428571428,0.7891164731648523,0.01598972998566822,0.03324936980084277,0.04567680223473039,0.059407904737205586
176,1,entropy,best,10,10,sqrt,0.7044642857142857,0.6378867701057044,0.6559523809523811,0.5668711524499982,0.017952551245154897,0.1056425467527522,0.036010674910128986,0.1495317462440053
177,1,entropy,best,10,10,log2,0.7044642857142857,0.6378867701057044,0.6559523809523811,0.5668711524499982,0.017952551245154897,0.1056425467527522,0.036010674910128986,0.1495317462440053
178,1,entropy,best,10,10,0.25,0.7044642857142857,0.6378867701057044,0.6559523809523811,0.5668711524499982,0.017952551245154897,0.1056425467527522,0.036010674910128986,0.1495317462440053
179,1,entropy,best,10,10,0.5,0.7044642857142857,0.6378867701057044,0.6559523809523811,0.5668711524499982,0.017952551245154897,0.1056425467527522,0.036010674910128986,0.1495317462440053
180,1,entropy,random,1,2,None,0.687202380952381,0.5579915769761042,0.6880952380952382,0.5497854332000673,0.014946708459736852,0.030274050930691274,0.05641543806520877,0.11918205403674322
181,1,entropy,random,1,2,sqrt,0.687202380952381,0.5579915769761042,0.6880952380952382,0.5497854332000673,0.014946708459736852,0.030274050930691274,0.05641543806520877,0.11918205403674322
182,1,entropy,random,1,2,log2,0.687202380952381,0.5579915769761042,0.6880952380952382,0.5497854332000673,0.014946708459736852,0.030274050930691274,0.05641543806520877,0.11918205403674322
183,1,entropy,random,1,2,0.25,0.687202380952381,0.5579915769761042,0.6880952380952382,0.5497854332000673,0.014946708459736852,0.030274050930691274,0.05641543806520877,0.11918205403674322
184,1,entropy,random,1,2,0.5,0.687202380952381,0.5579915769761042,0.6880952380952382,0.5497854332000673,0.014946708459736852,0.030274050930691274,0.05641543806520877,0.11918205403674322
185,1,entropy,random,1,5,None,0.687202380952381,0.5579915769761042,0.6880952380952382,0.5497854332000673,0.014946708459736852,0.030274050930691274,0.05641543806520877,0.11918205403674322
186,1,entropy,random,1,5,sqrt,0.687202380952381,0.5579915769761042,0.6880952380952382,0.5497854332000673,0.014946708459736852,0.030274050930691274,0.05641543806520877,0.11918205403674322
187,1,entropy,random,1,5,log2,0.687202380952381,0.5579915769761042,0.6880952380952382,0.5497854332000673,0.014946708459736852,0.030274050930691274,0.05641543806520877,0.11918205403674322
188,1,entropy,random,1,5,0.25,0.687202380952381,0.5579915769761042,0.6880952380952382,0.5497854332000673,0.014946708459736852,0.030274050930691274,0.05641543806520877,0.11918205403674322
189,1,entropy,random,1,5,0.5,0.687202380952381,0.5579915769761042,0.6880952380952382,0.5497854332000673,0.014946708459736852,0.030274050930691274,0.05641543806520877,0.11918205403674322
190,1,entropy,random,1,10,None,0.687202380952381,0.5579915769761042,0.6880952380952382,0.5497854332000673,0.014946708459736852,0.030274050930691274,0.05641543806520877,0.11918205403674322
191,1,entropy,random,1,10,sqrt,0.687202380952381,0.5579915769761042,0.6880952380952382,0.5497854332000673,0.014946708459736852,0.030274050930691274,0.05641543806520877,0.11918205403674322
192,1,entropy,random,1,10,log2,0.687202380952381,0.5579915769761042,0.6880952380952382,0.5497854332000673,0.014946708459736852,0.030274050930691274,0.05641543806520877,0.11918205403674322
193,1,entropy,random,1,10,0.25,0.687202380952381,0.5579915769761042,0.6880952380952382,0.5497854332000673,0.014946708459736852,0.030274050930691274,0.05641543806520877,0.11918205403674322
194,1,entropy,random,1,10,0.5,0.687202380952381,0.5579915769761042,0.6880952380952382,0.5497854332000673,0.014946708459736852,0.030274050930691274,0.05641543806520877,0.11918205403674322
195,1,entropy,random,3,2,None,0.687202380952381,0.5579915769761042,0.6880952380952382,0.5497854332000673,0.014946708459736852,0.030274050930691274,0.05641543806520877,0.11918205403674322
196,1,entropy,random,3,2,sqrt,0.687202380952381,0.5579915769761042,0.6880952380952382,0.5497854332000673,0.014946708459736852,0.030274050930691274,0.05641543806520877,0.11918205403674322
197,1,entropy,random,3,2,log2,0.687202380952381,0.5579915769761042,0.6880952380952382,0.5497854332000673,0.014946708459736852,0.030274050930691274,0.05641543806520877,0.11918205403674322
198,1,entropy,random,3,2,0.25,0.687202380952381,0.5579915769761042,0.6880952380952382,0.5497854332000673,0.014946708459736852,0.030274050930691274,0.05641543806520877,0.11918205403674322
199,1,entropy,random,3,2,0.5,0.687202380952381,0.5579915769761042,0.6880952380952382,0.5497854332000673,0.014946708459736852,0.030274050930691274,0.05641543806520877,0.11918205403674322
200,1,entropy,random,3,5,None,0.687202380952381,0.5579915769761042,0.6880952380952382,0.5497854332000673,0.014946708459736852,0.030274050930691274,0.05641543806520877,0.11918205403674322
201,1,entropy,random,3,5,sqrt,0.687202380952381,0.5579915769761042,0.6880952380952382,0.5497854332000673,0.014946708459736852,0.030274050930691274,0.05641543806520877,0.11918205403674322
202,1,entropy,random,3,5,log2,0.687202380952381,0.5579915769761042,0.6880952380952382,0.5497854332000673,0.014946708459736852,0.030274050930691274,0.05641543806520877,0.11918205403674322
203,1,entropy,random,3,5,0.25,0.687202380952381,0.5579915769761042,0.6880952380952382,0.5497854332000673,0.014946708459736852,0.030274050930691274,0.05641543806520877,0.11918205403674322
204,1,entropy,random,3,5,0.5,0.687202380952381,0.5579915769761042,0.6880952380952382,0.5497854332000673,0.014946708459736852,0.030274050930691274,0.05641543806520877,0.11918205403674322
205,1,entropy,random,3,10,None,0.687202380952381,0.5579915769761042,0.6880952380952382,0.5497854332000673,0.014946708459736852,0.030274050930691274,0.05641543806520877,0.11918205403674322
206,1,entropy,random,3,10,sqrt,0.687202380952381,0.5579915769761042,0.6880952380952382,0.5497854332000673,0.014946708459736852,0.030274050930691274,0.05641543806520877,0.11918205403674322
207,1,entropy,random,3,10,log2,0.687202380952381,0.5579915769761042,0.6880952380952382,0.5497854332000673,0.014946708459736852,0.030274050930691274,0.05641543806520877,0.11918205403674322
208,1,entropy,random,3,10,0.25,0.687202380952381,0.5579915769761042,0.6880952380952382,0.5497854332000673,0.014946708459736852,0.030274050930691274,0.05641543806520877,0.11918205403674322
209,1,entropy,random,3,10,0.5,0.687202380952381,0.5579915769761042,0.6880952380952382,0.5497854332000673,0.014946708459736852,0.030274050930691274,0.05641543806520877,0.11918205403674322
210,1,entropy,random,5,2,None,0.687202380952381,0.5579915769761042,0.6880952380952382,0.5497854332000673,0.014946708459736852,0.030274050930691274,0.05641543806520877,0.11918205403674322
211,1,entropy,random,5,2,sqrt,0.687202380952381,0.5579915769761042,0.6880952380952382,0.5497854332000673,0.014946708459736852,0.030274050930691274,0.05641543806520877,0.11918205403674322
212,1,entropy,random,5,2,log2,0.687202380952381,0.5579915769761042,0.6880952380952382,0.5497854332000673,0.014946708459736852,0.030274050930691274,0.05641543806520877,0.11918205403674322
213,1,entropy,random,5,2,0.25,0.687202380952381,0.5579915769761042,0.6880952380952382,0.5497854332000673,0.014946708459736852,0.030274050930691274,0.05641543806520877,0.11918205403674322
214,1,entropy,random,5,2,0.5,0.687202380952381,0.5579915769761042,0.6880952380952382,0.5497854332000673,0.014946708459736852,0.030274050930691274,0.05641543806520877,0.11918205403674322
215,1,entropy,random,5,5,None,0.687202380952381,0.5579915769761042,0.6880952380952382,0.5497854332000673,0.014946708459736852,0.030274050930691274,0.05641543806520877,0.11918205403674322
216,1,entropy,random,5,5,sqrt,0.687202380952381,0.5579915769761042,0.6880952380952382,0.5497854332000673,0.014946708459736852,0.030274050930691274,0.05641543806520877,0.11918205403674322
217,1,entropy,random,5,5,log2,0.687202380952381,0.5579915769761042,0.6880952380952382,0.5497854332000673,0.014946708459736852,0.030274050930691274,0.05641543806520877,0.11918205403674322
218,1,entropy,random,5,5,0.25,0.687202380952381,0.5579915769761042,0.6880952380952382,0.5497854332000673,0.014946708459736852,0.030274050930691274,0.05641543806520877,0.11918205403674322
219,1,entropy,random,5,5,0.5,0.687202380952381,0.5579915769761042,0.6880952380952382,0.5497854332000673,0.014946708459736852,0.030274050930691274,0.05641543806520877,0.11918205403674322
220,1,entropy,random,5,10,None,0.687202380952381,0.5579915769761042,0.6880952380952382,0.5497854332000673,0.014946708459736852,0.030274050930691274,0.05641543806520877,0.11918205403674322
221,1,entropy,random,5,10,sqrt,0.687202380952381,0.5579915769761042,0.6880952380952382,0.5497854332000673,0.014946708459736852,0.030274050930691274,0.05641543806520877,0.11918205403674322
222,1,entropy,random,5,10,log2,0.687202380952381,0.5579915769761042,0.6880952380952382,0.5497854332000673,0.014946708459736852,0.030274050930691274,0.05641543806520877,0.11918205403674322
223,1,entropy,random,5,10,0.25,0.687202380952381,0.5579915769761042,0.6880952380952382,0.5497854332000673,0.014946708459736852,0.030274050930691274,0.05641543806520877,0.11918205403674322
224,1,entropy,random,5,10,0.5,0.687202380952381,0.5579915769761042,0.6880952380952382,0.5497854332000673,0.014946708459736852,0.030274050930691274,0.05641543806520877,0.11918205403674322
225,1,entropy,random,10,2,None,0.687202380952381,0.5579915769761042,0.6880952380952382,0.5497854332000673,0.014946708459736852,0.030274050930691274,0.05641543806520877,0.11918205403674322
226,1,entropy,random,10,2,sqrt,0.687202380952381,0.5579915769761042,0.6880952380952382,0.5497854332000673,0.014946708459736852,0.030274050930691274,0.05641543806520877,0.11918205403674322
227,1,entropy,random,10,2,log2,0.687202380952381,0.5579915769761042,0.6880952380952382,0.5497854332000673,0.014946708459736852,0.030274050930691274,0.05641543806520877,0.11918205403674322
228,1,entropy,random,10,2,0.25,0.687202380952381,0.5579915769761042,0.6880952380952382,0.5497854332000673,0.014946708459736852,0.030274050930691274,0.05641543806520877,0.11918205403674322
229,1,entropy,random,10,2,0.5,0.687202380952381,0.5579915769761042,0.6880952380952382,0.5497854332000673,0.014946708459736852,0.030274050930691274,0.05641543806520877,0.11918205403674322
230,1,entropy,random,10,5,None,0.687202380952381,0.5579915769761042,0.6880952380952382,0.5497854332000673,0.014946708459736852,0.030274050930691274,0.05641543806520877,0.11918205403674322
231,1,entropy,random,10,5,sqrt,0.687202380952381,0.5579915769761042,0.6880952380952382,0.5497854332000673,0.014946708459736852,0.030274050930691274,0.05641543806520877,0.11918205403674322
232,1,entropy,random,10,5,log2,0.687202380952381,0.5579915769761042,0.6880952380952382,0.5497854332000673,0.014946708459736852,0.030274050930691274,0.05641543806520877,0.11918205403674322
233,1,entropy,random,10,5,0.25,0.687202380952381,0.5579915769761042,0.6880952380952382,0.5497854332000673,0.014946708459736852,0.030274050930691274,0.05641543806520877,0.11918205403674322
234,1,entropy,random,10,5,0.5,0.687202380952381,0.5579915769761042,0.6880952380952382,0.5497854332000673,0.014946708459736852,0.030274050930691274,0.05641543806520877,0.11918205403674322
235,1,entropy,random,10,10,None,0.687202380952381,0.5579915769761042,0.6880952380952382,0.5497854332000673,0.014946708459736852,0.030274050930691274,0.05641543806520877,0.11918205403674322
236,1,entropy,random,10,10,sqrt,0.687202380952381,0.5579915769761042,0.6880952380952382,0.5497854332000673,0.014946708459736852,0.030274050930691274,0.05641543806520877,0.11918205403674322
237,1,entropy,random,10,10,log2,0.687202380952381,0.5579915769761042,0.6880952380952382,0.5497854332000673,0.014946708459736852,0.030274050930691274,0.05641543806520877,0.11918205403674322
238,1,entropy,random,10,10,0.25,0.687202380952381,0.5579915769761042,0.6880952380952382,0.5497854332000673,0.014946708459736852,0.030274050930691274,0.05641543806520877,0.11918205403674322
239,1,entropy,random,10,10,0.5,0.687202380952381,0.5579915769761042,0.6880952380952382,0.5497854332000673,0.014946708459736852,0.030274050930691274,0.05641543806520877,0.11918205403674322
240,1,log_loss,best,1,2,None,0.8285714285714287,0.827356152062831,0.7928571428571428,0.7891164731648523,0.01598972998566822,0.03324936980084277,0.04567680223473039,0.059407904737205586
241,1,log_loss,best,1,2,sqrt,0.7044642857142857,0.6378867701057044,0.6559523809523811,0.5668711524499982,0.017952551245154897,0.1056425467527522,0.036010674910128986,0.1495317462440053
242,1,log_loss,best,1,2,log2,0.7044642857142857,0.6378867701057044,0.6559523809523811,0.5668711524499982,0.017952551245154897,0.1056425467527522,0.036010674910128986,0.1495317462440053
243,1,log_loss,best,1,2,0.25,0.7044642857142857,0.6378867701057044,0.6559523809523811,0.5668711524499982,0.017952551245154897,0.1056425467527522,0.036010674910128986,0.1495317462440053
244,1,log_loss,best,1,2,0.5,0.7044642857142857,0.6378867701057044,0.6559523809523811,0.5668711524499982,0.017952551245154897,0.1056425467527522,0.036010674910128986,0.1495317462440053
245,1,log_loss,best,1,5,None,0.8285714285714287,0.827356152062831,0.7928571428571428,0.7891164731648523,0.01598972998566822,0.03324936980084277,0.04567680223473039,0.059407904737205586
246,1,log_loss,best,1,5,sqrt,0.7044642857142857,0.6378867701057044,0.6559523809523811,0.5668711524499982,0.017952551245154897,0.1056425467527522,0.036010674910128986,0.1495317462440053
247,1,log_loss,best,1,5,log2,0.7044642857142857,0.6378867701057044,0.6559523809523811,0.5668711524499982,0.017952551245154897,0.1056425467527522,0.036010674910128986,0.1495317462440053
248,1,log_loss,best,1,5,0.25,0.7044642857142857,0.6378867701057044,0.6559523809523811,0.5668711524499982,0.017952551245154897,0.1056425467527522,0.036010674910128986,0.1495317462440053
249,1,log_loss,best,1,5,0.5,0.7044642857142857,0.6378867701057044,0.6559523809523811,0.5668711524499982,0.017952551245154897,0.1056425467527522,0.036010674910128986,0.1495317462440053
250,1,log_loss,best,1,10,None,0.8285714285714287,0.827356152062831,0.7928571428571428,0.7891164731648523,0.01598972998566822,0.03324936980084277,0.04567680223473039,0.059407904737205586
251,1,log_loss,best,1,10,sqrt,0.7044642857142857,0.6378867701057044,0.6559523809523811,0.5668711524499982,0.017952551245154897,0.1056425467527522,0.036010674910128986,0.1495317462440053
252,1,log_loss,best,1,10,log2,0.7044642857142857,0.6378867701057044,0.6559523809523811,0.5668711524499982,0.017952551245154897,0.1056425467527522,0.036010674910128986,0.1495317462440053
253,1,log_loss,best,1,10,0.25,0.7044642857142857,0.6378867701057044,0.6559523809523811,0.5668711524499982,0.017952551245154897,0.1056425467527522,0.036010674910128986,0.1495317462440053
254,1,log_loss,best,1,10,0.5,0.7044642857142857,0.6378867701057044,0.6559523809523811,0.5668711524499982,0.017952551245154897,0.1056425467527522,0.036010674910128986,0.1495317462440053
255,1,log_loss,best,3,2,None,0.8285714285714287,0.827356152062831,0.7928571428571428,0.7891164731648523,0.01598972998566822,0.03324936980084277,0.04567680223473039,0.059407904737205586
256,1,log_loss,best,3,2,sqrt,0.7044642857142857,0.6378867701057044,0.6559523809523811,0.5668711524499982,0.017952551245154897,0.1056425467527522,0.036010674910128986,0.1495317462440053
257,1,log_loss,best,3,2,log2,0.7044642857142857,0.6378867701057044,0.6559523809523811,0.5668711524499982,0.017952551245154897,0.1056425467527522,0.036010674910128986,0.1495317462440053
258,1,log_loss,best,3,2,0.25,0.7044642857142857,0.6378867701057044,0.6559523809523811,0.5668711524499982,0.017952551245154897,0.1056425467527522,0.036010674910128986,0.1495317462440053
259,1,log_loss,best,3,2,0.5,0.7044642857142857,0.6378867701057044,0.6559523809523811,0.5668711524499982,0.017952551245154897,0.1056425467527522,0.036010674910128986,0.1495317462440053
260,1,log_loss,best,3,5,None,0.8285714285714287,0.827356152062831,0.7928571428571428,0.7891164731648523,0.01598972998566822,0.03324936980084277,0.04567680223473039,0.059407904737205586
261,1,log_loss,best,3,5,sqrt,0.7044642857142857,0.6378867701057044,0.6559523809523811,0.5668711524499982,0.017952551245154897,0.1056425467527522,0.036010674910128986,0.1495317462440053
262,1,log_loss,best,3,5,log2,0.7044642857142857,0.6378867701057044,0.6559523809523811,0.5668711524499982,0.017952551245154897,0.1056425467527522,0.036010674910128986,0.1495317462440053
263,1,log_loss,best,3,5,0.25,0.7044642857142857,0.6378867701057044,0.6559523809523811,0.5668711524499982,0.017952551245154897,0.1056425467527522,0.036010674910128986,0.1495317462440053
264,1,log_loss,best,3,5,0.5,0.7044642857142857,0.6378867701057044,0.6559523809523811,0.5668711524499982,0.017952551245154897,0.1056425467527522,0.036010674910128986,0.1495317462440053
265,1,log_loss,best,3,10,None,0.8285714285714287,0.827356152062831,0.7928571428571428,0.7891164731648523,0.01598972998566822,0.03324936980084277,0.04567680223473039,0.059407904737205586
266,1,log_loss,best,3,10,sqrt,0.7044642857142857,0.6378867701057044,0.6559523809523811,0.5668711524499982,0.017952551245154897,0.1056425467527522,0.036010674910128986,0.1495317462440053
267,1,log_loss,best,3,10,log2,0.7044642857142857,0.6378867701057044,0.6559523809523811,0.5668711524499982,0.017952551245154897,0.1056425467527522,0.036010674910128986,0.1495317462440053
268,1,log_loss,best,3,10,0.25,0.7044642857142857,0.6378867701057044,0.6559523809523811,0.5668711524499982,0.017952551245154897,0.1056425467527522,0.036010674910128986,0.1495317462440053
269,1,log_loss,best,3,10,0.5,0.7044642857142857,0.6378867701057044,0.6559523809523811,0.5668711524499982,0.017952551245154897,0.1056425467527522,0.036010674910128986,0.1495317462440053
270,1,log_loss,best,5,2,None,0.8285714285714287,0.827356152062831,0.7928571428571428,0.7891164731648523,0.01598972998566822,0.03324936980084277,0.04567680223473039,0.059407904737205586
271,1,log_loss,best,5,2,sqrt,0.7044642857142857,0.6378867701057044,0.6559523809523811,0.5668711524499982,0.017952551245154897,0.1056425467527522,0.036010674910128986,0.1495317462440053
272,1,log_loss,best,5,2,log2,0.7044642857142857,0.6378867701057044,0.6559523809523811,0.5668711524499982,0.017952551245154897,0.1056425467527522,0.036010674910128986,0.1495317462440053
273,1,log_loss,best,5,2,0.25,0.7044642857142857,0.6378867701057044,0.6559523809523811,0.5668711524499982,0.017952551245154897,0.1056425467527522,0.036010674910128986,0.1495317462440053
274,1,log_loss,best,5,2,0.5,0.7044642857142857,0.6378867701057044,0.6559523809523811,0.5668711524499982,0.017952551245154897,0.1056425467527522,0.036010674910128986,0.1495317462440053
275,1,log_loss,best,5,5,None,0.8285714285714287,0.827356152062831,0.7928571428571428,0.7891164731648523,0.01598972998566822,0.03324936980084277,0.04567680223473039,0.059407904737205586
276,1,log_loss,best,5,5,sqrt,0.7044642857142857,0.6378867701057044,0.6559523809523811,0.5668711524499982,0.017952551245154897,0.1056425467527522,0.036010674910128986,0.1495317462440053
277,1,log_loss,best,5,5,log2,0.7044642857142857,0.6378867701057044,0.6559523809523811,0.5668711524499982,0.017952551245154897,0.1056425467527522,0.036010674910128986,0.1495317462440053
278,1,log_loss,best,5,5,0.25,0.7044642857142857,0.6378867701057044,0.6559523809523811,0.5668711524499982,0.017952551245154897,0.1056425467527522,0.036010674910128986,0.1495317462440053
279,1,log_loss,best,5,5,0.5,0.7044642857142857,0.6378867701057044,0.6559523809523811,0.5668711524499982,0.017952551245154897,0.1056425467527522,0.036010674910128986,0.1495317462440053
280,1,log_loss,best,5,10,None,0.8285714285714287,0.827356152062831,0.7928571428571428,0.7891164731648523,0.01598972998566822,0.03324936980084277,0.04567680223473039,0.059407904737205586
281,1,log_loss,best,5,10,sqrt,0.7044642857142857,0.6378867701057044,0.6559523809523811,0.5668711524499982,0.017952551245154897,0.1056425467527522,0.036010674910128986,0.1495317462440053
282,1,log_loss,best,5,10,log2,0.7044642857142857,0.6378867701057044,0.6559523809523811,0.5668711524499982,0.017952551245154897,0.1056425467527522,0.036010674910128986,0.1495317462440053
283,1,log_loss,best,5,10,0.25,0.7044642857142857,0.6378867701057044,0.6559523809523811,0.5668711524499982,0.017952551245154897,0.1056425467527522,0.036010674910128986,0.1495317462440053
284,1,log_loss,best,5,10,0.5,0.7044642857142857,0.6378867701057044,0.6559523809523811,0.5668711524499982,0.017952551245154897,0.1056425467527522,0.036010674910128986,0.1495317462440053
285,1,log_loss,best,10,2,None,0.8285714285714287,0.827356152062831,0.7928571428571428,0.7891164731648523,0.01598972998566822,0.03324936980084277,0.04567680223473039,0.059407904737205586
286,1,log_loss,best,10,2,sqrt,0.7044642857142857,0.6378867701057044,0.6559523809523811,0.5668711524499982,0.017952551245154897,0.1056425467527522,0.036010674910128986,0.1495317462440053
287,1,log_loss,best,10,2,log2,0.7044642857142857,0.6378867701057044,0.6559523809523811,0.5668711524499982,0.017952551245154897,0.1056425467527522,0.036010674910128986,0.1495317462440053
288,1,log_loss,best,10,2,0.25,0.7044642857142857,0.6378867701057044,0.6559523809523811,0.5668711524499982,0.017952551245154897,0.1056425467527522,0.036010674910128986,0.1495317462440053
289,1,log_loss,best,10,2,0.5,0.7044642857142857,0.6378867701057044,0.6559523809523811,0.5668711524499982,0.017952551245154897,0.1056425467527522,0.036010674910128986,0.1495317462440053
290,1,log_loss,best,10,5,None,0.8285714285714287,0.827356152062831,0.7928571428571428,0.7891164731648523,0.01598972998566822,0.03324936980084277,0.04567680223473039,0.059407904737205586
291,1,log_loss,best,10,5,sqrt,0.7044642857142857,0.6378867701057044,0.6559523809523811,0.5668711524499982,0.017952551245154897,0.1056425467527522,0.036010674910128986,0.1495317462440053
292,1,log_loss,best,10,5,log2,0.7044642857142857,0.6378867701057044,0.6559523809523811,0.5668711524499982,0.017952551245154897,0.1056425467527522,0.036010674910128986,0.1495317462440053
293,1,log_loss,best,10,5,0.25,0.7044642857142857,0.6378867701057044,0.6559523809523811,0.5668711524499982,0.017952551245154897,0.1056425467527522,0.036010674910128986,0.1495317462440053
294,1,log_loss,best,10,5,0.5,0.7044642857142857,0.6378867701057044,0.6559523809523811,0.5668711524499982,0.017952551245154897,0.1056425467527522,0.036010674910128986,0.1495317462440053
295,1,log_loss,best,10,10,None,0.8285714285714287,0.827356152062831,0.7928571428571428,0.7891164731648523,0.01598972998566822,0.03324936980084277,0.04567680223473039,0.059407904737205586
296,1,log_loss,best,10,10,sqrt,0.7044642857142857,0.6378867701057044,0.6559523809523811,0.5668711524499982,0.017952551245154897,0.1056425467527522,0.036010674910128986,0.1495317462440053
297,1,log_loss,best,10,10,log2,0.7044642857142857,0.6378867701057044,0.6559523809523811,0.5668711524499982,0.017952551245154897,0.1056425467527522,0.036010674910128986,0.1495317462440053
298,1,log_loss,best,10,10,0.25,0.7044642857142857,0.6378867701057044,0.6559523809523811,0.5668711524499982,0.017952551245154897,0.1056425467527522,0.036010674910128986,0.1495317462440053
299,1,log_loss,best,10,10,0.5,0.7044642857142857,0.6378867701057044,0.6559523809523811,0.5668711524499982,0.017952551245154897,0.1056425467527522,0.036010674910128986,0.1495317462440053
300,1,log_loss,random,1,2,None,0.687202380952381,0.5579915769761042,0.6880952380952382,0.5497854332000673,0.014946708459736852,0.030274050930691274,0.05641543806520877,0.11918205403674322
301,1,log_loss,random,1,2,sqrt,0.687202380952381,0.5579915769761042,0.6880952380952382,0.5497854332000673,0.014946708459736852,0.030274050930691274,0.05641543806520877,0.11918205403674322
302,1,log_loss,random,1,2,log2,0.687202380952381,0.5579915769761042,0.6880952380952382,0.5497854332000673,0.014946708459736852,0.030274050930691274,0.05641543806520877,0.11918205403674322
303,1,log_loss,random,1,2,0.25,0.687202380952381,0.5579915769761042,0.6880952380952382,0.5497854332000673,0.014946708459736852,0.030274050930691274,0.05641543806520877,0.11918205403674322
304,1,log_loss,random,1,2,0.5,0.687202380952381,0.5579915769761042,0.6880952380952382,0.5497854332000673,0.014946708459736852,0.030274050930691274,0.05641543806520877,0.11918205403674322
305,1,log_loss,random,1,5,None,0.687202380952381,0.5579915769761042,0.6880952380952382,0.5497854332000673,0.014946708459736852,0.030274050930691274,0.05641543806520877,0.11918205403674322
306,1,log_loss,random,1,5,sqrt,0.687202380952381,0.5579915769761042,0.6880952380952382,0.5497854332000673,0.014946708459736852,0.030274050930691274,0.05641543806520877,0.11918205403674322
307,1,log_loss,random,1,5,log2,0.687202380952381,0.5579915769761042,0.6880952380952382,0.5497854332000673,0.014946708459736852,0.030274050930691274,0.05641543806520877,0.11918205403674322
308,1,log_loss,random,1,5,0.25,0.687202380952381,0.5579915769761042,0.6880952380952382,0.5497854332000673,0.014946708459736852,0.030274050930691274,0.05641543806520877,0.11918205403674322
309,1,log_loss,random,1,5,0.5,0.687202380952381,0.5579915769761042,0.6880952380952382,0.5497854332000673,0.014946708459736852,0.030274050930691274,0.05641543806520877,0.11918205403674322
310,1,log_loss,random,1,10,None,0.687202380952381,0.5579915769761042,0.6880952380952382,0.5497854332000673,0.014946708459736852,0.030274050930691274,0.05641543806520877,0.11918205403674322
311,1,log_loss,random,1,10,sqrt,0.687202380952381,0.5579915769761042,0.6880952380952382,0.5497854332000673,0.014946708459736852,0.030274050930691274,0.05641543806520877,0.11918205403674322
312,1,log_loss,random,1,10,log2,0.687202380952381,0.5579915769761042,0.6880952380952382,0.5497854332000673,0.014946708459736852,0.030274050930691274,0.05641543806520877,0.11918205403674322
313,1,log_loss,random,1,10,0.25,0.687202380952381,0.5579915769761042,0.6880952380952382,0.5497854332000673,0.014946708459736852,0.030274050930691274,0.05641543806520877,0.11918205403674322
314,1,log_loss,random,1,10,0.5,0.687202380952381,0.5579915769761042,0.6880952380952382,0.5497854332000673,0.014946708459736852,0.030274050930691274,0.05641543806520877,0.11918205403674322
315,1,log_loss,random,3,2,None,0.687202380952381,0.5579915769761042,0.6880952380952382,0.5497854332000673,0.014946708459736852,0.030274050930691274,0.05641543806520877,0.11918205403674322
316,1,log_loss,random,3,2,sqrt,0.687202380952381,0.5579915769761042,0.6880952380952382,0.5497854332000673,0.014946708459736852,0.030274050930691274,0.05641543806520877,0.11918205403674322
317,1,log_loss,random,3,2,log2,0.687202380952381,0.5579915769761042,0.6880952380952382,0.5497854332000673,0.014946708459736852,0.030274050930691274,0.05641543806520877,0.11918205403674322
318,1,log_loss,random,3,2,0.25,0.687202380952381,0.5579915769761042,0.6880952380952382,0.5497854332000673,0.014946708459736852,0.030274050930691274,0.05641543806520877,0.11918205403674322
319,1,log_loss,random,3,2,0.5,0.687202380952381,0.5579915769761042,0.6880952380952382,0.5497854332000673,0.014946708459736852,0.030274050930691274,0.05641543806520877,0.11918205403674322
320,1,log_loss,random,3,5,None,0.687202380952381,0.5579915769761042,0.6880952380952382,0.5497854332000673,0.014946708459736852,0.030274050930691274,0.05641543806520877,0.11918205403674322
321,1,log_loss,random,3,5,sqrt,0.687202380952381,0.5579915769761042,0.6880952380952382,0.5497854332000673,0.014946708459736852,0.030274050930691274,0.05641543806520877,0.11918205403674322
322,1,log_loss,random,3,5,log2,0.687202380952381,0.5579915769761042,0.6880952380952382,0.5497854332000673,0.014946708459736852,0.030274050930691274,0.05641543806520877,0.11918205403674322
323,1,log_loss,random,3,5,0.25,0.687202380952381,0.5579915769761042,0.6880952380952382,0.5497854332000673,0.014946708459736852,0.030274050930691274,0.05641543806520877,0.11918205403674322
324,1,log_loss,random,3,5,0.5,0.687202380952381,0.5579915769761042,0.6880952380952382,0.5497854332000673,0.014946708459736852,0.030274050930691274,0.05641543806520877,0.11918205403674322
325,1,log_loss,random,3,10,None,0.687202380952381,0.5579915769761042,0.6880952380952382,0.5497854332000673,0.014946708459736852,0.030274050930691274,0.05641543806520877,0.11918205403674322
326,1,log_loss,random,3,10,sqrt,0.687202380952381,0.5579915769761042,0.6880952380952382,0.5497854332000673,0.014946708459736852,0.030274050930691274,0.05641543806520877,0.11918205403674322
327,1,log_loss,random,3,10,log2,0.687202380952381,0.5579915769761042,0.6880952380952382,0.5497854332000673,0.014946708459736852,0.030274050930691274,0.05641543806520877,0.11918205403674322
328,1,log_loss,random,3,10,0.25,0.687202380952381,0.5579915769761042,0.6880952380952382,0.5497854332000673,0.014946708459736852,0.030274050930691274,0.05641543806520877,0.11918205403674322
329,1,log_loss,random,3,10,0.5,0.687202380952381,0.5579915769761042,0.6880952380952382,0.5497854332000673,0.014946708459736852,0.030274050930691274,0.05641543806520877,0.11918205403674322
330,1,log_loss,random,5,2,None,0.687202380952381,0.5579915769761042,0.6880952380952382,0.5497854332000673,0.014946708459736852,0.030274050930691274,0.05641543806520877,0.11918205403674322
331,1,log_loss,random,5,2,sqrt,0.687202380952381,0.5579915769761042,0.6880952380952382,0.5497854332000673,0.014946708459736852,0.030274050930691274,0.05641543806520877,0.11918205403674322
332,1,log_loss,random,5,2,log2,0.687202380952381,0.5579915769761042,0.6880952380952382,0.5497854332000673,0.014946708459736852,0.030274050930691274,0.05641543806520877,0.11918205403674322
333,1,log_loss,random,5,2,0.25,0.687202380952381,0.5579915769761042,0.6880952380952382,0.5497854332000673,0.014946708459736852,0.030274050930691274,0.05641543806520877,0.11918205403674322
334,1,log_loss,random,5,2,0.5,0.687202380952381,0.5579915769761042,0.6880952380952382,0.5497854332000673,0.014946708459736852,0.030274050930691274,0.05641543806520877,0.11918205403674322
335,1,log_loss,random,5,5,None,0.687202380952381,0.5579915769761042,0.6880952380952382,0.5497854332000673,0.014946708459736852,0.030274050930691274,0.05641543806520877,0.11918205403674322
336,1,log_loss,random,5,5,sqrt,0.687202380952381,0.5579915769761042,0.6880952380952382,0.5497854332000673,0.014946708459736852,0.030274050930691274,0.05641543806520877,0.11918205403674322
337,1,log_loss,random,5,5,log2,0.687202380952381,0.5579915769761042,0.6880952380952382,0.5497854332000673,0.014946708459736852,0.030274050930691274,0.05641543806520877,0.11918205403674322
338,1,log_loss,random,5,5,0.25,0.687202380952381,0.5579915769761042,0.6880952380952382,0.5497854332000673,0.014946708459736852,0.030274050930691274,0.05641543806520877,0.11918205403674322
339,1,log_loss,random,5,5,0.5,0.687202380952381,0.5579915769761042,0.6880952380952382,0.5497854332000673,0.014946708459736852,0.030274050930691274,0.05641543806520877,0.11918205403674322
340,1,log_loss,random,5,10,None,0.687202380952381,0.5579915769761042,0.6880952380952382,0.5497854332000673,0.014946708459736852,0.030274050930691274,0.05641543806520877,0.11918205403674322
341,1,log_loss,random,5,10,sqrt,0.687202380952381,0.5579915769761042,0.6880952380952382,0.5497854332000673,0.014946708459736852,0.030274050930691274,0.05641543806520877,0.11918205403674322
342,1,log_loss,random,5,10,log2,0.687202380952381,0.5579915769761042,0.6880952380952382,0.5497854332000673,0.014946708459736852,0.030274050930691274,0.05641543806520877,0.11918205403674322
343,1,log_loss,random,5,10,0.25,0.687202380952381,0.5579915769761042,0.6880952380952382,0.5497854332000673,0.014946708459736852,0.030274050930691274,0.05641543806520877,0.11918205403674322
344,1,log_loss,random,5,10,0.5,0.687202380952381,0.5579915769761042,0.6880952380952382,0.5497854332000673,0.014946708459736852,0.030274050930691274,0.05641543806520877,0.11918205403674322
345,1,log_loss,random,10,2,None,0.687202380952381,0.5579915769761042,0.6880952380952382,0.5497854332000673,0.014946708459736852,0.030274050930691274,0.05641543806520877,0.11918205403674322
346,1,log_loss,random,10,2,sqrt,0.687202380952381,0.5579915769761042,0.6880952380952382,0.5497854332000673,0.014946708459736852,0.030274050930691274,0.05641543806520877,0.11918205403674322
347,1,log_loss,random,10,2,log2,0.687202380952381,0.5579915769761042,0.6880952380952382,0.5497854332000673,0.014946708459736852,0.030274050930691274,0.05641543806520877,0.11918205403674322
348,1,log_loss,random,10,2,0.25,0.687202380952381,0.5579915769761042,0.6880952380952382,0.5497854332000673,0.014946708459736852,0.030274050930691274,0.05641543806520877,0.11918205403674322
349,1,log_loss,random,10,2,0.5,0.687202380952381,0.5579915769761042,0.6880952380952382,0.5497854332000673,0.014946708459736852,0.030274050930691274,0.05641543806520877,0.11918205403674322
350,1,log_loss,random,10,5,None,0.687202380952381,0.5579915769761042,0.6880952380952382,0.5497854332000673,0.014946708459736852,0.030274050930691274,0.05641543806520877,0.11918205403674322
351,1,log_loss,random,10,5,sqrt,0.687202380952381,0.5579915769761042,0.6880952380952382,0.5497854332000673,0.014946708459736852,0.030274050930691274,0.05641543806520877,0.11918205403674322
352,1,log_loss,random,10,5,log2,0.687202380952381,0.5579915769761042,0.6880952380952382,0.5497854332000673,0.014946708459736852,0.030274050930691274,0.05641543806520877,0.11918205403674322
353,1,log_loss,random,10,5,0.25,0.687202380952381,0.5579915769761042,0.6880952380952382,0.5497854332000673,0.014946708459736852,0.030274050930691274,0.05641543806520877,0.11918205403674322
354,1,log_loss,random,10,5,0.5,0.687202380952381,0.5579915769761042,0.6880952380952382,0.5497854332000673,0.014946708459736852,0.030274050930691274,0.05641543806520877,0.11918205403674322
355,1,log_loss,random,10,10,None,0.687202380952381,0.5579915769761042,0.6880952380952382,0.5497854332000673,0.014946708459736852,0.030274050930691274,0.05641543806520877,0.11918205403674322
356,1,log_loss,random,10,10,sqrt,0.687202380952381,0.5579915769761042,0.6880952380952382,0.5497854332000673,0.014946708459736852,0.030274050930691274,0.05641543806520877,0.11918205403674322
357,1,log_loss,random,10,10,log2,0.687202380952381,0.5579915769761042,0.6880952380952382,0.5497854332000673,0.014946708459736852,0.030274050930691274,0.05641543806520877,0.11918205403674322
358,1,log_loss,random,10,10,0.25,0.687202380952381,0.5579915769761042,0.6880952380952382,0.5497854332000673,0.014946708459736852,0.030274050930691274,0.05641543806520877,0.11918205403674322
359,1,log_loss,random,10,10,0.5,0.687202380952381,0.5579915769761042,0.6880952380952382,0.5497854332000673,0.014946708459736852,0.030274050930691274,0.05641543806520877,0.11918205403674322
360,3,gini,best,1,2,None,0.9139880952380951,0.9172431938908805,0.8892857142857143,0.8925879678700125,0.009002668727532241,0.010506830284170005,0.030334625502438272,0.032530961822229414
361,3,gini,best,1,2,sqrt,0.9089285714285715,0.9111369773642594,0.8702380952380953,0.8710196775099358,0.012026377108493025,0.011323945815766252,0.024768118006463863,0.02609711109195691
362,3,gini,best,1,2,log2,0.9089285714285715,0.9111369773642594,0.8702380952380953,0.8710196775099358,0.012026377108493025,0.011323945815766252,0.024768118006463863,0.02609711109195691
363,3,gini,best,1,2,0.25,0.9089285714285715,0.9111369773642594,0.8702380952380953,0.8710196775099358,0.012026377108493025,0.011323945815766252,0.024768118006463863,0.02609711109195691
364,3,gini,best,1,2,0.5,0.9089285714285715,0.9111369773642594,0.8702380952380953,0.8710196775099358,0.012026377108493025,0.011323945815766252,0.024768118006463863,0.02609711109195691
365,3,gini,best,1,5,None,0.9139880952380951,0.9172431938908805,0.8892857142857143,0.8925879678700125,0.009002668727532241,0.010506830284170005,0.030334625502438272,0.032530961822229414
366,3,gini,best,1,5,sqrt,0.9089285714285715,0.9111369773642594,0.8702380952380953,0.8710196775099358,0.012026377108493025,0.011323945815766252,0.024768118006463863,0.02609711109195691
367,3,gini,best,1,5,log2,0.9089285714285715,0.9111369773642594,0.8702380952380953,0.8710196775099358,0.012026377108493025,0.011323945815766252,0.024768118006463863,0.02609711109195691
368,3,gini,best,1,5,0.25,0.9089285714285715,0.9111369773642594,0.8702380952380953,0.8710196775099358,0.012026377108493025,0.011323945815766252,0.024768118006463863,0.02609711109195691
369,3,gini,best,1,5,0.5,0.9089285714285715,0.9111369773642594,0.8702380952380953,0.8710196775099358,0.012026377108493025,0.011323945815766252,0.024768118006463863,0.02609711109195691
370,3,gini,best,1,10,None,0.9139880952380951,0.9172431938908805,0.8892857142857143,0.8925879678700125,0.009002668727532241,0.010506830284170005,0.030334625502438272,0.032530961822229414
371,3,gini,best,1,10,sqrt,0.9086309523809526,0.9108769577445971,0.8702380952380953,0.8710196775099358,0.011673996378618913,0.010940732008236313,0.024768118006463863,0.02609711109195691
372,3,gini,best,1,10,log2,0.9086309523809526,0.9108769577445971,0.8702380952380953,0.8710196775099358,0.011673996378618913,0.010940732008236313,0.024768118006463863,0.02609711109195691
373,3,gini,best,1,10,0.25,0.9086309523809526,0.9108769577445971,0.8702380952380953,0.8710196775099358,0.011673996378618913,0.010940732008236313,0.024768118006463863,0.02609711109195691
374,3,gini,best,1,10,0.5,0.9086309523809526,0.9108769577445971,0.8702380952380953,0.8710196775099358,0.011673996378618913,0.010940732008236313,0.024768118006463863,0.02609711109195691
375,3,gini,best,3,2,None,0.9139880952380951,0.9172431938908805,0.8892857142857143,0.8925879678700125,0.009002668727532241,0.010506830284170005,0.030334625502438272,0.032530961822229414
376,3,gini,best,3,2,sqrt,0.905952380952381,0.9084512809870744,0.8690476190476191,0.8700320231889481,0.011377570086314513,0.011200184797754788,0.02755416963608785,0.028541955321464356
377,3,gini,best,3,2,log2,0.905952380952381,0.9084512809870744,0.8690476190476191,0.8700320231889481,0.011377570086314513,0.011200184797754788,0.02755416963608785,0.028541955321464356
378,3,gini,best,3,2,0.25,0.905952380952381,0.9084512809870744,0.8690476190476191,0.8700320231889481,0.011377570086314513,0.011200184797754788,0.02755416963608785,0.028541955321464356
379,3,gini,best,3,2,0.5,0.905952380952381,0.9084512809870744,0.8690476190476191,0.8700320231889481,0.011377570086314513,0.011200184797754788,0.02755416963608785,0.028541955321464356
380,3,gini,best,3,5,None,0.9139880952380951,0.9172431938908805,0.8892857142857143,0.8925879678700125,0.009002668727532241,0.010506830284170005,0.030334625502438272,0.032530961822229414
381,3,gini,best,3,5,sqrt,0.905952380952381,0.9084512809870744,0.8690476190476191,0.8700320231889481,0.011377570086314513,0.011200184797754788,0.02755416963608785,0.028541955321464356
382,3,gini,best,3,5,log2,0.905952380952381,0.9084512809870744,0.8690476190476191,0.8700320231889481,0.011377570086314513,0.011200184797754788,0.02755416963608785,0.028541955321464356
383,3,gini,best,3,5,0.25,0.905952380952381,0.9084512809870744,0.8690476190476191,0.8700320231889481,0.011377570086314513,0.011200184797754788,0.02755416963608785,0.028541955321464356
384,3,gini,best,3,5,0.5,0.905952380952381,0.9084512809870744,0.8690476190476191,0.8700320231889481,0.011377570086314513,0.011200184797754788,0.02755416963608785,0.028541955321464356
385,3,gini,best,3,10,None,0.9139880952380951,0.9172431938908805,0.8892857142857143,0.8925879678700125,0.009002668727532241,0.010506830284170005,0.030334625502438272,0.032530961822229414
386,3,gini,best,3,10,sqrt,0.905952380952381,0.9084512809870744,0.8690476190476191,0.8700320231889481,0.011377570086314513,0.011200184797754788,0.02755416963608785,0.028541955321464356
387,3,gini,best,3,10,log2,0.905952380952381,0.9084512809870744,0.8690476190476191,0.8700320231889481,0.011377570086314513,0.011200184797754788,0.02755416963608785,0.028541955321464356
388,3,gini,best,3,10,0.25,0.905952380952381,0.9084512809870744,0.8690476190476191,0.8700320231889481,0.011377570086314513,0.011200184797754788,0.02755416963608785,0.028541955321464356
389,3,gini,best,3,10,0.5,0.905952380952381,0.9084512809870744,0.8690476190476191,0.8700320231889481,0.011377570086314513,0.011200184797754788,0.02755416963608785,0.028541955321464356
390,3,gini,best,5,2,None,0.9116071428571427,0.9148101396072079,0.8892857142857143,0.8925879678700125,0.011344155711407717,0.013747990055472802,0.030334625502438272,0.032530961822229414
391,3,gini,best,5,2,sqrt,0.9038690476190475,0.9063354719287798,0.8702380952380953,0.8710137481958303,0.011302248823762765,0.011446211400607191,0.02383077283098601,0.025157517975708907
392,3,gini,best,5,2,log2,0.9038690476190475,0.9063354719287798,0.8702380952380953,0.8710137481958303,0.011302248823762765,0.011446211400607191,0.02383077283098601,0.025157517975708907
393,3,gini,best,5,2,0.25,0.9038690476190475,0.9063354719287798,0.8702380952380953,0.8710137481958303,0.011302248823762765,0.011446211400607191,0.02383077283098601,0.025157517975708907
394,3,gini,best,5,2,0.5,0.9038690476190475,0.9063354719287798,0.8702380952380953,0.8710137481958303,0.011302248823762765,0.011446211400607191,0.02383077283098601,0.025157517975708907
395,3,gini,best,5,5,None,0.9116071428571427,0.9148101396072079,0.8892857142857143,0.8925879678700125,0.011344155711407717,0.013747990055472802,0.030334625502438272,0.032530961822229414
396,3,gini,best,5,5,sqrt,0.9038690476190475,0.9063354719287798,0.8702380952380953,0.8710137481958303,0.011302248823762765,0.011446211400607191,0.02383077283098601,0.025157517975708907
397,3,gini,best,5,5,log2,0.9038690476190475,0.9063354719287798,0.8702380952380953,0.8710137481958303,0.011302248823762765,0.011446211400607191,0.02383077283098601,0.025157517975708907
398,3,gini,best,5,5,0.25,0.9038690476190475,0.9063354719287798,0.8702380952380953,0.8710137481958303,0.011302248823762765,0.011446211400607191,0.02383077283098601,0.025157517975708907
399,3,gini,best,5,5,0.5,0.9038690476190475,0.9063354719287798,0.8702380952380953,0.8710137481958303,0.011302248823762765,0.011446211400607191,0.02383077283098601,0.025157517975708907
400,3,gini,best,5,10,None,0.9116071428571427,0.9148101396072079,0.8892857142857143,0.8925879678700125,0.011344155711407717,0.013747990055472802,0.030334625502438272,0.032530961822229414
401,3,gini,best,5,10,sqrt,0.9038690476190475,0.9063354719287798,0.8702380952380953,0.8710137481958303,0.011302248823762765,0.011446211400607191,0.02383077283098601,0.025157517975708907
402,3,gini,best,5,10,log2,0.9038690476190475,0.9063354719287798,0.8702380952380953,0.8710137481958303,0.011302248823762765,0.011446211400607191,0.02383077283098601,0.025157517975708907
403,3,gini,best,5,10,0.25,0.9038690476190475,0.9063354719287798,0.8702380952380953,0.8710137481958303,0.011302248823762765,0.011446211400607191,0.02383077283098601,0.025157517975708907
404,3,gini,best,5,10,0.5,0.9038690476190475,0.9063354719287798,0.8702380952380953,0.8710137481958303,0.011302248823762765,0.011446211400607191,0.02383077283098601,0.025157517975708907
405,3,gini,best,10,2,None,0.9002976190476192,0.9030373503118034,0.8773809523809525,0.878377652048944,0.012701844597185074,0.013584642088229446,0.028528879882785033,0.0346060077957734
406,3,gini,best,10,2,sqrt,0.899702380952381,0.901358236193697,0.8571428571428571,0.8555787471506812,0.01215198236556581,0.012434168475764026,0.04105478811079358,0.0443813414295518
407,3,gini,best,10,2,log2,0.899702380952381,0.901358236193697,0.8571428571428571,0.8555787471506812,0.01215198236556581,0.012434168475764026,0.04105478811079358,0.0443813414295518
408,3,gini,best,10,2,0.25,0.899702380952381,0.901358236193697,0.8571428571428571,0.8555787471506812,0.01215198236556581,0.012434168475764026,0.04105478811079358,0.0443813414295518
409,3,gini,best,10,2,0.5,0.899702380952381,0.901358236193697,0.8571428571428571,0.8555787471506812,0.01215198236556581,0.012434168475764026,0.04105478811079358,0.0443813414295518
410,3,gini,best,10,5,None,0.9002976190476192,0.9030373503118034,0.8773809523809525,0.878377652048944,0.012701844597185074,0.013584642088229446,0.028528879882785033,0.0346060077957734
411,3,gini,best,10,5,sqrt,0.899702380952381,0.901358236193697,0.8571428571428571,0.8555787471506812,0.01215198236556581,0.012434168475764026,0.04105478811079358,0.0443813414295518
412,3,gini,best,10,5,log2,0.899702380952381,0.901358236193697,0.8571428571428571,0.8555787471506812,0.01215198236556581,0.012434168475764026,0.04105478811079358,0.0443813414295518
413,3,gini,best,10,5,0.25,0.899702380952381,0.901358236193697,0.8571428571428571,0.8555787471506812,0.01215198236556581,0.012434168475764026,0.04105478811079358,0.0443813414295518
414,3,gini,best,10,5,0.5,0.899702380952381,0.901358236193697,0.8571428571428571,0.8555787471506812,0.01215198236556581,0.012434168475764026,0.04105478811079358,0.0443813414295518
415,3,gini,best,10,10,None,0.9002976190476192,0.9030373503118034,0.8773809523809525,0.878377652048944,0.012701844597185074,0.013584642088229446,0.028528879882785033,0.0346060077957734
416,3,gini,best,10,10,sqrt,0.899702380952381,0.901358236193697,0.8571428571428571,0.8555787471506812,0.01215198236556581,0.012434168475764026,0.04105478811079358,0.0443813414295518
417,3,gini,best,10,10,log2,0.899702380952381,0.901358236193697,0.8571428571428571,0.8555787471506812,0.01215198236556581,0.012434168475764026,0.04105478811079358,0.0443813414295518
418,3,gini,best,10,10,0.25,0.899702380952381,0.901358236193697,0.8571428571428571,0.8555787471506812,0.01215198236556581,0.012434168475764026,0.04105478811079358,0.0443813414295518
419,3,gini,best,10,10,0.5,0.899702380952381,0.901358236193697,0.8571428571428571,0.8555787471506812,0.01215198236556581,0.012434168475764026,0.04105478811079358,0.0443813414295518
420,3,gini,random,1,2,None,0.7928571428571428,0.7858169618995215,0.769047619047619,0.7618781321669913,0.011293848786315648,0.04055049122327168,0.03904533758060347,0.0556555748699881
421,3,gini,random,1,2,sqrt,0.7779761904761904,0.7218355475262256,0.780952380952381,0.7218668381061945,0.015041649336812192,0.024035881157017137,0.04794742220812582,0.07587397744282284
422,3,gini,random,1,2,log2,0.7779761904761904,0.7218355475262256,0.780952380952381,0.7218668381061945,0.015041649336812192,0.024035881157017137,0.04794742220812582,0.07587397744282284
423,3,gini,random,1,2,0.25,0.7779761904761904,0.7218355475262256,0.780952380952381,0.7218668381061945,0.015041649336812192,0.024035881157017137,0.04794742220812582,0.07587397744282284
424,3,gini,random,1,2,0.5,0.7779761904761904,0.7218355475262256,0.780952380952381,0.7218668381061945,0.015041649336812192,0.024035881157017137,0.04794742220812582,0.07587397744282284
425,3,gini,random,1,5,None,0.7928571428571428,0.7858169618995215,0.769047619047619,0.7618781321669913,0.011293848786315648,0.04055049122327168,0.03904533758060347,0.0556555748699881
426,3,gini,random,1,5,sqrt,0.7779761904761904,0.7218355475262256,0.780952380952381,0.7218668381061945,0.015041649336812192,0.024035881157017137,0.04794742220812582,0.07587397744282284
427,3,gini,random,1,5,log2,0.7779761904761904,0.7218355475262256,0.780952380952381,0.7218668381061945,0.015041649336812192,0.024035881157017137,0.04794742220812582,0.07587397744282284
428,3,gini,random,1,5,0.25,0.7779761904761904,0.7218355475262256,0.780952380952381,0.7218668381061945,0.015041649336812192,0.024035881157017137,0.04794742220812582,0.07587397744282284
429,3,gini,random,1,5,0.5,0.7779761904761904,0.7218355475262256,0.780952380952381,0.7218668381061945,0.015041649336812192,0.024035881157017137,0.04794742220812582,0.07587397744282284
430,3,gini,random,1,10,None,0.7928571428571428,0.7858169618995215,0.769047619047619,0.7618781321669913,0.011293848786315648,0.04055049122327168,0.03904533758060347,0.0556555748699881
431,3,gini,random,1,10,sqrt,0.7779761904761904,0.7218355475262256,0.780952380952381,0.7218668381061945,0.015041649336812192,0.024035881157017137,0.04794742220812582,0.07587397744282284
432,3,gini,random,1,10,log2,0.7779761904761904,0.7218355475262256,0.780952380952381,0.7218668381061945,0.015041649336812192,0.024035881157017137,0.04794742220812582,0.07587397744282284
433,3,gini,random,1,10,0.25,0.7779761904761904,0.7218355475262256,0.780952380952381,0.7218668381061945,0.015041649336812192,0.024035881157017137,0.04794742220812582,0.07587397744282284
434,3,gini,random,1,10,0.5,0.7779761904761904,0.7218355475262256,0.780952380952381,0.7218668381061945,0.015041649336812192,0.024035881157017137,0.04794742220812582,0.07587397744282284
435,3,gini,random,3,2,None,0.7910714285714285,0.7847918251127002,0.7714285714285715,0.7647677085124436,0.010291399364257308,0.03935102435694491,0.03584160977486424,0.05637199835382734
436,3,gini,random,3,2,sqrt,0.7779761904761904,0.7218355475262256,0.780952380952381,0.7218668381061945,0.015041649336812192,0.024035881157017137,0.04794742220812582,0.07587397744282284
437,3,gini,random,3,2,log2,0.7779761904761904,0.7218355475262256,0.780952380952381,0.7218668381061945,0.015041649336812192,0.024035881157017137,0.04794742220812582,0.07587397744282284
438,3,gini,random,3,2,0.25,0.7779761904761904,0.7218355475262256,0.780952380952381,0.7218668381061945,0.015041649336812192,0.024035881157017137,0.04794742220812582,0.07587397744282284
439,3,gini,random,3,2,0.5,0.7779761904761904,0.7218355475262256,0.780952380952381,0.7218668381061945,0.015041649336812192,0.024035881157017137,0.04794742220812582,0.07587397744282284
440,3,gini,random,3,5,None,0.7910714285714285,0.7847918251127002,0.7714285714285715,0.7647677085124436,0.010291399364257308,0.03935102435694491,0.03584160977486424,0.05637199835382734
441,3,gini,random,3,5,sqrt,0.7779761904761904,0.7218355475262256,0.780952380952381,0.7218668381061945,0.015041649336812192,0.024035881157017137,0.04794742220812582,0.07587397744282284
442,3,gini,random,3,5,log2,0.7779761904761904,0.7218355475262256,0.780952380952381,0.7218668381061945,0.015041649336812192,0.024035881157017137,0.04794742220812582,0.07587397744282284
443,3,gini,random,3,5,0.25,0.7779761904761904,0.7218355475262256,0.780952380952381,0.7218668381061945,0.015041649336812192,0.024035881157017137,0.04794742220812582,0.07587397744282284
444,3,gini,random,3,5,0.5,0.7779761904761904,0.7218355475262256,0.780952380952381,0.7218668381061945,0.015041649336812192,0.024035881157017137,0.04794742220812582,0.07587397744282284
445,3,gini,random,3,10,None,0.7910714285714285,0.7847918251127002,0.7714285714285715,0.7647677085124436,0.010291399364257308,0.03935102435694491,0.03584160977486424,0.05637199835382734
446,3,gini,random,3,10,sqrt,0.7779761904761904,0.7218355475262256,0.780952380952381,0.7218668381061945,0.015041649336812192,0.024035881157017137,0.04794742220812582,0.07587397744282284
447,3,gini,random,3,10,log2,0.7779761904761904,0.7218355475262256,0.780952380952381,0.7218668381061945,0.015041649336812192,0.024035881157017137,0.04794742220812582,0.07587397744282284
448,3,gini,random,3,10,0.25,0.7779761904761904,0.7218355475262256,0.780952380952381,0.7218668381061945,0.015041649336812192,0.024035881157017137,0.04794742220812582,0.07587397744282284
449,3,gini,random,3,10,0.5,0.7779761904761904,0.7218355475262256,0.780952380952381,0.7218668381061945,0.015041649336812192,0.024035881157017137,0.04794742220812582,0.07587397744282284
450,3,gini,random,5,2,None,0.7907738095238095,0.7847126613696944,0.7726190476190475,0.7664547833423755,0.010653883025356472,0.03944121290201886,0.03601067491012898,0.055783275265717476
451,3,gini,random,5,2,sqrt,0.7779761904761904,0.7218355475262256,0.780952380952381,0.7218668381061945,0.015041649336812192,0.024035881157017137,0.04794742220812582,0.07587397744282284
452,3,gini,random,5,2,log2,0.7779761904761904,0.7218355475262256,0.780952380952381,0.7218668381061945,0.015041649336812192,0.024035881157017137,0.04794742220812582,0.07587397744282284
453,3,gini,random,5,2,0.25,0.7779761904761904,0.7218355475262256,0.780952380952381,0.7218668381061945,0.015041649336812192,0.024035881157017137,0.04794742220812582,0.07587397744282284
454,3,gini,random,5,2,0.5,0.7779761904761904,0.7218355475262256,0.780952380952381,0.7218668381061945,0.015041649336812192,0.024035881157017137,0.04794742220812582,0.07587397744282284
455,3,gini,random,5,5,None,0.7907738095238095,0.7847126613696944,0.7726190476190475,0.7664547833423755,0.010653883025356472,0.03944121290201886,0.03601067491012898,0.055783275265717476
456,3,gini,random,5,5,sqrt,0.7779761904761904,0.7218355475262256,0.780952380952381,0.7218668381061945,0.015041649336812192,0.024035881157017137,0.04794742220812582,0.07587397744282284
457,3,gini,random,5,5,log2,0.7779761904761904,0.7218355475262256,0.780952380952381,0.7218668381061945,0.015041649336812192,0.024035881157017137,0.04794742220812582,0.07587397744282284
458,3,gini,random,5,5,0.25,0.7779761904761904,0.7218355475262256,0.780952380952381,0.7218668381061945,0.015041649336812192,0.024035881157017137,0.04794742220812582,0.07587397744282284
459,3,gini,random,5,5,0.5,0.7779761904761904,0.7218355475262256,0.780952380952381,0.7218668381061945,0.015041649336812192,0.024035881157017137,0.04794742220812582,0.07587397744282284
460,3,gini,random,5,10,None,0.7907738095238095,0.7847126613696944,0.7726190476190475,0.7664547833423755,0.010653883025356472,0.03944121290201886,0.03601067491012898,0.055783275265717476
461,3,gini,random,5,10,sqrt,0.7779761904761904,0.7218355475262256,0.780952380952381,0.7218668381061945,0.015041649336812192,0.024035881157017137,0.04794742220812582,0.07587397744282284
462,3,gini,random,5,10,log2,0.7779761904761904,0.7218355475262256,0.780952380952381,0.7218668381061945,0.015041649336812192,0.024035881157017137,0.04794742220812582,0.07587397744282284
463,3,gini,random,5,10,0.25,0.7779761904761904,0.7218355475262256,0.780952380952381,0.7218668381061945,0.015041649336812192,0.024035881157017137,0.04794742220812582,0.07587397744282284
464,3,gini,random,5,10,0.5,0.7779761904761904,0.7218355475262256,0.780952380952381,0.7218668381061945,0.015041649336812192,0.024035881157017137,0.04794742220812582,0.07587397744282284
465,3,gini,random,10,2,None,0.7898809523809524,0.7844305768708717,0.7678571428571428,0.7639534921721528,0.009761334395150867,0.03904176417933395,0.033746827947252415,0.052751548784964596
466,3,gini,random,10,2,sqrt,0.7779761904761904,0.7218355475262256,0.780952380952381,0.7218668381061945,0.015041649336812192,0.024035881157017137,0.04794742220812582,0.07587397744282284
467,3,gini,random,10,2,log2,0.7779761904761904,0.7218355475262256,0.780952380952381,0.7218668381061945,0.015041649336812192,0.024035881157017137,0.04794742220812582,0.07587397744282284
468,3,gini,random,10,2,0.25,0.7779761904761904,0.7218355475262256,0.780952380952381,0.7218668381061945,0.015041649336812192,0.024035881157017137,0.04794742220812582,0.07587397744282284
469,3,gini,random,10,2,0.5,0.7779761904761904,0.7218355475262256,0.780952380952381,0.7218668381061945,0.015041649336812192,0.024035881157017137,0.04794742220812582,0.07587397744282284
470,3,gini,random,10,5,None,0.7898809523809524,0.7844305768708717,0.7678571428571428,0.7639534921721528,0.009761334395150867,0.03904176417933395,0.033746827947252415,0.052751548784964596
471,3,gini,random,10,5,sqrt,0.7779761904761904,0.7218355475262256,0.780952380952381,0.7218668381061945,0.015041649336812192,0.024035881157017137,0.04794742220812582,0.07587397744282284
472,3,gini,random,10,5,log2,0.7779761904761904,0.7218355475262256,0.780952380952381,0.7218668381061945,0.015041649336812192,0.024035881157017137,0.04794742220812582,0.07587397744282284
473,3,gini,random,10,5,0.25,0.7779761904761904,0.7218355475262256,0.780952380952381,0.7218668381061945,0.015041649336812192,0.024035881157017137,0.04794742220812582,0.07587397744282284
474,3,gini,random,10,5,0.5,0.7779761904761904,0.7218355475262256,0.780952380952381,0.7218668381061945,0.015041649336812192,0.024035881157017137,0.04794742220812582,0.07587397744282284
475,3,gini,random,10,10,None,0.7898809523809524,0.7844305768708717,0.7678571428571428,0.7639534921721528,0.009761334395150867,0.03904176417933395,0.033746827947252415,0.052751548784964596
476,3,gini,random,10,10,sqrt,0.7779761904761904,0.7218355475262256,0.780952380952381,0.7218668381061945,0.015041649336812192,0.024035881157017137,0.04794742220812582,0.07587397744282284
477,3,gini,random,10,10,log2,0.7779761904761904,0.7218355475262256,0.780952380952381,0.7218668381061945,0.015041649336812192,0.024035881157017137,0.04794742220812582,0.07587397744282284
478,3,gini,random,10,10,0.25,0.7779761904761904,0.7218355475262256,0.780952380952381,0.7218668381061945,0.015041649336812192,0.024035881157017137,0.04794742220812582,0.07587397744282284
479,3,gini,random,10,10,0.5,0.7779761904761904,0.7218355475262256,0.780952380952381,0.7218668381061945,0.015041649336812192,0.024035881157017137,0.04794742220812582,0.07587397744282284
480,3,entropy,best,1,2,None,0.9122023809523808,0.9121461276912604,0.8892857142857143,0.889118780262274,0.009495200439679967,0.013173004465191325,0.03320248857862031,0.036906294856279845
481,3,entropy,best,1,2,sqrt,0.9068452380952382,0.9060274211224477,0.8607142857142858,0.8550968060492513,0.012034265844735546,0.014831452175304186,0.03829930462415576,0.04699752214796712
482,3,entropy,best,1,2,log2,0.9068452380952382,0.9060274211224477,0.8607142857142858,0.8550968060492513,0.012034265844735546,0.014831452175304186,0.03829930462415576,0.04699752214796712
483,3,entropy,best,1,2,0.25,0.9068452380952382,0.9060274211224477,0.8607142857142858,0.8550968060492513,0.012034265844735546,0.014831452175304186,0.03829930462415576,0.04699752214796712
484,3,entropy,best,1,2,0.5,0.9068452380952382,0.9060274211224477,0.8607142857142858,0.8550968060492513,0.012034265844735546,0.014831452175304186,0.03829930462415576,0.04699752214796712
485,3,entropy,best,1,5,None,0.9122023809523808,0.9121461276912604,0.8892857142857143,0.889118780262274,0.009495200439679967,0.013173004465191325,0.03320248857862031,0.036906294856279845
486,3,entropy,best,1,5,sqrt,0.9068452380952382,0.9060274211224477,0.8607142857142858,0.8550968060492513,0.012034265844735546,0.014831452175304186,0.03829930462415576,0.04699752214796712
487,3,entropy,best,1,5,log2,0.9068452380952382,0.9060274211224477,0.8607142857142858,0.8550968060492513,0.012034265844735546,0.014831452175304186,0.03829930462415576,0.04699752214796712
488,3,entropy,best,1,5,0.25,0.9068452380952382,0.9060274211224477,0.8607142857142858,0.8550968060492513,0.012034265844735546,0.014831452175304186,0.03829930462415576,0.04699752214796712
489,3,entropy,best,1,5,0.5,0.9068452380952382,0.9060274211224477,0.8607142857142858,0.8550968060492513,0.012034265844735546,0.014831452175304186,0.03829930462415576,0.04699752214796712
490,3,entropy,best,1,10,None,0.9122023809523808,0.9121461276912604,0.8892857142857143,0.889118780262274,0.009495200439679967,0.013173004465191325,0.03320248857862031,0.036906294856279845
491,3,entropy,best,1,10,sqrt,0.9062500000000001,0.9054740809225209,0.8607142857142858,0.8550968060492513,0.011567829813276165,0.014569696472659772,0.03829930462415576,0.04699752214796712
492,3,entropy,best,1,10,log2,0.9062500000000001,0.9054740809225209,0.8607142857142858,0.8550968060492513,0.011567829813276165,0.014569696472659772,0.03829930462415576,0.04699752214796712
493,3,entropy,best,1,10,0.25,0.9062500000000001,0.9054740809225209,0.8607142857142858,0.8550968060492513,0.011567829813276165,0.014569696472659772,0.03829930462415576,0.04699752214796712
494,3,entropy,best,1,10,0.5,0.9062500000000001,0.9054740809225209,0.8607142857142858,0.8550968060492513,0.011567829813276165,0.014569696472659772,0.03829930462415576,0.04699752214796712
495,3,entropy,best,3,2,None,0.9113095238095236,0.9111490040803556,0.886904761904762,0.886992251819956,0.009819495790032023,0.014014584725983695,0.03283458261276842,0.0365909349384582
496,3,entropy,best,3,2,sqrt,0.905654761904762,0.9049256413052119,0.8607142857142858,0.8550968060492513,0.01104746968729669,0.014211843692591023,0.03829930462415576,0.04699752214796712
497,3,entropy,best,3,2,log2,0.905654761904762,0.9049256413052119,0.8607142857142858,0.8550968060492513,0.01104746968729669,0.014211843692591023,0.03829930462415576,0.04699752214796712
498,3,entropy,best,3,2,0.25,0.905654761904762,0.9049256413052119,0.8607142857142858,0.8550968060492513,0.01104746968729669,0.014211843692591023,0.03829930462415576,0.04699752214796712
499,3,entropy,best,3,2,0.5,0.905654761904762,0.9049256413052119,0.8607142857142858,0.8550968060492513,0.01104746968729669,0.014211843692591023,0.03829930462415576,0.04699752214796712
500,3,entropy,best,3,5,None,0.9113095238095236,0.9111490040803556,0.886904761904762,0.886992251819956,0.009819495790032023,0.014014584725983695,0.03283458261276842,0.0365909349384582
501,3,entropy,best,3,5,sqrt,0.905654761904762,0.9049256413052119,0.8607142857142858,0.8550968060492513,0.01104746968729669,0.014211843692591023,0.03829930462415576,0.04699752214796712
502,3,entropy,best,3,5,log2,0.905654761904762,0.9049256413052119,0.8607142857142858,0.8550968060492513,0.01104746968729669,0.014211843692591023,0.03829930462415576,0.04699752214796712
503,3,entropy,best,3,5,0.25,0.905654761904762,0.9049256413052119,0.8607142857142858,0.8550968060492513,0.01104746968729669,0.014211843692591023,0.03829930462415576,0.04699752214796712
504,3,entropy,best,3,5,0.5,0.905654761904762,0.9049256413052119,0.8607142857142858,0.8550968060492513,0.01104746968729669,0.014211843692591023,0.03829930462415576,0.04699752214796712
505,3,entropy,best,3,10,None,0.9113095238095236,0.9111490040803556,0.886904761904762,0.886992251819956,0.009819495790032023,0.014014584725983695,0.03283458261276842,0.0365909349384582
506,3,entropy,best,3,10,sqrt,0.905654761904762,0.9049256413052119,0.8607142857142858,0.8550968060492513,0.01104746968729669,0.014211843692591023,0.03829930462415576,0.04699752214796712
507,3,entropy,best,3,10,log2,0.905654761904762,0.9049256413052119,0.8607142857142858,0.8550968060492513,0.01104746968729669,0.014211843692591023,0.03829930462415576,0.04699752214796712
508,3,entropy,best,3,10,0.25,0.905654761904762,0.9049256413052119,0.8607142857142858,0.8550968060492513,0.01104746968729669,0.014211843692591023,0.03829930462415576,0.04699752214796712
509,3,entropy,best,3,10,0.5,0.905654761904762,0.9049256413052119,0.8607142857142858,0.8550968060492513,0.01104746968729669,0.014211843692591023,0.03829930462415576,0.04699752214796712
510,3,entropy,best,5,2,None,0.907440476190476,0.9072843741459544,0.880952380952381,0.88105004587775,0.012105033127444159,0.016781644740625854,0.0348535740338762,0.039539463263566464
511,3,entropy,best,5,2,sqrt,0.9041666666666668,0.903640005009373,0.8595238095238095,0.8540193649718102,0.01238405900323191,0.014666641669597101,0.03749797532597106,0.04634825820135668
512,3,entropy,best,5,2,log2,0.9041666666666668,0.903640005009373,0.8595238095238095,0.8540193649718102,0.01238405900323191,0.014666641669597101,0.03749797532597106,0.04634825820135668
513,3,entropy,best,5,2,0.25,0.9041666666666668,0.903640005009373,0.8595238095238095,0.8540193649718102,0.01238405900323191,0.014666641669597101,0.03749797532597106,0.04634825820135668
514,3,entropy,best,5,2,0.5,0.9041666666666668,0.903640005009373,0.8595238095238095,0.8540193649718102,0.01238405900323191,0.014666641669597101,0.03749797532597106,0.04634825820135668
515,3,entropy,best,5,5,None,0.907440476190476,0.9072843741459544,0.880952380952381,0.88105004587775,0.012105033127444159,0.016781644740625854,0.0348535740338762,0.039539463263566464
516,3,entropy,best,5,5,sqrt,0.9041666666666668,0.903640005009373,0.8595238095238095,0.8540193649718102,0.01238405900323191,0.014666641669597101,0.03749797532597106,0.04634825820135668
517,3,entropy,best,5,5,log2,0.9041666666666668,0.903640005009373,0.8595238095238095,0.8540193649718102,0.01238405900323191,0.014666641669597101,0.03749797532597106,0.04634825820135668
518,3,entropy,best,5,5,0.25,0.9041666666666668,0.903640005009373,0.8595238095238095,0.8540193649718102,0.01238405900323191,0.014666641669597101,0.03749797532597106,0.04634825820135668
519,3,entropy,best,5,5,0.5,0.9041666666666668,0.903640005009373,0.8595238095238095,0.8540193649718102,0.01238405900323191,0.014666641669597101,0.03749797532597106,0.04634825820135668
520,3,entropy,best,5,10,None,0.907440476190476,0.9072843741459544,0.880952380952381,0.88105004587775,0.012105033127444159,0.016781644740625854,0.0348535740338762,0.039539463263566464
521,3,entropy,best,5,10,sqrt,0.9041666666666668,0.903640005009373,0.8595238095238095,0.8540193649718102,0.01238405900323191,0.014666641669597101,0.03749797532597106,0.04634825820135668
522,3,entropy,best,5,10,log2,0.9041666666666668,0.903640005009373,0.8595238095238095,0.8540193649718102,0.01238405900323191,0.014666641669597101,0.03749797532597106,0.04634825820135668
523,3,entropy,best,5,10,0.25,0.9041666666666668,0.903640005009373,0.8595238095238095,0.8540193649718102,0.01238405900323191,0.014666641669597101,0.03749797532597106,0.04634825820135668
524,3,entropy,best,5,10,0.5,0.9041666666666668,0.903640005009373,0.8595238095238095,0.8540193649718102,0.01238405900323191,0.014666641669597101,0.03749797532597106,0.04634825820135668
525,3,entropy,best,10,2,None,0.8976190476190478,0.8972645509210274,0.8726190476190477,0.8721646924444697,0.011377570086314523,0.013582659564792187,0.03432678945440198,0.0380984787922064
526,3,entropy,best,10,2,sqrt,0.9020833333333335,0.9009090019862762,0.8535714285714284,0.8466729122450947,0.0143638911104494,0.01587553065566307,0.0388894673472643,0.04699318046735571
527,3,entropy,best,10,2,log2,0.9020833333333335,0.9009090019862762,0.8535714285714284,0.8466729122450947,0.0143638911104494,0.01587553065566307,0.0388894673472643,0.04699318046735571
528,3,entropy,best,10,2,0.25,0.9020833333333335,0.9009090019862762,0.8535714285714284,0.8466729122450947,0.0143638911104494,0.01587553065566307,0.0388894673472643,0.04699318046735571
529,3,entropy,best,10,2,0.5,0.9020833333333335,0.9009090019862762,0.8535714285714284,0.8466729122450947,0.0143638911104494,0.01587553065566307,0.0388894673472643,0.04699318046735571
530,3,entropy,best,10,5,None,0.8976190476190478,0.8972645509210274,0.8726190476190477,0.8721646924444697,0.011377570086314523,0.013582659564792187,0.03432678945440198,0.0380984787922064
531,3,entropy,best,10,5,sqrt,0.9020833333333335,0.9009090019862762,0.8535714285714284,0.8466729122450947,0.0143638911104494,0.01587553065566307,0.0388894673472643,0.04699318046735571
532,3,entropy,best,10,5,log2,0.9020833333333335,0.9009090019862762,0.8535714285714284,0.8466729122450947,0.0143638911104494,0.01587553065566307,0.0388894673472643,0.04699318046735571
533,3,entropy,best,10,5,0.25,0.9020833333333335,0.9009090019862762,0.8535714285714284,0.8466729122450947,0.0143638911104494,0.01587553065566307,0.0388894673472643,0.04699318046735571
534,3,entropy,best,10,5,0.5,0.9020833333333335,0.9009090019862762,0.8535714285714284,0.8466729122450947,0.0143638911104494,0.01587553065566307,0.0388894673472643,0.04699318046735571
535,3,entropy,best,10,10,None,0.8976190476190478,0.8972645509210274,0.8726190476190477,0.8721646924444697,0.011377570086314523,0.013582659564792187,0.03432678945440198,0.0380984787922064
536,3,entropy,best,10,10,sqrt,0.9020833333333335,0.9009090019862762,0.8535714285714284,0.8466729122450947,0.0143638911104494,0.01587553065566307,0.0388894673472643,0.04699318046735571
537,3,entropy,best,10,10,log2,0.9020833333333335,0.9009090019862762,0.8535714285714284,0.8466729122450947,0.0143638911104494,0.01587553065566307,0.0388894673472643,0.04699318046735571
538,3,entropy,best,10,10,0.25,0.9020833333333335,0.9009090019862762,0.8535714285714284,0.8466729122450947,0.0143638911104494,0.01587553065566307,0.0388894673472643,0.04699318046735571
539,3,entropy,best,10,10,0.5,0.9020833333333335,0.9009090019862762,0.8535714285714284,0.8466729122450947,0.0143638911104494,0.01587553065566307,0.0388894673472643,0.04699318046735571
540,3,entropy,random,1,2,None,0.7910714285714285,0.8061968244968941,0.788095238095238,0.8017991106343132,0.011090339346573552,0.03488282196382361,0.04042113101890426,0.053117399015118076
541,3,entropy,random,1,2,sqrt,0.7779761904761904,0.7218355475262256,0.780952380952381,0.7218668381061945,0.015041649336812192,0.024035881157017137,0.04794742220812582,0.07587397744282284
542,3,entropy,random,1,2,log2,0.7779761904761904,0.7218355475262256,0.780952380952381,0.7218668381061945,0.015041649336812192,0.024035881157017137,0.04794742220812582,0.07587397744282284
543,3,entropy,random,1,2,0.25,0.7779761904761904,0.7218355475262256,0.780952380952381,0.7218668381061945,0.015041649336812192,0.024035881157017137,0.04794742220812582,0.07587397744282284
544,3,entropy,random,1,2,0.5,0.7779761904761904,0.7218355475262256,0.780952380952381,0.7218668381061945,0.015041649336812192,0.024035881157017137,0.04794742220812582,0.07587397744282284
545,3,entropy,random,1,5,None,0.7910714285714285,0.8061968244968941,0.788095238095238,0.8017991106343132,0.011090339346573552,0.03488282196382361,0.04042113101890426,0.053117399015118076
546,3,entropy,random,1,5,sqrt,0.7779761904761904,0.7218355475262256,0.780952380952381,0.7218668381061945,0.015041649336812192,0.024035881157017137,0.04794742220812582,0.07587397744282284
547,3,entropy,random,1,5,log2,0.7779761904761904,0.7218355475262256,0.780952380952381,0.7218668381061945,0.015041649336812192,0.024035881157017137,0.04794742220812582,0.07587397744282284
548,3,entropy,random,1,5,0.25,0.7779761904761904,0.7218355475262256,0.780952380952381,0.7218668381061945,0.015041649336812192,0.024035881157017137,0.04794742220812582,0.07587397744282284
549,3,entropy,random,1,5,0.5,0.7779761904761904,0.7218355475262256,0.780952380952381,0.7218668381061945,0.015041649336812192,0.024035881157017137,0.04794742220812582,0.07587397744282284
550,3,entropy,random,1,10,None,0.7910714285714285,0.8061968244968941,0.788095238095238,0.8017991106343132,0.011090339346573552,0.03488282196382361,0.04042113101890426,0.053117399015118076
551,3,entropy,random,1,10,sqrt,0.7779761904761904,0.7218355475262256,0.780952380952381,0.7218668381061945,0.015041649336812192,0.024035881157017137,0.04794742220812582,0.07587397744282284
552,3,entropy,random,1,10,log2,0.7779761904761904,0.7218355475262256,0.780952380952381,0.7218668381061945,0.015041649336812192,0.024035881157017137,0.04794742220812582,0.07587397744282284
553,3,entropy,random,1,10,0.25,0.7779761904761904,0.7218355475262256,0.780952380952381,0.7218668381061945,0.015041649336812192,0.024035881157017137,0.04794742220812582,0.07587397744282284
554,3,entropy,random,1,10,0.5,0.7779761904761904,0.7218355475262256,0.780952380952381,0.7218668381061945,0.015041649336812192,0.024035881157017137,0.04794742220812582,0.07587397744282284
555,3,entropy,random,3,2,None,0.7901785714285714,0.8055265559770776,0.7892857142857143,0.8034317636955376,0.011192556616571581,0.035107347643106634,0.0411655974570292,0.05262574054104117
556,3,entropy,random,3,2,sqrt,0.7779761904761904,0.7218355475262256,0.780952380952381,0.7218668381061945,0.015041649336812192,0.024035881157017137,0.04794742220812582,0.07587397744282284
557,3,entropy,random,3,2,log2,0.7779761904761904,0.7218355475262256,0.780952380952381,0.7218668381061945,0.015041649336812192,0.024035881157017137,0.04794742220812582,0.07587397744282284
558,3,entropy,random,3,2,0.25,0.7779761904761904,0.7218355475262256,0.780952380952381,0.7218668381061945,0.015041649336812192,0.024035881157017137,0.04794742220812582,0.07587397744282284
559,3,entropy,random,3,2,0.5,0.7779761904761904,0.7218355475262256,0.780952380952381,0.7218668381061945,0.015041649336812192,0.024035881157017137,0.04794742220812582,0.07587397744282284
560,3,entropy,random,3,5,None,0.7901785714285714,0.8055265559770776,0.7892857142857143,0.8034317636955376,0.011192556616571581,0.035107347643106634,0.0411655974570292,0.05262574054104117
561,3,entropy,random,3,5,sqrt,0.7779761904761904,0.7218355475262256,0.780952380952381,0.7218668381061945,0.015041649336812192,0.024035881157017137,0.04794742220812582,0.07587397744282284
562,3,entropy,random,3,5,log2,0.7779761904761904,0.7218355475262256,0.780952380952381,0.7218668381061945,0.015041649336812192,0.024035881157017137,0.04794742220812582,0.07587397744282284
563,3,entropy,random,3,5,0.25,0.7779761904761904,0.7218355475262256,0.780952380952381,0.7218668381061945,0.015041649336812192,0.024035881157017137,0.04794742220812582,0.07587397744282284
564,3,entropy,random,3,5,0.5,0.7779761904761904,0.7218355475262256,0.780952380952381,0.7218668381061945,0.015041649336812192,0.024035881157017137,0.04794742220812582,0.07587397744282284
565,3,entropy,random,3,10,None,0.7901785714285714,0.8055265559770776,0.7892857142857143,0.8034317636955376,0.011192556616571581,0.035107347643106634,0.0411655974570292,0.05262574054104117
566,3,entropy,random,3,10,sqrt,0.7779761904761904,0.7218355475262256,0.780952380952381,0.7218668381061945,0.015041649336812192,0.024035881157017137,0.04794742220812582,0.07587397744282284
567,3,entropy,random,3,10,log2,0.7779761904761904,0.7218355475262256,0.780952380952381,0.7218668381061945,0.015041649336812192,0.024035881157017137,0.04794742220812582,0.07587397744282284
568,3,entropy,random,3,10,0.25,0.7779761904761904,0.7218355475262256,0.780952380952381,0.7218668381061945,0.015041649336812192,0.024035881157017137,0.04794742220812582,0.07587397744282284
569,3,entropy,random,3,10,0.5,0.7779761904761904,0.7218355475262256,0.780952380952381,0.7218668381061945,0.015041649336812192,0.024035881157017137,0.04794742220812582,0.07587397744282284
570,3,entropy,random,5,2,None,0.7895833333333332,0.8051814874212087,0.7916666666666666,0.8058544329579214,0.009819495790032032,0.034737127356804676,0.03613695469536696,0.050603853193782564
571,3,entropy,random,5,2,sqrt,0.7779761904761904,0.7218355475262256,0.780952380952381,0.7218668381061945,0.015041649336812192,0.024035881157017137,0.04794742220812582,0.07587397744282284
572,3,entropy,random,5,2,log2,0.7779761904761904,0.7218355475262256,0.780952380952381,0.7218668381061945,0.015041649336812192,0.024035881157017137,0.04794742220812582,0.07587397744282284
573,3,entropy,random,5,2,0.25,0.7779761904761904,0.7218355475262256,0.780952380952381,0.7218668381061945,0.015041649336812192,0.024035881157017137,0.04794742220812582,0.07587397744282284
574,3,entropy,random,5,2,0.5,0.7779761904761904,0.7218355475262256,0.780952380952381,0.7218668381061945,0.015041649336812192,0.024035881157017137,0.04794742220812582,0.07587397744282284
575,3,entropy,random,5,5,None,0.7895833333333332,0.8051814874212087,0.7916666666666666,0.8058544329579214,0.009819495790032032,0.034737127356804676,0.03613695469536696,0.050603853193782564
576,3,entropy,random,5,5,sqrt,0.7779761904761904,0.7218355475262256,0.780952380952381,0.7218668381061945,0.015041649336812192,0.024035881157017137,0.04794742220812582,0.07587397744282284
577,3,entropy,random,5,5,log2,0.7779761904761904,0.7218355475262256,0.780952380952381,0.7218668381061945,0.015041649336812192,0.024035881157017137,0.04794742220812582,0.07587397744282284
578,3,entropy,random,5,5,0.25,0.7779761904761904,0.7218355475262256,0.780952380952381,0.7218668381061945,0.015041649336812192,0.024035881157017137,0.04794742220812582,0.07587397744282284
579,3,entropy,random,5,5,0.5,0.7779761904761904,0.7218355475262256,0.780952380952381,0.7218668381061945,0.015041649336812192,0.024035881157017137,0.04794742220812582,0.07587397744282284
580,3,entropy,random,5,10,None,0.7895833333333332,0.8051814874212087,0.7916666666666666,0.8058544329579214,0.009819495790032032,0.034737127356804676,0.03613695469536696,0.050603853193782564
581,3,entropy,random,5,10,sqrt,0.7779761904761904,0.7218355475262256,0.780952380952381,0.7218668381061945,0.015041649336812192,0.024035881157017137,0.04794742220812582,0.07587397744282284
582,3,entropy,random,5,10,log2,0.7779761904761904,0.7218355475262256,0.780952380952381,0.7218668381061945,0.015041649336812192,0.024035881157017137,0.04794742220812582,0.07587397744282284
583,3,entropy,random,5,10,0.25,0.7779761904761904,0.7218355475262256,0.780952380952381,0.7218668381061945,0.015041649336812192,0.024035881157017137,0.04794742220812582,0.07587397744282284
584,3,entropy,random,5,10,0.5,0.7779761904761904,0.7218355475262256,0.780952380952381,0.7218668381061945,0.015041649336812192,0.024035881157017137,0.04794742220812582,0.07587397744282284
585,3,entropy,random,10,2,None,0.7898809523809524,0.7844305768708717,0.7678571428571428,0.7639534921721528,0.009761334395150867,0.03904176417933395,0.033746827947252415,0.052751548784964596
586,3,entropy,random,10,2,sqrt,0.7779761904761904,0.7218355475262256,0.780952380952381,0.7218668381061945,0.015041649336812192,0.024035881157017137,0.04794742220812582,0.07587397744282284
587,3,entropy,random,10,2,log2,0.7779761904761904,0.7218355475262256,0.780952380952381,0.7218668381061945,0.015041649336812192,0.024035881157017137,0.04794742220812582,0.07587397744282284
588,3,entropy,random,10,2,0.25,0.7779761904761904,0.7218355475262256,0.780952380952381,0.7218668381061945,0.015041649336812192,0.024035881157017137,0.04794742220812582,0.07587397744282284
589,3,entropy,random,10,2,0.5,0.7779761904761904,0.7218355475262256,0.780952380952381,0.7218668381061945,0.015041649336812192,0.024035881157017137,0.04794742220812582,0.07587397744282284
590,3,entropy,random,10,5,None,0.7898809523809524,0.7844305768708717,0.7678571428571428,0.7639534921721528,0.009761334395150867,0.03904176417933395,0.033746827947252415,0.052751548784964596
591,3,entropy,random,10,5,sqrt,0.7779761904761904,0.7218355475262256,0.780952380952381,0.7218668381061945,0.015041649336812192,0.024035881157017137,0.04794742220812582,0.07587397744282284
592,3,entropy,random,10,5,log2,0.7779761904761904,0.7218355475262256,0.780952380952381,0.7218668381061945,0.015041649336812192,0.024035881157017137,0.04794742220812582,0.07587397744282284
593,3,entropy,random,10,5,0.25,0.7779761904761904,0.7218355475262256,0.780952380952381,0.7218668381061945,0.015041649336812192,0.024035881157017137,0.04794742220812582,0.07587397744282284
594,3,entropy,random,10,5,0.5,0.7779761904761904,0.7218355475262256,0.780952380952381,0.7218668381061945,0.015041649336812192,0.024035881157017137,0.04794742220812582,0.07587397744282284
595,3,entropy,random,10,10,None,0.7898809523809524,0.7844305768708717,0.7678571428571428,0.7639534921721528,0.009761334395150867,0.03904176417933395,0.033746827947252415,0.052751548784964596
596,3,entropy,random,10,10,sqrt,0.7779761904761904,0.7218355475262256,0.780952380952381,0.7218668381061945,0.015041649336812192,0.024035881157017137,0.04794742220812582,0.07587397744282284
597,3,entropy,random,10,10,log2,0.7779761904761904,0.7218355475262256,0.780952380952381,0.7218668381061945,0.015041649336812192,0.024035881157017137,0.04794742220812582,0.07587397744282284
598,3,entropy,random,10,10,0.25,0.7779761904761904,0.7218355475262256,0.780952380952381,0.7218668381061945,0.015041649336812192,0.024035881157017137,0.04794742220812582,0.07587397744282284
599,3,entropy,random,10,10,0.5,0.7779761904761904,0.7218355475262256,0.780952380952381,0.7218668381061945,0.015041649336812192,0.024035881157017137,0.04794742220812582,0.07587397744282284
600,3,log_loss,best,1,2,None,0.9122023809523808,0.9121461276912604,0.8892857142857143,0.889118780262274,0.009495200439679967,0.013173004465191325,0.03320248857862031,0.036906294856279845
601,3,log_loss,best,1,2,sqrt,0.9068452380952382,0.9060274211224477,0.8607142857142858,0.8550968060492513,0.012034265844735546,0.014831452175304186,0.03829930462415576,0.04699752214796712
602,3,log_loss,best,1,2,log2,0.9068452380952382,0.9060274211224477,0.8607142857142858,0.8550968060492513,0.012034265844735546,0.014831452175304186,0.03829930462415576,0.04699752214796712
603,3,log_loss,best,1,2,0.25,0.9068452380952382,0.9060274211224477,0.8607142857142858,0.8550968060492513,0.012034265844735546,0.014831452175304186,0.03829930462415576,0.04699752214796712
604,3,log_loss,best,1,2,0.5,0.9068452380952382,0.9060274211224477,0.8607142857142858,0.8550968060492513,0.012034265844735546,0.014831452175304186,0.03829930462415576,0.04699752214796712
605,3,log_loss,best,1,5,None,0.9122023809523808,0.9121461276912604,0.8892857142857143,0.889118780262274,0.009495200439679967,0.013173004465191325,0.03320248857862031,0.036906294856279845
606,3,log_loss,best,1,5,sqrt,0.9068452380952382,0.9060274211224477,0.8607142857142858,0.8550968060492513,0.012034265844735546,0.014831452175304186,0.03829930462415576,0.04699752214796712
607,3,log_loss,best,1,5,log2,0.9068452380952382,0.9060274211224477,0.8607142857142858,0.8550968060492513,0.012034265844735546,0.014831452175304186,0.03829930462415576,0.04699752214796712
608,3,log_loss,best,1,5,0.25,0.9068452380952382,0.9060274211224477,0.8607142857142858,0.8550968060492513,0.012034265844735546,0.014831452175304186,0.03829930462415576,0.04699752214796712
609,3,log_loss,best,1,5,0.5,0.9068452380952382,0.9060274211224477,0.8607142857142858,0.8550968060492513,0.012034265844735546,0.014831452175304186,0.03829930462415576,0.04699752214796712
610,3,log_loss,best,1,10,None,0.9122023809523808,0.9121461276912604,0.8892857142857143,0.889118780262274,0.009495200439679967,0.013173004465191325,0.03320248857862031,0.036906294856279845
611,3,log_loss,best,1,10,sqrt,0.9062500000000001,0.9054740809225209,0.8607142857142858,0.8550968060492513,0.011567829813276165,0.014569696472659772,0.03829930462415576,0.04699752214796712
612,3,log_loss,best,1,10,log2,0.9062500000000001,0.9054740809225209,0.8607142857142858,0.8550968060492513,0.011567829813276165,0.014569696472659772,0.03829930462415576,0.04699752214796712
613,3,log_loss,best,1,10,0.25,0.9062500000000001,0.9054740809225209,0.8607142857142858,0.8550968060492513,0.011567829813276165,0.014569696472659772,0.03829930462415576,0.04699752214796712
614,3,log_loss,best,1,10,0.5,0.9062500000000001,0.9054740809225209,0.8607142857142858,0.8550968060492513,0.011567829813276165,0.014569696472659772,0.03829930462415576,0.04699752214796712
615,3,log_loss,best,3,2,None,0.9113095238095236,0.9111490040803556,0.886904761904762,0.886992251819956,0.009819495790032023,0.014014584725983695,0.03283458261276842,0.0365909349384582
616,3,log_loss,best,3,2,sqrt,0.905654761904762,0.9049256413052119,0.8607142857142858,0.8550968060492513,0.01104746968729669,0.014211843692591023,0.03829930462415576,0.04699752214796712
617,3,log_loss,best,3,2,log2,0.905654761904762,0.9049256413052119,0.8607142857142858,0.8550968060492513,0.01104746968729669,0.014211843692591023,0.03829930462415576,0.04699752214796712
618,3,log_loss,best,3,2,0.25,0.905654761904762,0.9049256413052119,0.8607142857142858,0.8550968060492513,0.01104746968729669,0.014211843692591023,0.03829930462415576,0.04699752214796712
619,3,log_loss,best,3,2,0.5,0.905654761904762,0.9049256413052119,0.8607142857142858,0.8550968060492513,0.01104746968729669,0.014211843692591023,0.03829930462415576,0.04699752214796712
620,3,log_loss,best,3,5,None,0.9113095238095236,0.9111490040803556,0.886904761904762,0.886992251819956,0.009819495790032023,0.014014584725983695,0.03283458261276842,0.0365909349384582
621,3,log_loss,best,3,5,sqrt,0.905654761904762,0.9049256413052119,0.8607142857142858,0.8550968060492513,0.01104746968729669,0.014211843692591023,0.03829930462415576,0.04699752214796712
622,3,log_loss,best,3,5,log2,0.905654761904762,0.9049256413052119,0.8607142857142858,0.8550968060492513,0.01104746968729669,0.014211843692591023,0.03829930462415576,0.04699752214796712
623,3,log_loss,best,3,5,0.25,0.905654761904762,0.9049256413052119,0.8607142857142858,0.8550968060492513,0.01104746968729669,0.014211843692591023,0.03829930462415576,0.04699752214796712
624,3,log_loss,best,3,5,0.5,0.905654761904762,0.9049256413052119,0.8607142857142858,0.8550968060492513,0.01104746968729669,0.014211843692591023,0.03829930462415576,0.04699752214796712
625,3,log_loss,best,3,10,None,0.9113095238095236,0.9111490040803556,0.886904761904762,0.886992251819956,0.009819495790032023,0.014014584725983695,0.03283458261276842,0.0365909349384582
626,3,log_loss,best,3,10,sqrt,0.905654761904762,0.9049256413052119,0.8607142857142858,0.8550968060492513,0.01104746968729669,0.014211843692591023,0.03829930462415576,0.04699752214796712
627,3,log_loss,best,3,10,log2,0.905654761904762,0.9049256413052119,0.8607142857142858,0.8550968060492513,0.01104746968729669,0.014211843692591023,0.03829930462415576,0.04699752214796712
628,3,log_loss,best,3,10,0.25,0.905654761904762,0.9049256413052119,0.8607142857142858,0.8550968060492513,0.01104746968729669,0.014211843692591023,0.03829930462415576,0.04699752214796712
629,3,log_loss,best,3,10,0.5,0.905654761904762,0.9049256413052119,0.8607142857142858,0.8550968060492513,0.01104746968729669,0.014211843692591023,0.03829930462415576,0.04699752214796712
630,3,log_loss,best,5,2,None,0.907440476190476,0.9072843741459544,0.880952380952381,0.88105004587775,0.012105033127444159,0.016781644740625854,0.0348535740338762,0.039539463263566464
631,3,log_loss,best,5,2,sqrt,0.9041666666666668,0.903640005009373,0.8595238095238095,0.8540193649718102,0.01238405900323191,0.014666641669597101,0.03749797532597106,0.04634825820135668
632,3,log_loss,best,5,2,log2,0.9041666666666668,0.903640005009373,0.8595238095238095,0.8540193649718102,0.01238405900323191,0.014666641669597101,0.03749797532597106,0.04634825820135668
633,3,log_loss,best,5,2,0.25,0.9041666666666668,0.903640005009373,0.8595238095238095,0.8540193649718102,0.01238405900323191,0.014666641669597101,0.03749797532597106,0.04634825820135668
634,3,log_loss,best,5,2,0.5,0.9041666666666668,0.903640005009373,0.8595238095238095,0.8540193649718102,0.01238405900323191,0.014666641669597101,0.03749797532597106,0.04634825820135668
635,3,log_loss,best,5,5,None,0.907440476190476,0.9072843741459544,0.880952380952381,0.88105004587775,0.012105033127444159,0.016781644740625854,0.0348535740338762,0.039539463263566464
636,3,log_loss,best,5,5,sqrt,0.9041666666666668,0.903640005009373,0.8595238095238095,0.8540193649718102,0.01238405900323191,0.014666641669597101,0.03749797532597106,0.04634825820135668
637,3,log_loss,best,5,5,log2,0.9041666666666668,0.903640005009373,0.8595238095238095,0.8540193649718102,0.01238405900323191,0.014666641669597101,0.03749797532597106,0.04634825820135668
638,3,log_loss,best,5,5,0.25,0.9041666666666668,0.903640005009373,0.8595238095238095,0.8540193649718102,0.01238405900323191,0.014666641669597101,0.03749797532597106,0.04634825820135668
639,3,log_loss,best,5,5,0.5,0.9041666666666668,0.903640005009373,0.8595238095238095,0.8540193649718102,0.01238405900323191,0.014666641669597101,0.03749797532597106,0.04634825820135668
640,3,log_loss,best,5,10,None,0.907440476190476,0.9072843741459544,0.880952380952381,0.88105004587775,0.012105033127444159,0.016781644740625854,0.0348535740338762,0.039539463263566464
641,3,log_loss,best,5,10,sqrt,0.9041666666666668,0.903640005009373,0.8595238095238095,0.8540193649718102,0.01238405900323191,0.014666641669597101,0.03749797532597106,0.04634825820135668
642,3,log_loss,best,5,10,log2,0.9041666666666668,0.903640005009373,0.8595238095238095,0.8540193649718102,0.01238405900323191,0.014666641669597101,0.03749797532597106,0.04634825820135668
643,3,log_loss,best,5,10,0.25,0.9041666666666668,0.903640005009373,0.8595238095238095,0.8540193649718102,0.01238405900323191,0.014666641669597101,0.03749797532597106,0.04634825820135668
644,3,log_loss,best,5,10,0.5,0.9041666666666668,0.903640005009373,0.8595238095238095,0.8540193649718102,0.01238405900323191,0.014666641669597101,0.03749797532597106,0.04634825820135668
645,3,log_loss,best,10,2,None,0.8976190476190478,0.8972645509210274,0.8726190476190477,0.8721646924444697,0.011377570086314523,0.013582659564792187,0.03432678945440198,0.0380984787922064
646,3,log_loss,best,10,2,sqrt,0.9020833333333335,0.9009090019862762,0.8535714285714284,0.8466729122450947,0.0143638911104494,0.01587553065566307,0.0388894673472643,0.04699318046735571
647,3,log_loss,best,10,2,log2,0.9020833333333335,0.9009090019862762,0.8535714285714284,0.8466729122450947,0.0143638911104494,0.01587553065566307,0.0388894673472643,0.04699318046735571
648,3,log_loss,best,10,2,0.25,0.9020833333333335,0.9009090019862762,0.8535714285714284,0.8466729122450947,0.0143638911104494,0.01587553065566307,0.0388894673472643,0.04699318046735571
649,3,log_loss,best,10,2,0.5,0.9020833333333335,0.9009090019862762,0.8535714285714284,0.8466729122450947,0.0143638911104494,0.01587553065566307,0.0388894673472643,0.04699318046735571
650,3,log_loss,best,10,5,None,0.8976190476190478,0.8972645509210274,0.8726190476190477,0.8721646924444697,0.011377570086314523,0.013582659564792187,0.03432678945440198,0.0380984787922064
651,3,log_loss,best,10,5,sqrt,0.9020833333333335,0.9009090019862762,0.8535714285714284,0.8466729122450947,0.0143638911104494,0.01587553065566307,0.0388894673472643,0.04699318046735571
652,3,log_loss,best,10,5,log2,0.9020833333333335,0.9009090019862762,0.8535714285714284,0.8466729122450947,0.0143638911104494,0.01587553065566307,0.0388894673472643,0.04699318046735571
653,3,log_loss,best,10,5,0.25,0.9020833333333335,0.9009090019862762,0.8535714285714284,0.8466729122450947,0.0143638911104494,0.01587553065566307,0.0388894673472643,0.04699318046735571
654,3,log_loss,best,10,5,0.5,0.9020833333333335,0.9009090019862762,0.8535714285714284,0.8466729122450947,0.0143638911104494,0.01587553065566307,0.0388894673472643,0.04699318046735571
655,3,log_loss,best,10,10,None,0.8976190476190478,0.8972645509210274,0.8726190476190477,0.8721646924444697,0.011377570086314523,0.013582659564792187,0.03432678945440198,0.0380984787922064
656,3,log_loss,best,10,10,sqrt,0.9020833333333335,0.9009090019862762,0.8535714285714284,0.8466729122450947,0.0143638911104494,0.01587553065566307,0.0388894673472643,0.04699318046735571
657,3,log_loss,best,10,10,log2,0.9020833333333335,0.9009090019862762,0.8535714285714284,0.8466729122450947,0.0143638911104494,0.01587553065566307,0.0388894673472643,0.04699318046735571
658,3,log_loss,best,10,10,0.25,0.9020833333333335,0.9009090019862762,0.8535714285714284,0.8466729122450947,0.0143638911104494,0.01587553065566307,0.0388894673472643,0.04699318046735571
659,3,log_loss,best,10,10,0.5,0.9020833333333335,0.9009090019862762,0.8535714285714284,0.8466729122450947,0.0143638911104494,0.01587553065566307,0.0388894673472643,0.04699318046735571
660,3,log_loss,random,1,2,None,0.7910714285714285,0.8061968244968941,0.788095238095238,0.8017991106343132,0.011090339346573552,0.03488282196382361,0.04042113101890426,0.053117399015118076
661,3,log_loss,random,1,2,sqrt,0.7779761904761904,0.7218355475262256,0.780952380952381,0.7218668381061945,0.015041649336812192,0.024035881157017137,0.04794742220812582,0.07587397744282284
662,3,log_loss,random,1,2,log2,0.7779761904761904,0.7218355475262256,0.780952380952381,0.7218668381061945,0.015041649336812192,0.024035881157017137,0.04794742220812582,0.07587397744282284
663,3,log_loss,random,1,2,0.25,0.7779761904761904,0.7218355475262256,0.780952380952381,0.7218668381061945,0.015041649336812192,0.024035881157017137,0.04794742220812582,0.07587397744282284
664,3,log_loss,random,1,2,0.5,0.7779761904761904,0.7218355475262256,0.780952380952381,0.7218668381061945,0.015041649336812192,0.024035881157017137,0.04794742220812582,0.07587397744282284
665,3,log_loss,random,1,5,None,0.7910714285714285,0.8061968244968941,0.788095238095238,0.8017991106343132,0.011090339346573552,0.03488282196382361,0.04042113101890426,0.053117399015118076
666,3,log_loss,random,1,5,sqrt,0.7779761904761904,0.7218355475262256,0.780952380952381,0.7218668381061945,0.015041649336812192,0.024035881157017137,0.04794742220812582,0.07587397744282284
667,3,log_loss,random,1,5,log2,0.7779761904761904,0.7218355475262256,0.780952380952381,0.7218668381061945,0.015041649336812192,0.024035881157017137,0.04794742220812582,0.07587397744282284
668,3,log_loss,random,1,5,0.25,0.7779761904761904,0.7218355475262256,0.780952380952381,0.7218668381061945,0.015041649336812192,0.024035881157017137,0.04794742220812582,0.07587397744282284
669,3,log_loss,random,1,5,0.5,0.7779761904761904,0.7218355475262256,0.780952380952381,0.7218668381061945,0.015041649336812192,0.024035881157017137,0.04794742220812582,0.07587397744282284
670,3,log_loss,random,1,10,None,0.7910714285714285,0.8061968244968941,0.788095238095238,0.8017991106343132,0.011090339346573552,0.03488282196382361,0.04042113101890426,0.053117399015118076
671,3,log_loss,random,1,10,sqrt,0.7779761904761904,0.7218355475262256,0.780952380952381,0.7218668381061945,0.015041649336812192,0.024035881157017137,0.04794742220812582,0.07587397744282284
672,3,log_loss,random,1,10,log2,0.7779761904761904,0.7218355475262256,0.780952380952381,0.7218668381061945,0.015041649336812192,0.024035881157017137,0.04794742220812582,0.07587397744282284
673,3,log_loss,random,1,10,0.25,0.7779761904761904,0.7218355475262256,0.780952380952381,0.7218668381061945,0.015041649336812192,0.024035881157017137,0.04794742220812582,0.07587397744282284
674,3,log_loss,random,1,10,0.5,0.7779761904761904,0.7218355475262256,0.780952380952381,0.7218668381061945,0.015041649336812192,0.024035881157017137,0.04794742220812582,0.07587397744282284
675,3,log_loss,random,3,2,None,0.7901785714285714,0.8055265559770776,0.7892857142857143,0.8034317636955376,0.011192556616571581,0.035107347643106634,0.0411655974570292,0.05262574054104117
676,3,log_loss,random,3,2,sqrt,0.7779761904761904,0.7218355475262256,0.780952380952381,0.7218668381061945,0.015041649336812192,0.024035881157017137,0.04794742220812582,0.07587397744282284
677,3,log_loss,random,3,2,log2,0.7779761904761904,0.7218355475262256,0.780952380952381,0.7218668381061945,0.015041649336812192,0.024035881157017137,0.04794742220812582,0.07587397744282284
678,3,log_loss,random,3,2,0.25,0.7779761904761904,0.7218355475262256,0.780952380952381,0.7218668381061945,0.015041649336812192,0.024035881157017137,0.04794742220812582,0.07587397744282284
679,3,log_loss,random,3,2,0.5,0.7779761904761904,0.7218355475262256,0.780952380952381,0.7218668381061945,0.015041649336812192,0.024035881157017137,0.04794742220812582,0.07587397744282284
680,3,log_loss,random,3,5,None,0.7901785714285714,0.8055265559770776,0.7892857142857143,0.8034317636955376,0.011192556616571581,0.035107347643106634,0.0411655974570292,0.05262574054104117
681,3,log_loss,random,3,5,sqrt,0.7779761904761904,0.7218355475262256,0.780952380952381,0.7218668381061945,0.015041649336812192,0.024035881157017137,0.04794742220812582,0.07587397744282284
682,3,log_loss,random,3,5,log2,0.7779761904761904,0.7218355475262256,0.780952380952381,0.7218668381061945,0.015041649336812192,0.024035881157017137,0.04794742220812582,0.07587397744282284
683,3,log_loss,random,3,5,0.25,0.7779761904761904,0.7218355475262256,0.780952380952381,0.7218668381061945,0.015041649336812192,0.024035881157017137,0.04794742220812582,0.07587397744282284
684,3,log_loss,random,3,5,0.5,0.7779761904761904,0.7218355475262256,0.780952380952381,0.7218668381061945,0.015041649336812192,0.024035881157017137,0.04794742220812582,0.07587397744282284
685,3,log_loss,random,3,10,None,0.7901785714285714,0.8055265559770776,0.7892857142857143,0.8034317636955376,0.011192556616571581,0.035107347643106634,0.0411655974570292,0.05262574054104117
686,3,log_loss,random,3,10,sqrt,0.7779761904761904,0.7218355475262256,0.780952380952381,0.7218668381061945,0.015041649336812192,0.024035881157017137,0.04794742220812582,0.07587397744282284
687,3,log_loss,random,3,10,log2,0.7779761904761904,0.7218355475262256,0.780952380952381,0.7218668381061945,0.015041649336812192,0.024035881157017137,0.04794742220812582,0.07587397744282284
688,3,log_loss,random,3,10,0.25,0.7779761904761904,0.7218355475262256,0.780952380952381,0.7218668381061945,0.015041649336812192,0.024035881157017137,0.04794742220812582,0.07587397744282284
689,3,log_loss,random,3,10,0.5,0.7779761904761904,0.7218355475262256,0.780952380952381,0.7218668381061945,0.015041649336812192,0.024035881157017137,0.04794742220812582,0.07587397744282284
690,3,log_loss,random,5,2,None,0.7895833333333332,0.8051814874212087,0.7916666666666666,0.8058544329579214,0.009819495790032032,0.034737127356804676,0.03613695469536696,0.050603853193782564
691,3,log_loss,random,5,2,sqrt,0.7779761904761904,0.7218355475262256,0.780952380952381,0.7218668381061945,0.015041649336812192,0.024035881157017137,0.04794742220812582,0.07587397744282284
692,3,log_loss,random,5,2,log2,0.7779761904761904,0.7218355475262256,0.780952380952381,0.7218668381061945,0.015041649336812192,0.024035881157017137,0.04794742220812582,0.07587397744282284
693,3,log_loss,random,5,2,0.25,0.7779761904761904,0.7218355475262256,0.780952380952381,0.7218668381061945,0.015041649336812192,0.024035881157017137,0.04794742220812582,0.07587397744282284
694,3,log_loss,random,5,2,0.5,0.7779761904761904,0.7218355475262256,0.780952380952381,0.7218668381061945,0.015041649336812192,0.024035881157017137,0.04794742220812582,0.07587397744282284
695,3,log_loss,random,5,5,None,0.7895833333333332,0.8051814874212087,0.7916666666666666,0.8058544329579214,0.009819495790032032,0.034737127356804676,0.03613695469536696,0.050603853193782564
696,3,log_loss,random,5,5,sqrt,0.7779761904761904,0.7218355475262256,0.780952380952381,0.7218668381061945,0.015041649336812192,0.024035881157017137,0.04794742220812582,0.07587397744282284
697,3,log_loss,random,5,5,log2,0.7779761904761904,0.7218355475262256,0.780952380952381,0.7218668381061945,0.015041649336812192,0.024035881157017137,0.04794742220812582,0.07587397744282284
698,3,log_loss,random,5,5,0.25,0.7779761904761904,0.7218355475262256,0.780952380952381,0.7218668381061945,0.015041649336812192,0.024035881157017137,0.04794742220812582,0.07587397744282284
699,3,log_loss,random,5,5,0.5,0.7779761904761904,0.7218355475262256,0.780952380952381,0.7218668381061945,0.015041649336812192,0.024035881157017137,0.04794742220812582,0.07587397744282284
700,3,log_loss,random,5,10,None,0.7895833333333332,0.8051814874212087,0.7916666666666666,0.8058544329579214,0.009819495790032032,0.034737127356804676,0.03613695469536696,0.050603853193782564
701,3,log_loss,random,5,10,sqrt,0.7779761904761904,0.7218355475262256,0.780952380952381,0.7218668381061945,0.015041649336812192,0.024035881157017137,0.04794742220812582,0.07587397744282284
702,3,log_loss,random,5,10,log2,0.7779761904761904,0.7218355475262256,0.780952380952381,0.7218668381061945,0.015041649336812192,0.024035881157017137,0.04794742220812582,0.07587397744282284
703,3,log_loss,random,5,10,0.25,0.7779761904761904,0.7218355475262256,0.780952380952381,0.7218668381061945,0.015041649336812192,0.024035881157017137,0.04794742220812582,0.07587397744282284
704,3,log_loss,random,5,10,0.5,0.7779761904761904,0.7218355475262256,0.780952380952381,0.7218668381061945,0.015041649336812192,0.024035881157017137,0.04794742220812582,0.07587397744282284
705,3,log_loss,random,10,2,None,0.7898809523809524,0.7844305768708717,0.7678571428571428,0.7639534921721528,0.009761334395150867,0.03904176417933395,0.033746827947252415,0.052751548784964596
706,3,log_loss,random,10,2,sqrt,0.7779761904761904,0.7218355475262256,0.780952380952381,0.7218668381061945,0.015041649336812192,0.024035881157017137,0.04794742220812582,0.07587397744282284
707,3,log_loss,random,10,2,log2,0.7779761904761904,0.7218355475262256,0.780952380952381,0.7218668381061945,0.015041649336812192,0.024035881157017137,0.04794742220812582,0.07587397744282284
708,3,log_loss,random,10,2,0.25,0.7779761904761904,0.7218355475262256,0.780952380952381,0.7218668381061945,0.015041649336812192,0.024035881157017137,0.04794742220812582,0.07587397744282284
709,3,log_loss,random,10,2,0.5,0.7779761904761904,0.7218355475262256,0.780952380952381,0.7218668381061945,0.015041649336812192,0.024035881157017137,0.04794742220812582,0.07587397744282284
710,3,log_loss,random,10,5,None,0.7898809523809524,0.7844305768708717,0.7678571428571428,0.7639534921721528,0.009761334395150867,0.03904176417933395,0.033746827947252415,0.052751548784964596
711,3,log_loss,random,10,5,sqrt,0.7779761904761904,0.7218355475262256,0.780952380952381,0.7218668381061945,0.015041649336812192,0.024035881157017137,0.04794742220812582,0.07587397744282284
712,3,log_loss,random,10,5,log2,0.7779761904761904,0.7218355475262256,0.780952380952381,0.7218668381061945,0.015041649336812192,0.024035881157017137,0.04794742220812582,0.07587397744282284
713,3,log_loss,random,10,5,0.25,0.7779761904761904,0.7218355475262256,0.780952380952381,0.7218668381061945,0.015041649336812192,0.024035881157017137,0.04794742220812582,0.07587397744282284
714,3,log_loss,random,10,5,0.5,0.7779761904761904,0.7218355475262256,0.780952380952381,0.7218668381061945,0.015041649336812192,0.024035881157017137,0.04794742220812582,0.07587397744282284
715,3,log_loss,random,10,10,None,0.7898809523809524,0.7844305768708717,0.7678571428571428,0.7639534921721528,0.009761334395150867,0.03904176417933395,0.033746827947252415,0.052751548784964596
716,3,log_loss,random,10,10,sqrt,0.7779761904761904,0.7218355475262256,0.780952380952381,0.7218668381061945,0.015041649336812192,0.024035881157017137,0.04794742220812582,0.07587397744282284
717,3,log_loss,random,10,10,log2,0.7779761904761904,0.7218355475262256,0.780952380952381,0.7218668381061945,0.015041649336812192,0.024035881157017137,0.04794742220812582,0.07587397744282284
718,3,log_loss,random,10,10,0.25,0.7779761904761904,0.7218355475262256,0.780952380952381,0.7218668381061945,0.015041649336812192,0.024035881157017137,0.04794742220812582,0.07587397744282284
719,3,log_loss,random,10,10,0.5,0.7779761904761904,0.7218355475262256,0.780952380952381,0.7218668381061945,0.015041649336812192,0.024035881157017137,0.04794742220812582,0.07587397744282284
720,5,gini,best,1,2,None,0.9892857142857141,0.9891966853320058,0.9416666666666665,0.9400701001850427,0.004063656204610726,0.004171490869778498,0.03199132839259168,0.03386228104341651
721,5,gini,best,1,2,sqrt,0.9627976190476191,0.9632976922151665,0.8952380952380953,0.8965673773320407,0.02500835016040411,0.023934462370685902,0.0556021023017052,0.05392604432207183
722,5,gini,best,1,2,log2,0.9627976190476191,0.9632976922151665,0.8952380952380953,0.8965673773320407,0.02500835016040411,0.023934462370685902,0.0556021023017052,0.05392604432207183
723,5,gini,best,1,2,0.25,0.9627976190476191,0.9632976922151665,0.8952380952380953,0.8965673773320407,0.02500835016040411,0.023934462370685902,0.0556021023017052,0.05392604432207183
724,5,gini,best,1,2,0.5,0.9627976190476191,0.9632976922151665,0.8952380952380953,0.8965673773320407,0.02500835016040411,0.023934462370685902,0.0556021023017052,0.05392604432207183
725,5,gini,best,1,5,None,0.988392857142857,0.9883131233587577,0.9416666666666665,0.9400701001850427,0.004063656204610722,0.004153157070943959,0.03199132839259168,0.03386228104341651
726,5,gini,best,1,5,sqrt,0.9562500000000002,0.9557494398235888,0.8904761904761904,0.8890846242586377,0.025265085122339628,0.02576791692753588,0.04907427780893384,0.04960651233785431
727,5,gini,best,1,5,log2,0.9562500000000002,0.9557494398235888,0.8904761904761904,0.8890846242586377,0.025265085122339628,0.02576791692753588,0.04907427780893384,0.04960651233785431
728,5,gini,best,1,5,0.25,0.9562500000000002,0.9557494398235888,0.8904761904761904,0.8890846242586377,0.025265085122339628,0.02576791692753588,0.04907427780893384,0.04960651233785431
729,5,gini,best,1,5,0.5,0.9562500000000002,0.9557494398235888,0.8904761904761904,0.8890846242586377,0.025265085122339628,0.02576791692753588,0.04907427780893384,0.04960651233785431
730,5,gini,best,1,10,None,0.9848214285714287,0.9847249202617666,0.9392857142857144,0.9380630753710001,0.007316137959030629,0.0074439314228674,0.03361156957551144,0.03509695358747871
731,5,gini,best,1,10,sqrt,0.9446428571428573,0.9444284297453263,0.8761904761904762,0.8739577829171891,0.022999893047032365,0.0231455770042448,0.052047485233628725,0.05291133368608489
732,5,gini,best,1,10,log2,0.9446428571428573,0.9444284297453263,0.8761904761904762,0.8739577829171891,0.022999893047032365,0.0231455770042448,0.052047485233628725,0.05291133368608489
733,5,gini,best,1,10,0.25,0.9446428571428573,0.9444284297453263,0.8761904761904762,0.8739577829171891,0.022999893047032365,0.0231455770042448,0.052047485233628725,0.05291133368608489
734,5,gini,best,1,10,0.5,0.9446428571428573,0.9444284297453263,0.8761904761904762,0.8739577829171891,0.022999893047032365,0.0231455770042448,0.052047485233628725,0.05291133368608489
735,5,gini,best,3,2,None,0.9824404761904763,0.9823310369495946,0.944047619047619,0.943160471503564,0.005458925386476878,0.005587669432034604,0.028528879882785005,0.029568906587820562
736,5,gini,best,3,2,sqrt,0.9464285714285713,0.9460016506219808,0.8714285714285716,0.8699946754308955,0.024798752672479055,0.025072974623063602,0.04587583063808975,0.044675880458124796
737,5,gini,best,3,2,log2,0.9464285714285713,0.9460016506219808,0.8714285714285716,0.8699946754308955,0.024798752672479055,0.025072974623063602,0.04587583063808975,0.044675880458124796
738,5,gini,best,3,2,0.25,0.9464285714285713,0.9460016506219808,0.8714285714285716,0.8699946754308955,0.024798752672479055,0.025072974623063602,0.04587583063808975,0.044675880458124796
739,5,gini,best,3,2,0.5,0.9464285714285713,0.9460016506219808,0.8714285714285716,0.8699946754308955,0.024798752672479055,0.025072974623063602,0.04587583063808975,0.044675880458124796
740,5,gini,best,3,5,None,0.9824404761904763,0.9823310369495946,0.944047619047619,0.943160471503564,0.005458925386476878,0.005587669432034604,0.028528879882785005,0.029568906587820562
741,5,gini,best,3,5,sqrt,0.9464285714285713,0.9460016506219808,0.8714285714285716,0.8699946754308955,0.024798752672479055,0.025072974623063602,0.04587583063808975,0.044675880458124796
742,5,gini,best,3,5,log2,0.9464285714285713,0.9460016506219808,0.8714285714285716,0.8699946754308955,0.024798752672479055,0.025072974623063602,0.04587583063808975,0.044675880458124796
743,5,gini,best,3,5,0.25,0.9464285714285713,0.9460016506219808,0.8714285714285716,0.8699946754308955,0.024798752672479055,0.025072974623063602,0.04587583063808975,0.044675880458124796
744,5,gini,best,3,5,0.5,0.9464285714285713,0.9460016506219808,0.8714285714285716,0.8699946754308955,0.024798752672479055,0.025072974623063602,0.04587583063808975,0.044675880458124796
745,5,gini,best,3,10,None,0.980654761904762,0.9805453169612259,0.9404761904761905,0.9397953405515411,0.007482872409352924,0.007593604710191801,0.030683024749436585,0.03155337625104193
746,5,gini,best,3,10,sqrt,0.9467261904761904,0.9460839114147369,0.8761904761904763,0.8746966813375934,0.02627416861379189,0.02675001082203453,0.05502561467321568,0.05481837288923702
747,5,gini,best,3,10,log2,0.9467261904761904,0.9460839114147369,0.8761904761904763,0.8746966813375934,0.02627416861379189,0.02675001082203453,0.05502561467321568,0.05481837288923702
748,5,gini,best,3,10,0.25,0.9467261904761904,0.9460839114147369,0.8761904761904763,0.8746966813375934,0.02627416861379189,0.02675001082203453,0.05502561467321568,0.05481837288923702
749,5,gini,best,3,10,0.5,0.9467261904761904,0.9460839114147369,0.8761904761904763,0.8746966813375934,0.02627416861379189,0.02675001082203453,0.05502561467321568,0.05481837288923702
750,5,gini,best,5,2,None,0.9776785714285715,0.9774852765937471,0.9404761904761905,0.9397953405515411,0.009838806518202493,0.010070181395401116,0.030683024749436585,0.03155337625104193
751,5,gini,best,5,2,sqrt,0.9422619047619047,0.9410032213762165,0.8773809523809525,0.8737781129493168,0.02627416861379188,0.027571387045718876,0.04813706337894223,0.049694706713539635
752,5,gini,best,5,2,log2,0.9422619047619047,0.9410032213762165,0.8773809523809525,0.8737781129493168,0.02627416861379188,0.027571387045718876,0.04813706337894223,0.049694706713539635
753,5,gini,best,5,2,0.25,0.9422619047619047,0.9410032213762165,0.8773809523809525,0.8737781129493168,0.02627416861379188,0.027571387045718876,0.04813706337894223,0.049694706713539635
754,5,gini,best,5,2,0.5,0.9422619047619047,0.9410032213762165,0.8773809523809525,0.8737781129493168,0.02627416861379188,0.027571387045718876,0.04813706337894223,0.049694706713539635
755,5,gini,best,5,5,None,0.9776785714285715,0.9774852765937471,0.9404761904761905,0.9397953405515411,0.009838806518202493,0.010070181395401116,0.030683024749436585,0.03155337625104193
756,5,gini,best,5,5,sqrt,0.9422619047619047,0.9410032213762165,0.8773809523809525,0.8737781129493168,0.02627416861379188,0.027571387045718876,0.04813706337894223,0.049694706713539635
757,5,gini,best,5,5,log2,0.9422619047619047,0.9410032213762165,0.8773809523809525,0.8737781129493168,0.02627416861379188,0.027571387045718876,0.04813706337894223,0.049694706713539635
758,5,gini,best,5,5,0.25,0.9422619047619047,0.9410032213762165,0.8773809523809525,0.8737781129493168,0.02627416861379188,0.027571387045718876,0.04813706337894223,0.049694706713539635
759,5,gini,best,5,5,0.5,0.9422619047619047,0.9410032213762165,0.8773809523809525,0.8737781129493168,0.02627416861379188,0.027571387045718876,0.04813706337894223,0.049694706713539635
760,5,gini,best,5,10,None,0.9776785714285715,0.9774852765937471,0.9404761904761905,0.9397953405515411,0.009838806518202493,0.010070181395401116,0.030683024749436585,0.03155337625104193
761,5,gini,best,5,10,sqrt,0.9422619047619047,0.9410032213762165,0.8773809523809525,0.8737781129493168,0.02627416861379188,0.027571387045718876,0.04813706337894223,0.049694706713539635
762,5,gini,best,5,10,log2,0.9422619047619047,0.9410032213762165,0.8773809523809525,0.8737781129493168,0.02627416861379188,0.027571387045718876,0.04813706337894223,0.049694706713539635
763,5,gini,best,5,10,0.25,0.9422619047619047,0.9410032213762165,0.8773809523809525,0.8737781129493168,0.02627416861379188,0.027571387045718876,0.04813706337894223,0.049694706713539635
764,5,gini,best,5,10,0.5,0.9422619047619047,0.9410032213762165,0.8773809523809525,0.8737781129493168,0.02627416861379188,0.027571387045718876,0.04813706337894223,0.049694706713539635
765,5,gini,best,10,2,None,0.962202380952381,0.9617960133938399,0.9250000000000002,0.9232043957344043,0.010519415503093555,0.010443504586960554,0.03647156326665616,0.03692612144455457
766,5,gini,best,10,2,sqrt,0.9235119047619047,0.922942901113267,0.8738095238095237,0.8697295093210469,0.023554383395926408,0.022921576622641757,0.054610112015130954,0.0583414147888683
767,5,gini,best,10,2,log2,0.9235119047619047,0.922942901113267,0.8738095238095237,0.8697295093210469,0.023554383395926408,0.022921576622641757,0.054610112015130954,0.0583414147888683
768,5,gini,best,10,2,0.25,0.9235119047619047,0.922942901113267,0.8738095238095237,0.8697295093210469,0.023554383395926408,0.022921576622641757,0.054610112015130954,0.0583414147888683
769,5,gini,best,10,2,0.5,0.9235119047619047,0.922942901113267,0.8738095238095237,0.8697295093210469,0.023554383395926408,0.022921576622641757,0.054610112015130954,0.0583414147888683
770,5,gini,best,10,5,None,0.962202380952381,0.9617960133938399,0.9250000000000002,0.9232043957344043,0.010519415503093555,0.010443504586960554,0.03647156326665616,0.03692612144455457
771,5,gini,best,10,5,sqrt,0.9235119047619047,0.922942901113267,0.8738095238095237,0.8697295093210469,0.023554383395926408,0.022921576622641757,0.054610112015130954,0.0583414147888683
772,5,gini,best,10,5,log2,0.9235119047619047,0.922942901113267,0.8738095238095237,0.8697295093210469,0.023554383395926408,0.022921576622641757,0.054610112015130954,0.0583414147888683
773,5,gini,best,10,5,0.25,0.9235119047619047,0.922942901113267,0.8738095238095237,0.8697295093210469,0.023554383395926408,0.022921576622641757,0.054610112015130954,0.0583414147888683
774,5,gini,best,10,5,0.5,0.9235119047619047,0.922942901113267,0.8738095238095237,0.8697295093210469,0.023554383395926408,0.022921576622641757,0.054610112015130954,0.0583414147888683
775,5,gini,best,10,10,None,0.962202380952381,0.9617960133938399,0.9250000000000002,0.9232043957344043,0.010519415503093555,0.010443504586960554,0.03647156326665616,0.03692612144455457
776,5,gini,best,10,10,sqrt,0.9235119047619047,0.922942901113267,0.8738095238095237,0.8697295093210469,0.023554383395926408,0.022921576622641757,0.054610112015130954,0.0583414147888683
777,5,gini,best,10,10,log2,0.9235119047619047,0.922942901113267,0.8738095238095237,0.8697295093210469,0.023554383395926408,0.022921576622641757,0.054610112015130954,0.0583414147888683
778,5,gini,best,10,10,0.25,0.9235119047619047,0.922942901113267,0.8738095238095237,0.8697295093210469,0.023554383395926408,0.022921576622641757,0.054610112015130954,0.0583414147888683
779,5,gini,best,10,10,0.5,0.9235119047619047,0.922942901113267,0.8738095238095237,0.8697295093210469,0.023554383395926408,0.022921576622641757,0.054610112015130954,0.0583414147888683
780,5,gini,random,1,2,None,0.9244047619047618,0.9191417427428656,0.913095238095238,0.9059121196589415,0.02209493937459341,0.026787719233908203,0.03562915022796584,0.04290353455986324
781,5,gini,random,1,2,sqrt,0.8407738095238095,0.8595253639339508,0.8333333333333335,0.8534122818482264,0.014677607264294084,0.0121921786311984,0.03141658707808022,0.02440281297948763
782,5,gini,random,1,2,log2,0.8407738095238095,0.8595253639339508,0.8333333333333335,0.8534122818482264,0.014677607264294084,0.0121921786311984,0.03141658707808022,0.02440281297948763
783,5,gini,random,1,2,0.25,0.8407738095238095,0.8595253639339508,0.8333333333333335,0.8534122818482264,0.014677607264294084,0.0121921786311984,0.03141658707808022,0.02440281297948763
784,5,gini,random,1,2,0.5,0.8407738095238095,0.8595253639339508,0.8333333333333335,0.8534122818482264,0.014677607264294084,0.0121921786311984,0.03141658707808022,0.02440281297948763
785,5,gini,random,1,5,None,0.9205357142857142,0.914916168061406,0.913095238095238,0.9052627645600028,0.022334180031235506,0.026980082958398502,0.03749797532597105,0.046804229874459695
786,5,gini,random,1,5,sqrt,0.8407738095238095,0.8595253639339508,0.8333333333333335,0.8534122818482264,0.014677607264294084,0.0121921786311984,0.03141658707808022,0.02440281297948763
787,5,gini,random,1,5,log2,0.8407738095238095,0.8595253639339508,0.8333333333333335,0.8534122818482264,0.014677607264294084,0.0121921786311984,0.03141658707808022,0.02440281297948763
788,5,gini,random,1,5,0.25,0.8407738095238095,0.8595253639339508,0.8333333333333335,0.8534122818482264,0.014677607264294084,0.0121921786311984,0.03141658707808022,0.02440281297948763
789,5,gini,random,1,5,0.5,0.8407738095238095,0.8595253639339508,0.8333333333333335,0.8534122818482264,0.014677607264294084,0.0121921786311984,0.03141658707808022,0.02440281297948763
790,5,gini,random,1,10,None,0.9160714285714285,0.9108018146249974,0.9142857142857141,0.9071769531250329,0.02296272648402569,0.027393612746486606,0.03388154635894691,0.041707979411069594
791,5,gini,random,1,10,sqrt,0.8380952380952381,0.8574303011649468,0.8285714285714286,0.8494965712586602,0.015229755636717537,0.012527460426008436,0.03151310523812705,0.024197385830073297
792,5,gini,random,1,10,log2,0.8380952380952381,0.8574303011649468,0.8285714285714286,0.8494965712586602,0.015229755636717537,0.012527460426008436,0.03151310523812705,0.024197385830073297
793,5,gini,random,1,10,0.25,0.8380952380952381,0.8574303011649468,0.8285714285714286,0.8494965712586602,0.015229755636717537,0.012527460426008436,0.03151310523812705,0.024197385830073297
794,5,gini,random,1,10,0.5,0.8380952380952381,0.8574303011649468,0.8285714285714286,0.8494965712586602,0.015229755636717537,0.012527460426008436,0.03151310523812705,0.024197385830073297
795,5,gini,random,3,2,None,0.919047619047619,0.9137101441955627,0.907142857142857,0.9002642662392383,0.02349386848032993,0.02775051504798189,0.0332024885786203,0.0406597418390642
796,5,gini,random,3,2,sqrt,0.8377976190476191,0.8570322593221413,0.8261904761904761,0.847644586799205,0.014482331063138672,0.012125290751564887,0.032695550586933096,0.025414821971192617
797,5,gini,random,3,2,log2,0.8377976190476191,0.8570322593221413,0.8261904761904761,0.847644586799205,0.014482331063138672,0.012125290751564887,0.032695550586933096,0.025414821971192617
798,5,gini,random,3,2,0.25,0.8377976190476191,0.8570322593221413,0.8261904761904761,0.847644586799205,0.014482331063138672,0.012125290751564887,0.032695550586933096,0.025414821971192617
799,5,gini,random,3,2,0.5,0.8377976190476191,0.8570322593221413,0.8261904761904761,0.847644586799205,0.014482331063138672,0.012125290751564887,0.032695550586933096,0.025414821971192617
800,5,gini,random,3,5,None,0.919047619047619,0.9137101441955627,0.907142857142857,0.9002642662392383,0.02349386848032993,0.02775051504798189,0.0332024885786203,0.0406597418390642
801,5,gini,random,3,5,sqrt,0.8377976190476191,0.8570322593221413,0.8261904761904761,0.847644586799205,0.014482331063138672,0.012125290751564887,0.032695550586933096,0.025414821971192617
802,5,gini,random,3,5,log2,0.8377976190476191,0.8570322593221413,0.8261904761904761,0.847644586799205,0.014482331063138672,0.012125290751564887,0.032695550586933096,0.025414821971192617
803,5,gini,random,3,5,0.25,0.8377976190476191,0.8570322593221413,0.8261904761904761,0.847644586799205,0.014482331063138672,0.012125290751564887,0.032695550586933096,0.025414821971192617
804,5,gini,random,3,5,0.5,0.8377976190476191,0.8570322593221413,0.8261904761904761,0.847644586799205,0.014482331063138672,0.012125290751564887,0.032695550586933096,0.025414821971192617
805,5,gini,random,3,10,None,0.9166666666666666,0.9115930433208955,0.9095238095238094,0.9029172107789752,0.023053472298853673,0.027225395963508182,0.03472262714373549,0.042302039877573264
806,5,gini,random,3,10,sqrt,0.837202380952381,0.8564339275336895,0.8273809523809523,0.8486824599967877,0.014793535757024521,0.01241156053391888,0.0335210941231752,0.02549675431615759
807,5,gini,random,3,10,log2,0.837202380952381,0.8564339275336895,0.8273809523809523,0.8486824599967877,0.014793535757024521,0.01241156053391888,0.0335210941231752,0.02549675431615759
808,5,gini,random,3,10,0.25,0.837202380952381,0.8564339275336895,0.8273809523809523,0.8486824599967877,0.014793535757024521,0.01241156053391888,0.0335210941231752,0.02549675431615759
809,5,gini,random,3,10,0.5,0.837202380952381,0.8564339275336895,0.8273809523809523,0.8486824599967877,0.014793535757024521,0.01241156053391888,0.0335210941231752,0.02549675431615759
810,5,gini,random,5,2,None,0.9116071428571428,0.9073697460877507,0.8976190476190475,0.8920081113019973,0.0237549864337253,0.027517086191653974,0.04500701813321925,0.05100600071892351
811,5,gini,random,5,2,sqrt,0.8342261904761906,0.8532007740850979,0.825,0.8458906151592257,0.013271845588521538,0.010695541039356831,0.033881546358946905,0.026377650008345285
812,5,gini,random,5,2,log2,0.8342261904761906,0.8532007740850979,0.825,0.8458906151592257,0.013271845588521538,0.010695541039356831,0.033881546358946905,0.026377650008345285
813,5,gini,random,5,2,0.25,0.8342261904761906,0.8532007740850979,0.825,0.8458906151592257,0.013271845588521538,0.010695541039356831,0.033881546358946905,0.026377650008345285
814,5,gini,random,5,2,0.5,0.8342261904761906,0.8532007740850979,0.825,0.8458906151592257,0.013271845588521538,0.010695541039356831,0.033881546358946905,0.026377650008345285
815,5,gini,random,5,5,None,0.9116071428571428,0.9073697460877507,0.8976190476190475,0.8920081113019973,0.0237549864337253,0.027517086191653974,0.04500701813321925,0.05100600071892351
816,5,gini,random,5,5,sqrt,0.8342261904761906,0.8532007740850979,0.825,0.8458906151592257,0.013271845588521538,0.010695541039356831,0.033881546358946905,0.026377650008345285
817,5,gini,random,5,5,log2,0.8342261904761906,0.8532007740850979,0.825,0.8458906151592257,0.013271845588521538,0.010695541039356831,0.033881546358946905,0.026377650008345285
818,5,gini,random,5,5,0.25,0.8342261904761906,0.8532007740850979,0.825,0.8458906151592257,0.013271845588521538,0.010695541039356831,0.033881546358946905,0.026377650008345285
819,5,gini,random,5,5,0.5,0.8342261904761906,0.8532007740850979,0.825,0.8458906151592257,0.013271845588521538,0.010695541039356831,0.033881546358946905,0.026377650008345285
820,5,gini,random,5,10,None,0.9116071428571428,0.9073697460877507,0.8976190476190475,0.8920081113019973,0.0237549864337253,0.027517086191653974,0.04500701813321925,0.05100600071892351
821,5,gini,random,5,10,sqrt,0.8342261904761906,0.8532007740850979,0.825,0.8458906151592257,0.013271845588521538,0.010695541039356831,0.033881546358946905,0.026377650008345285
822,5,gini,random,5,10,log2,0.8342261904761906,0.8532007740850979,0.825,0.8458906151592257,0.013271845588521538,0.010695541039356831,0.033881546358946905,0.026377650008345285
823,5,gini,random,5,10,0.25,0.8342261904761906,0.8532007740850979,0.825,0.8458906151592257,0.013271845588521538,0.010695541039356831,0.033881546358946905,0.026377650008345285
824,5,gini,random,5,10,0.5,0.8342261904761906,0.8532007740850979,0.825,0.8458906151592257,0.013271845588521538,0.010695541039356831,0.033881546358946905,0.026377650008345285
825,5,gini,random,10,2,None,0.900892857142857,0.9007729521800619,0.8714285714285714,0.8701896793729701,0.02102077966780884,0.020236557093240622,0.04487186161743882,0.04699844681932879
826,5,gini,random,10,2,sqrt,0.8071428571428573,0.7850630731945986,0.8035714285714286,0.784528882510892,0.03438203943294394,0.0720395862250462,0.04425854993086089,0.08016195474012519
827,5,gini,random,10,2,log2,0.8071428571428573,0.7850630731945986,0.8035714285714286,0.784528882510892,0.03438203943294394,0.0720395862250462,0.04425854993086089,0.08016195474012519
828,5,gini,random,10,2,0.25,0.8071428571428573,0.7850630731945986,0.8035714285714286,0.784528882510892,0.03438203943294394,0.0720395862250462,0.04425854993086089,0.08016195474012519
829,5,gini,random,10,2,0.5,0.8071428571428573,0.7850630731945986,0.8035714285714286,0.784528882510892,0.03438203943294394,0.0720395862250462,0.04425854993086089,0.08016195474012519
830,5,gini,random,10,5,None,0.900892857142857,0.9007729521800619,0.8714285714285714,0.8701896793729701,0.02102077966780884,0.020236557093240622,0.04487186161743882,0.04699844681932879
831,5,gini,random,10,5,sqrt,0.8071428571428573,0.7850630731945986,0.8035714285714286,0.784528882510892,0.03438203943294394,0.0720395862250462,0.04425854993086089,0.08016195474012519
832,5,gini,random,10,5,log2,0.8071428571428573,0.7850630731945986,0.8035714285714286,0.784528882510892,0.03438203943294394,0.0720395862250462,0.04425854993086089,0.08016195474012519
833,5,gini,random,10,5,0.25,0.8071428571428573,0.7850630731945986,0.8035714285714286,0.784528882510892,0.03438203943294394,0.0720395862250462,0.04425854993086089,0.08016195474012519
834,5,gini,random,10,5,0.5,0.8071428571428573,0.7850630731945986,0.8035714285714286,0.784528882510892,0.03438203943294394,0.0720395862250462,0.04425854993086089,0.08016195474012519
835,5,gini,random,10,10,None,0.900892857142857,0.9007729521800619,0.8714285714285714,0.8701896793729701,0.02102077966780884,0.020236557093240622,0.04487186161743882,0.04699844681932879
836,5,gini,random,10,10,sqrt,0.8071428571428573,0.7850630731945986,0.8035714285714286,0.784528882510892,0.03438203943294394,0.0720395862250462,0.04425854993086089,0.08016195474012519
837,5,gini,random,10,10,log2,0.8071428571428573,0.7850630731945986,0.8035714285714286,0.784528882510892,0.03438203943294394,0.0720395862250462,0.04425854993086089,0.08016195474012519
838,5,gini,random,10,10,0.25,0.8071428571428573,0.7850630731945986,0.8035714285714286,0.784528882510892,0.03438203943294394,0.0720395862250462,0.04425854993086089,0.08016195474012519
839,5,gini,random,10,10,0.5,0.8071428571428573,0.7850630731945986,0.8035714285714286,0.784528882510892,0.03438203943294394,0.0720395862250462,0.04425854993086089,0.08016195474012519
840,5,entropy,best,1,2,None,0.9892857142857141,0.9892240571682671,0.9511904761904761,0.949881333881068,0.004400048038433771,0.0044491779600478515,0.02183570154590741,0.023126659440943775
841,5,entropy,best,1,2,sqrt,0.951190476190476,0.951320898627822,0.9047619047619049,0.9052347655481865,0.03015891663625367,0.03050348246845353,0.04944418966022665,0.04910481325360158
842,5,entropy,best,1,2,log2,0.951190476190476,0.951320898627822,0.9047619047619049,0.9052347655481865,0.03015891663625367,0.03050348246845353,0.04944418966022665,0.04910481325360158
843,5,entropy,best,1,2,0.25,0.951190476190476,0.951320898627822,0.9047619047619049,0.9052347655481865,0.03015891663625367,0.03050348246845353,0.04944418966022665,0.04910481325360158
844,5,entropy,best,1,2,0.5,0.951190476190476,0.951320898627822,0.9047619047619049,0.9052347655481865,0.03015891663625367,0.03050348246845353,0.04944418966022665,0.04910481325360158
845,5,entropy,best,1,5,None,0.988988095238095,0.9889277967823207,0.9511904761904761,0.949881333881068,0.0044215642940715495,0.0044710190098777875,0.02183570154590741,0.023126659440943775
846,5,entropy,best,1,5,sqrt,0.9309523809523809,0.930142822100558,0.8833333333333333,0.8814439864543221,0.020656440461896627,0.022296212389352428,0.03562915022796587,0.03668753265110866
847,5,entropy,best,1,5,log2,0.9309523809523809,0.930142822100558,0.8833333333333333,0.8814439864543221,0.020656440461896627,0.022296212389352428,0.03562915022796587,0.03668753265110866
848,5,entropy,best,1,5,0.25,0.9309523809523809,0.930142822100558,0.8833333333333333,0.8814439864543221,0.020656440461896627,0.022296212389352428,0.03562915022796587,0.03668753265110866
849,5,entropy,best,1,5,0.5,0.9309523809523809,0.930142822100558,0.8833333333333333,0.8814439864543221,0.020656440461896627,0.022296212389352428,0.03562915022796587,0.03668753265110866
850,5,entropy,best,1,10,None,0.9845238095238095,0.984490539289906,0.9452380952380952,0.9441904131818718,0.007329098355299402,0.007308551827971403,0.027388345644859473,0.02843201112041328
851,5,entropy,best,1,10,sqrt,0.9288690476190476,0.9284088076272634,0.8726190476190475,0.8718925497961355,0.016996701932410388,0.018587011324997217,0.034326789454401964,0.03329228328944186
852,5,entropy,best,1,10,log2,0.9288690476190476,0.9284088076272634,0.8726190476190475,0.8718925497961355,0.016996701932410388,0.018587011324997217,0.034326789454401964,0.03329228328944186
853,5,entropy,best,1,10,0.25,0.9288690476190476,0.9284088076272634,0.8726190476190475,0.8718925497961355,0.016996701932410388,0.018587011324997217,0.034326789454401964,0.03329228328944186
854,5,entropy,best,1,10,0.5,0.9288690476190476,0.9284088076272634,0.8726190476190475,0.8718925497961355,0.016996701932410388,0.018587011324997217,0.034326789454401964,0.03329228328944186
855,5,entropy,best,3,2,None,0.9848214285714287,0.9847154030713775,0.9488095238095238,0.9477357400113361,0.005545169673286803,0.005574024544998147,0.022249032256391882,0.02306527135821033
856,5,entropy,best,3,2,sqrt,0.9288690476190475,0.9280560195245081,0.8773809523809525,0.8768267075250996,0.018900232283474462,0.02015234978545161,0.04207766201237422,0.04029498643579063
857,5,entropy,best,3,2,log2,0.9288690476190475,0.9280560195245081,0.8773809523809525,0.8768267075250996,0.018900232283474462,0.02015234978545161,0.04207766201237422,0.04029498643579063
858,5,entropy,best,3,2,0.25,0.9288690476190475,0.9280560195245081,0.8773809523809525,0.8768267075250996,0.018900232283474462,0.02015234978545161,0.04207766201237422,0.04029498643579063
859,5,entropy,best,3,2,0.5,0.9288690476190475,0.9280560195245081,0.8773809523809525,0.8768267075250996,0.018900232283474462,0.02015234978545161,0.04207766201237422,0.04029498643579063
860,5,entropy,best,3,5,None,0.9848214285714287,0.9847154030713775,0.9488095238095238,0.9477357400113361,0.005545169673286803,0.005574024544998147,0.022249032256391882,0.02306527135821033
861,5,entropy,best,3,5,sqrt,0.9288690476190475,0.9280560195245081,0.8773809523809525,0.8768267075250996,0.018900232283474462,0.02015234978545161,0.04207766201237422,0.04029498643579063
862,5,entropy,best,3,5,log2,0.9288690476190475,0.9280560195245081,0.8773809523809525,0.8768267075250996,0.018900232283474462,0.02015234978545161,0.04207766201237422,0.04029498643579063
863,5,entropy,best,3,5,0.25,0.9288690476190475,0.9280560195245081,0.8773809523809525,0.8768267075250996,0.018900232283474462,0.02015234978545161,0.04207766201237422,0.04029498643579063
864,5,entropy,best,3,5,0.5,0.9288690476190475,0.9280560195245081,0.8773809523809525,0.8768267075250996,0.018900232283474462,0.02015234978545161,0.04207766201237422,0.04029498643579063
865,5,entropy,best,3,10,None,0.980952380952381,0.980854874748626,0.9428571428571428,0.9420448193121401,0.00868065678593389,0.008691839331525257,0.027165672473416592,0.02791735069167213
866,5,entropy,best,3,10,sqrt,0.9279761904761904,0.9272285918286645,0.8773809523809525,0.8768267075250996,0.018084227875748576,0.019358330999513347,0.04207766201237422,0.04029498643579063
867,5,entropy,best,3,10,log2,0.9279761904761904,0.9272285918286645,0.8773809523809525,0.8768267075250996,0.018084227875748576,0.019358330999513347,0.04207766201237422,0.04029498643579063
868,5,entropy,best,3,10,0.25,0.9279761904761904,0.9272285918286645,0.8773809523809525,0.8768267075250996,0.018084227875748576,0.019358330999513347,0.04207766201237422,0.04029498643579063
869,5,entropy,best,3,10,0.5,0.9279761904761904,0.9272285918286645,0.8773809523809525,0.8768267075250996,0.018084227875748576,0.019358330999513347,0.04207766201237422,0.04029498643579063
870,5,entropy,best,5,2,None,0.9755952380952382,0.9754405322159505,0.9380952380952382,0.9375319612161715,0.009525138087605306,0.009632537910310459,0.030083298673624397,0.03046486712487202
871,5,entropy,best,5,2,sqrt,0.926488095238095,0.9254344138196283,0.875,0.8728886127014039,0.019005387387713134,0.02102644768168103,0.036346446042793405,0.03765295459101661
872,5,entropy,best,5,2,log2,0.926488095238095,0.9254344138196283,0.875,0.8728886127014039,0.019005387387713134,0.02102644768168103,0.036346446042793405,0.03765295459101661
873,5,entropy,best,5,2,0.25,0.926488095238095,0.9254344138196283,0.875,0.8728886127014039,0.019005387387713134,0.02102644768168103,0.036346446042793405,0.03765295459101661
874,5,entropy,best,5,2,0.5,0.926488095238095,0.9254344138196283,0.875,0.8728886127014039,0.019005387387713134,0.02102644768168103,0.036346446042793405,0.03765295459101661
875,5,entropy,best,5,5,None,0.9755952380952382,0.9754405322159505,0.9380952380952382,0.9375319612161715,0.009525138087605306,0.009632537910310459,0.030083298673624397,0.03046486712487202
876,5,entropy,best,5,5,sqrt,0.926488095238095,0.9254344138196283,0.875,0.8728886127014039,0.019005387387713134,0.02102644768168103,0.036346446042793405,0.03765295459101661
877,5,entropy,best,5,5,log2,0.926488095238095,0.9254344138196283,0.875,0.8728886127014039,0.019005387387713134,0.02102644768168103,0.036346446042793405,0.03765295459101661
878,5,entropy,best,5,5,0.25,0.926488095238095,0.9254344138196283,0.875,0.8728886127014039,0.019005387387713134,0.02102644768168103,0.036346446042793405,0.03765295459101661
879,5,entropy,best,5,5,0.5,0.926488095238095,0.9254344138196283,0.875,0.8728886127014039,0.019005387387713134,0.02102644768168103,0.036346446042793405,0.03765295459101661
880,5,entropy,best,5,10,None,0.9755952380952382,0.9754405322159505,0.9380952380952382,0.9375319612161715,0.009525138087605306,0.009632537910310459,0.030083298673624397,0.03046486712487202
881,5,entropy,best,5,10,sqrt,0.926488095238095,0.9254344138196283,0.875,0.8728886127014039,0.019005387387713134,0.02102644768168103,0.036346446042793405,0.03765295459101661
882,5,entropy,best,5,10,log2,0.926488095238095,0.9254344138196283,0.875,0.8728886127014039,0.019005387387713134,0.02102644768168103,0.036346446042793405,0.03765295459101661
883,5,entropy,best,5,10,0.25,0.926488095238095,0.9254344138196283,0.875,0.8728886127014039,0.019005387387713134,0.02102644768168103,0.036346446042793405,0.03765295459101661
884,5,entropy,best,5,10,0.5,0.926488095238095,0.9254344138196283,0.875,0.8728886127014039,0.019005387387713134,0.02102644768168103,0.036346446042793405,0.03765295459101661
885,5,entropy,best,10,2,None,0.9630952380952381,0.9629650514804748,0.9154761904761906,0.9148825521312328,0.01426443994139251,0.013653080981976443,0.04131288092379322,0.04044595256330894
886,5,entropy,best,10,2,sqrt,0.9169642857142857,0.9169614011883034,0.867857142857143,0.8652972106463941,0.01719101971647198,0.01812085547560292,0.0425798854769517,0.04397607679707439
887,5,entropy,best,10,2,log2,0.9169642857142857,0.9169614011883034,0.867857142857143,0.8652972106463941,0.01719101971647198,0.01812085547560292,0.0425798854769517,0.04397607679707439
888,5,entropy,best,10,2,0.25,0.9169642857142857,0.9169614011883034,0.867857142857143,0.8652972106463941,0.01719101971647198,0.01812085547560292,0.0425798854769517,0.04397607679707439
889,5,entropy,best,10,2,0.5,0.9169642857142857,0.9169614011883034,0.867857142857143,0.8652972106463941,0.01719101971647198,0.01812085547560292,0.0425798854769517,0.04397607679707439
890,5,entropy,best,10,5,None,0.9630952380952381,0.9629650514804748,0.9154761904761906,0.9148825521312328,0.01426443994139251,0.013653080981976443,0.04131288092379322,0.04044595256330894
891,5,entropy,best,10,5,sqrt,0.9169642857142857,0.9169614011883034,0.867857142857143,0.8652972106463941,0.01719101971647198,0.01812085547560292,0.0425798854769517,0.04397607679707439
892,5,entropy,best,10,5,log2,0.9169642857142857,0.9169614011883034,0.867857142857143,0.8652972106463941,0.01719101971647198,0.01812085547560292,0.0425798854769517,0.04397607679707439
893,5,entropy,best,10,5,0.25,0.9169642857142857,0.9169614011883034,0.867857142857143,0.8652972106463941,0.01719101971647198,0.01812085547560292,0.0425798854769517,0.04397607679707439
894,5,entropy,best,10,5,0.5,0.9169642857142857,0.9169614011883034,0.867857142857143,0.8652972106463941,0.01719101971647198,0.01812085547560292,0.0425798854769517,0.04397607679707439
895,5,entropy,best,10,10,None,0.9630952380952381,0.9629650514804748,0.9154761904761906,0.9148825521312328,0.01426443994139251,0.013653080981976443,0.04131288092379322,0.04044595256330894
896,5,entropy,best,10,10,sqrt,0.9169642857142857,0.9169614011883034,0.867857142857143,0.8652972106463941,0.01719101971647198,0.01812085547560292,0.0425798854769517,0.04397607679707439
897,5,entropy,best,10,10,log2,0.9169642857142857,0.9169614011883034,0.867857142857143,0.8652972106463941,0.01719101971647198,0.01812085547560292,0.0425798854769517,0.04397607679707439
898,5,entropy,best,10,10,0.25,0.9169642857142857,0.9169614011883034,0.867857142857143,0.8652972106463941,0.01719101971647198,0.01812085547560292,0.0425798854769517,0.04397607679707439
899,5,entropy,best,10,10,0.5,0.9169642857142857,0.9169614011883034,0.867857142857143,0.8652972106463941,0.01719101971647198,0.01812085547560292,0.0425798854769517,0.04397607679707439
900,5,entropy,random,1,2,None,0.9047619047619048,0.8948613578452936,0.8952380952380952,0.8827754494060209,0.020224647893352977,0.02519578530827708,0.03227486121839515,0.04187220350176746
901,5,entropy,random,1,2,sqrt,0.8407738095238095,0.8595253639339508,0.8333333333333335,0.8534122818482264,0.014677607264294084,0.0121921786311984,0.03141658707808022,0.02440281297948763
902,5,entropy,random,1,2,log2,0.8407738095238095,0.8595253639339508,0.8333333333333335,0.8534122818482264,0.014677607264294084,0.0121921786311984,0.03141658707808022,0.02440281297948763
903,5,entropy,random,1,2,0.25,0.8407738095238095,0.8595253639339508,0.8333333333333335,0.8534122818482264,0.014677607264294084,0.0121921786311984,0.03141658707808022,0.02440281297948763
904,5,entropy,random,1,2,0.5,0.8407738095238095,0.8595253639339508,0.8333333333333335,0.8534122818482264,0.014677607264294084,0.0121921786311984,0.03141658707808022,0.02440281297948763
905,5,entropy,random,1,5,None,0.9002976190476191,0.8895443276037586,0.8916666666666667,0.8785214811520528,0.021187167726896824,0.02645901392404802,0.03472262714373551,0.04462864653754086
906,5,entropy,random,1,5,sqrt,0.8407738095238095,0.8595253639339508,0.8333333333333335,0.8534122818482264,0.014677607264294084,0.0121921786311984,0.03141658707808022,0.02440281297948763
907,5,entropy,random,1,5,log2,0.8407738095238095,0.8595253639339508,0.8333333333333335,0.8534122818482264,0.014677607264294084,0.0121921786311984,0.03141658707808022,0.02440281297948763
908,5,entropy,random,1,5,0.25,0.8407738095238095,0.8595253639339508,0.8333333333333335,0.8534122818482264,0.014677607264294084,0.0121921786311984,0.03141658707808022,0.02440281297948763
909,5,entropy,random,1,5,0.5,0.8407738095238095,0.8595253639339508,0.8333333333333335,0.8534122818482264,0.014677607264294084,0.0121921786311984,0.03141658707808022,0.02440281297948763
910,5,entropy,random,1,10,None,0.8982142857142857,0.8877688893173912,0.8952380952380952,0.8831352100055152,0.019764235376052368,0.024940334191356387,0.036262794732714924,0.04591542601525574
911,5,entropy,random,1,10,sqrt,0.8380952380952381,0.8574303011649468,0.8285714285714286,0.8494965712586602,0.015229755636717537,0.012527460426008436,0.03151310523812705,0.024197385830073297
912,5,entropy,random,1,10,log2,0.8380952380952381,0.8574303011649468,0.8285714285714286,0.8494965712586602,0.015229755636717537,0.012527460426008436,0.03151310523812705,0.024197385830073297
913,5,entropy,random,1,10,0.25,0.8380952380952381,0.8574303011649468,0.8285714285714286,0.8494965712586602,0.015229755636717537,0.012527460426008436,0.03151310523812705,0.024197385830073297
914,5,entropy,random,1,10,0.5,0.8380952380952381,0.8574303011649468,0.8285714285714286,0.8494965712586602,0.015229755636717537,0.012527460426008436,0.03151310523812705,0.024197385830073297
915,5,entropy,random,3,2,None,0.8991071428571428,0.8888988033624894,0.888095238095238,0.876394752397873,0.022372390803452165,0.027229571912454634,0.03338492120767639,0.04210426047914595
916,5,entropy,random,3,2,sqrt,0.8377976190476191,0.8570322593221413,0.8261904761904761,0.847644586799205,0.014482331063138672,0.012125290751564887,0.032695550586933096,0.025414821971192617
917,5,entropy,random,3,2,log2,0.8377976190476191,0.8570322593221413,0.8261904761904761,0.847644586799205,0.014482331063138672,0.012125290751564887,0.032695550586933096,0.025414821971192617
918,5,entropy,random,3,2,0.25,0.8377976190476191,0.8570322593221413,0.8261904761904761,0.847644586799205,0.014482331063138672,0.012125290751564887,0.032695550586933096,0.025414821971192617
919,5,entropy,random,3,2,0.5,0.8377976190476191,0.8570322593221413,0.8261904761904761,0.847644586799205,0.014482331063138672,0.012125290751564887,0.032695550586933096,0.025414821971192617
920,5,entropy,random,3,5,None,0.8991071428571428,0.8888988033624894,0.888095238095238,0.876394752397873,0.022372390803452165,0.027229571912454634,0.03338492120767639,0.04210426047914595
921,5,entropy,random,3,5,sqrt,0.8377976190476191,0.8570322593221413,0.8261904761904761,0.847644586799205,0.014482331063138672,0.012125290751564887,0.032695550586933096,0.025414821971192617
922,5,entropy,random,3,5,log2,0.8377976190476191,0.8570322593221413,0.8261904761904761,0.847644586799205,0.014482331063138672,0.012125290751564887,0.032695550586933096,0.025414821971192617
923,5,entropy,random,3,5,0.25,0.8377976190476191,0.8570322593221413,0.8261904761904761,0.847644586799205,0.014482331063138672,0.012125290751564887,0.032695550586933096,0.025414821971192617
924,5,entropy,random,3,5,0.5,0.8377976190476191,0.8570322593221413,0.8261904761904761,0.847644586799205,0.014482331063138672,0.012125290751564887,0.032695550586933096,0.025414821971192617
925,5,entropy,random,3,10,None,0.8976190476190476,0.8875291051476165,0.8904761904761904,0.87904769693761,0.02035095084251258,0.02527598835169262,0.036262794732714924,0.04521849258139536
926,5,entropy,random,3,10,sqrt,0.837202380952381,0.8564339275336895,0.8273809523809523,0.8486824599967877,0.014793535757024521,0.01241156053391888,0.0335210941231752,0.02549675431615759
927,5,entropy,random,3,10,log2,0.837202380952381,0.8564339275336895,0.8273809523809523,0.8486824599967877,0.014793535757024521,0.01241156053391888,0.0335210941231752,0.02549675431615759
928,5,entropy,random,3,10,0.25,0.837202380952381,0.8564339275336895,0.8273809523809523,0.8486824599967877,0.014793535757024521,0.01241156053391888,0.0335210941231752,0.02549675431615759
929,5,entropy,random,3,10,0.5,0.837202380952381,0.8564339275336895,0.8273809523809523,0.8486824599967877,0.014793535757024521,0.01241156053391888,0.0335210941231752,0.02549675431615759
930,5,entropy,random,5,2,None,0.8889880952380952,0.8803647011856532,0.888095238095238,0.8785347525551004,0.02244016041207654,0.026870245275597556,0.037254215589690116,0.044088625720578575
931,5,entropy,random,5,2,sqrt,0.8342261904761906,0.8532007740850979,0.825,0.8458906151592257,0.013271845588521538,0.010695541039356831,0.033881546358946905,0.026377650008345285
932,5,entropy,random,5,2,log2,0.8342261904761906,0.8532007740850979,0.825,0.8458906151592257,0.013271845588521538,0.010695541039356831,0.033881546358946905,0.026377650008345285
933,5,entropy,random,5,2,0.25,0.8342261904761906,0.8532007740850979,0.825,0.8458906151592257,0.013271845588521538,0.010695541039356831,0.033881546358946905,0.026377650008345285
934,5,entropy,random,5,2,0.5,0.8342261904761906,0.8532007740850979,0.825,0.8458906151592257,0.013271845588521538,0.010695541039356831,0.033881546358946905,0.026377650008345285
935,5,entropy,random,5,5,None,0.8889880952380952,0.8803647011856532,0.888095238095238,0.8785347525551004,0.02244016041207654,0.026870245275597556,0.037254215589690116,0.044088625720578575
936,5,entropy,random,5,5,sqrt,0.8342261904761906,0.8532007740850979,0.825,0.8458906151592257,0.013271845588521538,0.010695541039356831,0.033881546358946905,0.026377650008345285
937,5,entropy,random,5,5,log2,0.8342261904761906,0.8532007740850979,0.825,0.8458906151592257,0.013271845588521538,0.010695541039356831,0.033881546358946905,0.026377650008345285
938,5,entropy,random,5,5,0.25,0.8342261904761906,0.8532007740850979,0.825,0.8458906151592257,0.013271845588521538,0.010695541039356831,0.033881546358946905,0.026377650008345285
939,5,entropy,random,5,5,0.5,0.8342261904761906,0.8532007740850979,0.825,0.8458906151592257,0.013271845588521538,0.010695541039356831,0.033881546358946905,0.026377650008345285
940,5,entropy,random,5,10,None,0.8889880952380952,0.8803647011856532,0.888095238095238,0.8785347525551004,0.02244016041207654,0.026870245275597556,0.037254215589690116,0.044088625720578575
941,5,entropy,random,5,10,sqrt,0.8342261904761906,0.8532007740850979,0.825,0.8458906151592257,0.013271845588521538,0.010695541039356831,0.033881546358946905,0.026377650008345285
942,5,entropy,random,5,10,log2,0.8342261904761906,0.8532007740850979,0.825,0.8458906151592257,0.013271845588521538,0.010695541039356831,0.033881546358946905,0.026377650008345285
943,5,entropy,random,5,10,0.25,0.8342261904761906,0.8532007740850979,0.825,0.8458906151592257,0.013271845588521538,0.010695541039356831,0.033881546358946905,0.026377650008345285
944,5,entropy,random,5,10,0.5,0.8342261904761906,0.8532007740850979,0.825,0.8458906151592257,0.013271845588521538,0.010695541039356831,0.033881546358946905,0.026377650008345285
945,5,entropy,random,10,2,None,0.900892857142857,0.9007729521800619,0.8714285714285714,0.8701896793729701,0.02102077966780884,0.020236557093240622,0.04487186161743882,0.04699844681932879
946,5,entropy,random,10,2,sqrt,0.8071428571428573,0.7850630731945986,0.8035714285714286,0.784528882510892,0.03438203943294394,0.0720395862250462,0.04425854993086089,0.08016195474012519
947,5,entropy,random,10,2,log2,0.8071428571428573,0.7850630731945986,0.8035714285714286,0.784528882510892,0.03438203943294394,0.0720395862250462,0.04425854993086089,0.08016195474012519
948,5,entropy,random,10,2,0.25,0.8071428571428573,0.7850630731945986,0.8035714285714286,0.784528882510892,0.03438203943294394,0.0720395862250462,0.04425854993086089,0.08016195474012519
949,5,entropy,random,10,2,0.5,0.8071428571428573,0.7850630731945986,0.8035714285714286,0.784528882510892,0.03438203943294394,0.0720395862250462,0.04425854993086089,0.08016195474012519
950,5,entropy,random,10,5,None,0.900892857142857,0.9007729521800619,0.8714285714285714,0.8701896793729701,0.02102077966780884,0.020236557093240622,0.04487186161743882,0.04699844681932879
951,5,entropy,random,10,5,sqrt,0.8071428571428573,0.7850630731945986,0.8035714285714286,0.784528882510892,0.03438203943294394,0.0720395862250462,0.04425854993086089,0.08016195474012519
952,5,entropy,random,10,5,log2,0.8071428571428573,0.7850630731945986,0.8035714285714286,0.784528882510892,0.03438203943294394,0.0720395862250462,0.04425854993086089,0.08016195474012519
953,5,entropy,random,10,5,0.25,0.8071428571428573,0.7850630731945986,0.8035714285714286,0.784528882510892,0.03438203943294394,0.0720395862250462,0.04425854993086089,0.08016195474012519
954,5,entropy,random,10,5,0.5,0.8071428571428573,0.7850630731945986,0.8035714285714286,0.784528882510892,0.03438203943294394,0.0720395862250462,0.04425854993086089,0.08016195474012519
955,5,entropy,random,10,10,None,0.900892857142857,0.9007729521800619,0.8714285714285714,0.8701896793729701,0.02102077966780884,0.020236557093240622,0.04487186161743882,0.04699844681932879
956,5,entropy,random,10,10,sqrt,0.8071428571428573,0.7850630731945986,0.8035714285714286,0.784528882510892,0.03438203943294394,0.0720395862250462,0.04425854993086089,0.08016195474012519
957,5,entropy,random,10,10,log2,0.8071428571428573,0.7850630731945986,0.8035714285714286,0.784528882510892,0.03438203943294394,0.0720395862250462,0.04425854993086089,0.08016195474012519
958,5,entropy,random,10,10,0.25,0.8071428571428573,0.7850630731945986,0.8035714285714286,0.784528882510892,0.03438203943294394,0.0720395862250462,0.04425854993086089,0.08016195474012519
959,5,entropy,random,10,10,0.5,0.8071428571428573,0.7850630731945986,0.8035714285714286,0.784528882510892,0.03438203943294394,0.0720395862250462,0.04425854993086089,0.08016195474012519
960,5,log_loss,best,1,2,None,0.9892857142857141,0.9892240571682671,0.9511904761904761,0.949881333881068,0.004400048038433771,0.0044491779600478515,0.02183570154590741,0.023126659440943775
961,5,log_loss,best,1,2,sqrt,0.951190476190476,0.951320898627822,0.9047619047619049,0.9052347655481865,0.03015891663625367,0.03050348246845353,0.04944418966022665,0.04910481325360158
962,5,log_loss,best,1,2,log2,0.951190476190476,0.951320898627822,0.9047619047619049,0.9052347655481865,0.03015891663625367,0.03050348246845353,0.04944418966022665,0.04910481325360158
963,5,log_loss,best,1,2,0.25,0.951190476190476,0.951320898627822,0.9047619047619049,0.9052347655481865,0.03015891663625367,0.03050348246845353,0.04944418966022665,0.04910481325360158
964,5,log_loss,best,1,2,0.5,0.951190476190476,0.951320898627822,0.9047619047619049,0.9052347655481865,0.03015891663625367,0.03050348246845353,0.04944418966022665,0.04910481325360158
965,5,log_loss,best,1,5,None,0.988988095238095,0.9889277967823207,0.9511904761904761,0.949881333881068,0.0044215642940715495,0.0044710190098777875,0.02183570154590741,0.023126659440943775
966,5,log_loss,best,1,5,sqrt,0.9309523809523809,0.930142822100558,0.8833333333333333,0.8814439864543221,0.020656440461896627,0.022296212389352428,0.03562915022796587,0.03668753265110866
967,5,log_loss,best,1,5,log2,0.9309523809523809,0.930142822100558,0.8833333333333333,0.8814439864543221,0.020656440461896627,0.022296212389352428,0.03562915022796587,0.03668753265110866
968,5,log_loss,best,1,5,0.25,0.9309523809523809,0.930142822100558,0.8833333333333333,0.8814439864543221,0.020656440461896627,0.022296212389352428,0.03562915022796587,0.03668753265110866
969,5,log_loss,best,1,5,0.5,0.9309523809523809,0.930142822100558,0.8833333333333333,0.8814439864543221,0.020656440461896627,0.022296212389352428,0.03562915022796587,0.03668753265110866
970,5,log_loss,best,1,10,None,0.9845238095238095,0.984490539289906,0.9452380952380952,0.9441904131818718,0.007329098355299402,0.007308551827971403,0.027388345644859473,0.02843201112041328
971,5,log_loss,best,1,10,sqrt,0.9288690476190476,0.9284088076272634,0.8726190476190475,0.8718925497961355,0.016996701932410388,0.018587011324997217,0.034326789454401964,0.03329228328944186
972,5,log_loss,best,1,10,log2,0.9288690476190476,0.9284088076272634,0.8726190476190475,0.8718925497961355,0.016996701932410388,0.018587011324997217,0.034326789454401964,0.03329228328944186
973,5,log_loss,best,1,10,0.25,0.9288690476190476,0.9284088076272634,0.8726190476190475,0.8718925497961355,0.016996701932410388,0.018587011324997217,0.034326789454401964,0.03329228328944186
974,5,log_loss,best,1,10,0.5,0.9288690476190476,0.9284088076272634,0.8726190476190475,0.8718925497961355,0.016996701932410388,0.018587011324997217,0.034326789454401964,0.03329228328944186
975,5,log_loss,best,3,2,None,0.9848214285714287,0.9847154030713775,0.9488095238095238,0.9477357400113361,0.005545169673286803,0.005574024544998147,0.022249032256391882,0.02306527135821033
976,5,log_loss,best,3,2,sqrt,0.9288690476190475,0.9280560195245081,0.8773809523809525,0.8768267075250996,0.018900232283474462,0.02015234978545161,0.04207766201237422,0.04029498643579063
977,5,log_loss,best,3,2,log2,0.9288690476190475,0.9280560195245081,0.8773809523809525,0.8768267075250996,0.018900232283474462,0.02015234978545161,0.04207766201237422,0.04029498643579063
978,5,log_loss,best,3,2,0.25,0.9288690476190475,0.9280560195245081,0.8773809523809525,0.8768267075250996,0.018900232283474462,0.02015234978545161,0.04207766201237422,0.04029498643579063
979,5,log_loss,best,3,2,0.5,0.9288690476190475,0.9280560195245081,0.8773809523809525,0.8768267075250996,0.018900232283474462,0.02015234978545161,0.04207766201237422,0.04029498643579063
980,5,log_loss,best,3,5,None,0.9848214285714287,0.9847154030713775,0.9488095238095238,0.9477357400113361,0.005545169673286803,0.005574024544998147,0.022249032256391882,0.02306527135821033
981,5,log_loss,best,3,5,sqrt,0.9288690476190475,0.9280560195245081,0.8773809523809525,0.8768267075250996,0.018900232283474462,0.02015234978545161,0.04207766201237422,0.04029498643579063
982,5,log_loss,best,3,5,log2,0.9288690476190475,0.9280560195245081,0.8773809523809525,0.8768267075250996,0.018900232283474462,0.02015234978545161,0.04207766201237422,0.04029498643579063
983,5,log_loss,best,3,5,0.25,0.9288690476190475,0.9280560195245081,0.8773809523809525,0.8768267075250996,0.018900232283474462,0.02015234978545161,0.04207766201237422,0.04029498643579063
984,5,log_loss,best,3,5,0.5,0.9288690476190475,0.9280560195245081,0.8773809523809525,0.8768267075250996,0.018900232283474462,0.02015234978545161,0.04207766201237422,0.04029498643579063
985,5,log_loss,best,3,10,None,0.980952380952381,0.980854874748626,0.9428571428571428,0.9420448193121401,0.00868065678593389,0.008691839331525257,0.027165672473416592,0.02791735069167213
986,5,log_loss,best,3,10,sqrt,0.9279761904761904,0.9272285918286645,0.8773809523809525,0.8768267075250996,0.018084227875748576,0.019358330999513347,0.04207766201237422,0.04029498643579063
987,5,log_loss,best,3,10,log2,0.9279761904761904,0.9272285918286645,0.8773809523809525,0.8768267075250996,0.018084227875748576,0.019358330999513347,0.04207766201237422,0.04029498643579063
988,5,log_loss,best,3,10,0.25,0.9279761904761904,0.9272285918286645,0.8773809523809525,0.8768267075250996,0.018084227875748576,0.019358330999513347,0.04207766201237422,0.04029498643579063
989,5,log_loss,best,3,10,0.5,0.9279761904761904,0.9272285918286645,0.8773809523809525,0.8768267075250996,0.018084227875748576,0.019358330999513347,0.04207766201237422,0.04029498643579063
990,5,log_loss,best,5,2,None,0.9755952380952382,0.9754405322159505,0.9380952380952382,0.9375319612161715,0.009525138087605306,0.009632537910310459,0.030083298673624397,0.03046486712487202
991,5,log_loss,best,5,2,sqrt,0.926488095238095,0.9254344138196283,0.875,0.8728886127014039,0.019005387387713134,0.02102644768168103,0.036346446042793405,0.03765295459101661
992,5,log_loss,best,5,2,log2,0.926488095238095,0.9254344138196283,0.875,0.8728886127014039,0.019005387387713134,0.02102644768168103,0.036346446042793405,0.03765295459101661
993,5,log_loss,best,5,2,0.25,0.926488095238095,0.9254344138196283,0.875,0.8728886127014039,0.019005387387713134,0.02102644768168103,0.036346446042793405,0.03765295459101661
994,5,log_loss,best,5,2,0.5,0.926488095238095,0.9254344138196283,0.875,0.8728886127014039,0.019005387387713134,0.02102644768168103,0.036346446042793405,0.03765295459101661
995,5,log_loss,best,5,5,None,0.9755952380952382,0.9754405322159505,0.9380952380952382,0.9375319612161715,0.009525138087605306,0.009632537910310459,0.030083298673624397,0.03046486712487202
996,5,log_loss,best,5,5,sqrt,0.926488095238095,0.9254344138196283,0.875,0.8728886127014039,0.019005387387713134,0.02102644768168103,0.036346446042793405,0.03765295459101661
997,5,log_loss,best,5,5,log2,0.926488095238095,0.9254344138196283,0.875,0.8728886127014039,0.019005387387713134,0.02102644768168103,0.036346446042793405,0.03765295459101661
998,5,log_loss,best,5,5,0.25,0.926488095238095,0.9254344138196283,0.875,0.8728886127014039,0.019005387387713134,0.02102644768168103,0.036346446042793405,0.03765295459101661
999,5,log_loss,best,5,5,0.5,0.926488095238095,0.9254344138196283,0.875,0.8728886127014039,0.019005387387713134,0.02102644768168103,0.036346446042793405,0.03765295459101661
1000,5,log_loss,best,5,10,None,0.9755952380952382,0.9754405322159505,0.9380952380952382,0.9375319612161715,0.009525138087605306,0.009632537910310459,0.030083298673624397,0.03046486712487202
1001,5,log_loss,best,5,10,sqrt,0.926488095238095,0.9254344138196283,0.875,0.8728886127014039,0.019005387387713134,0.02102644768168103,0.036346446042793405,0.03765295459101661
1002,5,log_loss,best,5,10,log2,0.926488095238095,0.9254344138196283,0.875,0.8728886127014039,0.019005387387713134,0.02102644768168103,0.036346446042793405,0.03765295459101661
1003,5,log_loss,best,5,10,0.25,0.926488095238095,0.9254344138196283,0.875,0.8728886127014039,0.019005387387713134,0.02102644768168103,0.036346446042793405,0.03765295459101661
1004,5,log_loss,best,5,10,0.5,0.926488095238095,0.9254344138196283,0.875,0.8728886127014039,0.019005387387713134,0.02102644768168103,0.036346446042793405,0.03765295459101661
1005,5,log_loss,best,10,2,None,0.9630952380952381,0.9629650514804748,0.9154761904761906,0.9148825521312328,0.01426443994139251,0.013653080981976443,0.04131288092379322,0.04044595256330894
1006,5,log_loss,best,10,2,sqrt,0.9169642857142857,0.9169614011883034,0.867857142857143,0.8652972106463941,0.01719101971647198,0.01812085547560292,0.0425798854769517,0.04397607679707439
1007,5,log_loss,best,10,2,log2,0.9169642857142857,0.9169614011883034,0.867857142857143,0.8652972106463941,0.01719101971647198,0.01812085547560292,0.0425798854769517,0.04397607679707439
1008,5,log_loss,best,10,2,0.25,0.9169642857142857,0.9169614011883034,0.867857142857143,0.8652972106463941,0.01719101971647198,0.01812085547560292,0.0425798854769517,0.04397607679707439
1009,5,log_loss,best,10,2,0.5,0.9169642857142857,0.9169614011883034,0.867857142857143,0.8652972106463941,0.01719101971647198,0.01812085547560292,0.0425798854769517,0.04397607679707439
1010,5,log_loss,best,10,5,None,0.9630952380952381,0.9629650514804748,0.9154761904761906,0.9148825521312328,0.01426443994139251,0.013653080981976443,0.04131288092379322,0.04044595256330894
1011,5,log_loss,best,10,5,sqrt,0.9169642857142857,0.9169614011883034,0.867857142857143,0.8652972106463941,0.01719101971647198,0.01812085547560292,0.0425798854769517,0.04397607679707439
1012,5,log_loss,best,10,5,log2,0.9169642857142857,0.9169614011883034,0.867857142857143,0.8652972106463941,0.01719101971647198,0.01812085547560292,0.0425798854769517,0.04397607679707439
1013,5,log_loss,best,10,5,0.25,0.9169642857142857,0.9169614011883034,0.867857142857143,0.8652972106463941,0.01719101971647198,0.01812085547560292,0.0425798854769517,0.04397607679707439
1014,5,log_loss,best,10,5,0.5,0.9169642857142857,0.9169614011883034,0.867857142857143,0.8652972106463941,0.01719101971647198,0.01812085547560292,0.0425798854769517,0.04397607679707439
1015,5,log_loss,best,10,10,None,0.9630952380952381,0.9629650514804748,0.9154761904761906,0.9148825521312328,0.01426443994139251,0.013653080981976443,0.04131288092379322,0.04044595256330894
1016,5,log_loss,best,10,10,sqrt,0.9169642857142857,0.9169614011883034,0.867857142857143,0.8652972106463941,0.01719101971647198,0.01812085547560292,0.0425798854769517,0.04397607679707439
1017,5,log_loss,best,10,10,log2,0.9169642857142857,0.9169614011883034,0.867857142857143,0.8652972106463941,0.01719101971647198,0.01812085547560292,0.0425798854769517,0.04397607679707439
1018,5,log_loss,best,10,10,0.25,0.9169642857142857,0.9169614011883034,0.867857142857143,0.8652972106463941,0.01719101971647198,0.01812085547560292,0.0425798854769517,0.04397607679707439
1019,5,log_loss,best,10,10,0.5,0.9169642857142857,0.9169614011883034,0.867857142857143,0.8652972106463941,0.01719101971647198,0.01812085547560292,0.0425798854769517,0.04397607679707439
1020,5,log_loss,random,1,2,None,0.9047619047619048,0.8948613578452936,0.8952380952380952,0.8827754494060209,0.020224647893352977,0.02519578530827708,0.03227486121839515,0.04187220350176746
1021,5,log_loss,random,1,2,sqrt,0.8407738095238095,0.8595253639339508,0.8333333333333335,0.8534122818482264,0.014677607264294084,0.0121921786311984,0.03141658707808022,0.02440281297948763
1022,5,log_loss,random,1,2,log2,0.8407738095238095,0.8595253639339508,0.8333333333333335,0.8534122818482264,0.014677607264294084,0.0121921786311984,0.03141658707808022,0.02440281297948763
1023,5,log_loss,random,1,2,0.25,0.8407738095238095,0.8595253639339508,0.8333333333333335,0.8534122818482264,0.014677607264294084,0.0121921786311984,0.03141658707808022,0.02440281297948763
1024,5,log_loss,random,1,2,0.5,0.8407738095238095,0.8595253639339508,0.8333333333333335,0.8534122818482264,0.014677607264294084,0.0121921786311984,0.03141658707808022,0.02440281297948763
1025,5,log_loss,random,1,5,None,0.9002976190476191,0.8895443276037586,0.8916666666666667,0.8785214811520528,0.021187167726896824,0.02645901392404802,0.03472262714373551,0.04462864653754086
1026,5,log_loss,random,1,5,sqrt,0.8407738095238095,0.8595253639339508,0.8333333333333335,0.8534122818482264,0.014677607264294084,0.0121921786311984,0.03141658707808022,0.02440281297948763
1027,5,log_loss,random,1,5,log2,0.8407738095238095,0.8595253639339508,0.8333333333333335,0.8534122818482264,0.014677607264294084,0.0121921786311984,0.03141658707808022,0.02440281297948763
1028,5,log_loss,random,1,5,0.25,0.8407738095238095,0.8595253639339508,0.8333333333333335,0.8534122818482264,0.014677607264294084,0.0121921786311984,0.03141658707808022,0.02440281297948763
1029,5,log_loss,random,1,5,0.5,0.8407738095238095,0.8595253639339508,0.8333333333333335,0.8534122818482264,0.014677607264294084,0.0121921786311984,0.03141658707808022,0.02440281297948763
1030,5,log_loss,random,1,10,None,0.8982142857142857,0.8877688893173912,0.8952380952380952,0.8831352100055152,0.019764235376052368,0.024940334191356387,0.036262794732714924,0.04591542601525574
1031,5,log_loss,random,1,10,sqrt,0.8380952380952381,0.8574303011649468,0.8285714285714286,0.8494965712586602,0.015229755636717537,0.012527460426008436,0.03151310523812705,0.024197385830073297
1032,5,log_loss,random,1,10,log2,0.8380952380952381,0.8574303011649468,0.8285714285714286,0.8494965712586602,0.015229755636717537,0.012527460426008436,0.03151310523812705,0.024197385830073297
1033,5,log_loss,random,1,10,0.25,0.8380952380952381,0.8574303011649468,0.8285714285714286,0.8494965712586602,0.015229755636717537,0.012527460426008436,0.03151310523812705,0.024197385830073297
1034,5,log_loss,random,1,10,0.5,0.8380952380952381,0.8574303011649468,0.8285714285714286,0.8494965712586602,0.015229755636717537,0.012527460426008436,0.03151310523812705,0.024197385830073297
1035,5,log_loss,random,3,2,None,0.8991071428571428,0.8888988033624894,0.888095238095238,0.876394752397873,0.022372390803452165,0.027229571912454634,0.03338492120767639,0.04210426047914595
1036,5,log_loss,random,3,2,sqrt,0.8377976190476191,0.8570322593221413,0.8261904761904761,0.847644586799205,0.014482331063138672,0.012125290751564887,0.032695550586933096,0.025414821971192617
1037,5,log_loss,random,3,2,log2,0.8377976190476191,0.8570322593221413,0.8261904761904761,0.847644586799205,0.014482331063138672,0.012125290751564887,0.032695550586933096,0.025414821971192617
1038,5,log_loss,random,3,2,0.25,0.8377976190476191,0.8570322593221413,0.8261904761904761,0.847644586799205,0.014482331063138672,0.012125290751564887,0.032695550586933096,0.025414821971192617
1039,5,log_loss,random,3,2,0.5,0.8377976190476191,0.8570322593221413,0.8261904761904761,0.847644586799205,0.014482331063138672,0.012125290751564887,0.032695550586933096,0.025414821971192617
1040,5,log_loss,random,3,5,None,0.8991071428571428,0.8888988033624894,0.888095238095238,0.876394752397873,0.022372390803452165,0.027229571912454634,0.03338492120767639,0.04210426047914595
1041,5,log_loss,random,3,5,sqrt,0.8377976190476191,0.8570322593221413,0.8261904761904761,0.847644586799205,0.014482331063138672,0.012125290751564887,0.032695550586933096,0.025414821971192617
1042,5,log_loss,random,3,5,log2,0.8377976190476191,0.8570322593221413,0.8261904761904761,0.847644586799205,0.014482331063138672,0.012125290751564887,0.032695550586933096,0.025414821971192617
1043,5,log_loss,random,3,5,0.25,0.8377976190476191,0.8570322593221413,0.8261904761904761,0.847644586799205,0.014482331063138672,0.012125290751564887,0.032695550586933096,0.025414821971192617
1044,5,log_loss,random,3,5,0.5,0.8377976190476191,0.8570322593221413,0.8261904761904761,0.847644586799205,0.014482331063138672,0.012125290751564887,0.032695550586933096,0.025414821971192617
1045,5,log_loss,random,3,10,None,0.8976190476190476,0.8875291051476165,0.8904761904761904,0.87904769693761,0.02035095084251258,0.02527598835169262,0.036262794732714924,0.04521849258139536
1046,5,log_loss,random,3,10,sqrt,0.837202380952381,0.8564339275336895,0.8273809523809523,0.8486824599967877,0.014793535757024521,0.01241156053391888,0.0335210941231752,0.02549675431615759
1047,5,log_loss,random,3,10,log2,0.837202380952381,0.8564339275336895,0.8273809523809523,0.8486824599967877,0.014793535757024521,0.01241156053391888,0.0335210941231752,0.02549675431615759
1048,5,log_loss,random,3,10,0.25,0.837202380952381,0.8564339275336895,0.8273809523809523,0.8486824599967877,0.014793535757024521,0.01241156053391888,0.0335210941231752,0.02549675431615759
1049,5,log_loss,random,3,10,0.5,0.837202380952381,0.8564339275336895,0.8273809523809523,0.8486824599967877,0.014793535757024521,0.01241156053391888,0.0335210941231752,0.02549675431615759
1050,5,log_loss,random,5,2,None,0.8889880952380952,0.8803647011856532,0.888095238095238,0.8785347525551004,0.02244016041207654,0.026870245275597556,0.037254215589690116,0.044088625720578575
1051,5,log_loss,random,5,2,sqrt,0.8342261904761906,0.8532007740850979,0.825,0.8458906151592257,0.013271845588521538,0.010695541039356831,0.033881546358946905,0.026377650008345285
1052,5,log_loss,random,5,2,log2,0.8342261904761906,0.8532007740850979,0.825,0.8458906151592257,0.013271845588521538,0.010695541039356831,0.033881546358946905,0.026377650008345285
1053,5,log_loss,random,5,2,0.25,0.8342261904761906,0.8532007740850979,0.825,0.8458906151592257,0.013271845588521538,0.010695541039356831,0.033881546358946905,0.026377650008345285
1054,5,log_loss,random,5,2,0.5,0.8342261904761906,0.8532007740850979,0.825,0.8458906151592257,0.013271845588521538,0.010695541039356831,0.033881546358946905,0.026377650008345285
1055,5,log_loss,random,5,5,None,0.8889880952380952,0.8803647011856532,0.888095238095238,0.8785347525551004,0.02244016041207654,0.026870245275597556,0.037254215589690116,0.044088625720578575
1056,5,log_loss,random,5,5,sqrt,0.8342261904761906,0.8532007740850979,0.825,0.8458906151592257,0.013271845588521538,0.010695541039356831,0.033881546358946905,0.026377650008345285
1057,5,log_loss,random,5,5,log2,0.8342261904761906,0.8532007740850979,0.825,0.8458906151592257,0.013271845588521538,0.010695541039356831,0.033881546358946905,0.026377650008345285
1058,5,log_loss,random,5,5,0.25,0.8342261904761906,0.8532007740850979,0.825,0.8458906151592257,0.013271845588521538,0.010695541039356831,0.033881546358946905,0.026377650008345285
1059,5,log_loss,random,5,5,0.5,0.8342261904761906,0.8532007740850979,0.825,0.8458906151592257,0.013271845588521538,0.010695541039356831,0.033881546358946905,0.026377650008345285
1060,5,log_loss,random,5,10,None,0.8889880952380952,0.8803647011856532,0.888095238095238,0.8785347525551004,0.02244016041207654,0.026870245275597556,0.037254215589690116,0.044088625720578575
1061,5,log_loss,random,5,10,sqrt,0.8342261904761906,0.8532007740850979,0.825,0.8458906151592257,0.013271845588521538,0.010695541039356831,0.033881546358946905,0.026377650008345285
1062,5,log_loss,random,5,10,log2,0.8342261904761906,0.8532007740850979,0.825,0.8458906151592257,0.013271845588521538,0.010695541039356831,0.033881546358946905,0.026377650008345285
1063,5,log_loss,random,5,10,0.25,0.8342261904761906,0.8532007740850979,0.825,0.8458906151592257,0.013271845588521538,0.010695541039356831,0.033881546358946905,0.026377650008345285
1064,5,log_loss,random,5,10,0.5,0.8342261904761906,0.8532007740850979,0.825,0.8458906151592257,0.013271845588521538,0.010695541039356831,0.033881546358946905,0.026377650008345285
1065,5,log_loss,random,10,2,None,0.900892857142857,0.9007729521800619,0.8714285714285714,0.8701896793729701,0.02102077966780884,0.020236557093240622,0.04487186161743882,0.04699844681932879
1066,5,log_loss,random,10,2,sqrt,0.8071428571428573,0.7850630731945986,0.8035714285714286,0.784528882510892,0.03438203943294394,0.0720395862250462,0.04425854993086089,0.08016195474012519
1067,5,log_loss,random,10,2,log2,0.8071428571428573,0.7850630731945986,0.8035714285714286,0.784528882510892,0.03438203943294394,0.0720395862250462,0.04425854993086089,0.08016195474012519
1068,5,log_loss,random,10,2,0.25,0.8071428571428573,0.7850630731945986,0.8035714285714286,0.784528882510892,0.03438203943294394,0.0720395862250462,0.04425854993086089,0.08016195474012519
1069,5,log_loss,random,10,2,0.5,0.8071428571428573,0.7850630731945986,0.8035714285714286,0.784528882510892,0.03438203943294394,0.0720395862250462,0.04425854993086089,0.08016195474012519
1070,5,log_loss,random,10,5,None,0.900892857142857,0.9007729521800619,0.8714285714285714,0.8701896793729701,0.02102077966780884,0.020236557093240622,0.04487186161743882,0.04699844681932879
1071,5,log_loss,random,10,5,sqrt,0.8071428571428573,0.7850630731945986,0.8035714285714286,0.784528882510892,0.03438203943294394,0.0720395862250462,0.04425854993086089,0.08016195474012519
1072,5,log_loss,random,10,5,log2,0.8071428571428573,0.7850630731945986,0.8035714285714286,0.784528882510892,0.03438203943294394,0.0720395862250462,0.04425854993086089,0.08016195474012519
1073,5,log_loss,random,10,5,0.25,0.8071428571428573,0.7850630731945986,0.8035714285714286,0.784528882510892,0.03438203943294394,0.0720395862250462,0.04425854993086089,0.08016195474012519
1074,5,log_loss,random,10,5,0.5,0.8071428571428573,0.7850630731945986,0.8035714285714286,0.784528882510892,0.03438203943294394,0.0720395862250462,0.04425854993086089,0.08016195474012519
1075,5,log_loss,random,10,10,None,0.900892857142857,0.9007729521800619,0.8714285714285714,0.8701896793729701,0.02102077966780884,0.020236557093240622,0.04487186161743882,0.04699844681932879
1076,5,log_loss,random,10,10,sqrt,0.8071428571428573,0.7850630731945986,0.8035714285714286,0.784528882510892,0.03438203943294394,0.0720395862250462,0.04425854993086089,0.08016195474012519
1077,5,log_loss,random,10,10,log2,0.8071428571428573,0.7850630731945986,0.8035714285714286,0.784528882510892,0.03438203943294394,0.0720395862250462,0.04425854993086089,0.08016195474012519
1078,5,log_loss,random,10,10,0.25,0.8071428571428573,0.7850630731945986,0.8035714285714286,0.784528882510892,0.03438203943294394,0.0720395862250462,0.04425854993086089,0.08016195474012519
1079,5,log_loss,random,10,10,0.5,0.8071428571428573,0.7850630731945986,0.8035714285714286,0.784528882510892,0.03438203943294394,0.0720395862250462,0.04425854993086089,0.08016195474012519
1080,8,gini,best,1,2,None,1.0,1.0,0.9380952380952381,0.9376607151493294,0.0,0.0,0.03365671609629769,0.033299039899783486
1081,8,gini,best,1,2,sqrt,0.9889880952380953,0.9891387202456376,0.8988095238095238,0.8970413772707122,0.018084227875748576,0.017711381468479566,0.06136604949887317,0.06730537936619879
1082,8,gini,best,1,2,log2,0.9889880952380953,0.9891387202456376,0.8988095238095238,0.8970413772707122,0.018084227875748576,0.017711381468479566,0.06136604949887317,0.06730537936619879
1083,8,gini,best,1,2,0.25,0.9889880952380953,0.9891387202456376,0.8988095238095238,0.8970413772707122,0.018084227875748576,0.017711381468479566,0.06136604949887317,0.06730537936619879
1084,8,gini,best,1,2,0.5,0.9889880952380953,0.9891387202456376,0.8988095238095238,0.8970413772707122,0.018084227875748576,0.017711381468479566,0.06136604949887317,0.06730537936619879
1085,8,gini,best,1,5,None,0.9931547619047618,0.9931185711656563,0.9369047619047619,0.9361580760483841,0.002856877113491884,0.0028786123953648403,0.034326789454401964,0.03459103095126616
1086,8,gini,best,1,5,sqrt,0.9827380952380953,0.9825562230982723,0.9083333333333334,0.9097136992110034,0.012384059003231945,0.012689938044962525,0.04153282683092425,0.03989139598799517
1087,8,gini,best,1,5,log2,0.9827380952380953,0.9825562230982723,0.9083333333333334,0.9097136992110034,0.012384059003231945,0.012689938044962525,0.04153282683092425,0.03989139598799517
1088,8,gini,best,1,5,0.25,0.9827380952380953,0.9825562230982723,0.9083333333333334,0.9097136992110034,0.012384059003231945,0.012689938044962525,0.04153282683092425,0.03989139598799517
1089,8,gini,best,1,5,0.5,0.9827380952380953,0.9825562230982723,0.9083333333333334,0.9097136992110034,0.012384059003231945,0.012689938044962525,0.04153282683092425,0.03989139598799517
1090,8,gini,best,1,10,None,0.9889880952380952,0.9889435100670924,0.9345238095238096,0.9343648434021569,0.005812558452426671,0.005826695540875602,0.037980801758719894,0.03665840148401035
1091,8,gini,best,1,10,sqrt,0.9735119047619049,0.9732147655898041,0.9011904761904762,0.9004375243245427,0.01004877560484176,0.010418871801652265,0.042077662012374215,0.04279312700500554
1092,8,gini,best,1,10,log2,0.9735119047619049,0.9732147655898041,0.9011904761904762,0.9004375243245427,0.01004877560484176,0.010418871801652265,0.042077662012374215,0.04279312700500554
1093,8,gini,best,1,10,0.25,0.9735119047619049,0.9732147655898041,0.9011904761904762,0.9004375243245427,0.01004877560484176,0.010418871801652265,0.042077662012374215,0.04279312700500554
1094,8,gini,best,1,10,0.5,0.9735119047619049,0.9732147655898041,0.9011904761904762,0.9004375243245427,0.01004877560484176,0.010418871801652265,0.042077662012374215,0.04279312700500554
1095,8,gini,best,3,2,None,0.9833333333333333,0.9832607337697024,0.9416666666666667,0.9412626451767405,0.0039451567039667165,0.0039635171446609834,0.032695550586933096,0.032876293775759347
1096,8,gini,best,3,2,sqrt,0.9660714285714285,0.9656533479730818,0.8904761904761905,0.8886350010619056,0.014197752152392207,0.01472516567764569,0.04207766201237421,0.04577658924424795
1097,8,gini,best,3,2,log2,0.9660714285714285,0.9656533479730818,0.8904761904761905,0.8886350010619056,0.014197752152392207,0.01472516567764569,0.04207766201237421,0.04577658924424795
1098,8,gini,best,3,2,0.25,0.9660714285714285,0.9656533479730818,0.8904761904761905,0.8886350010619056,0.014197752152392207,0.01472516567764569,0.04207766201237421,0.04577658924424795
1099,8,gini,best,3,2,0.5,0.9660714285714285,0.9656533479730818,0.8904761904761905,0.8886350010619056,0.014197752152392207,0.01472516567764569,0.04207766201237421,0.04577658924424795
1100,8,gini,best,3,5,None,0.9833333333333333,0.9832607337697024,0.9416666666666667,0.9412626451767405,0.0039451567039667165,0.0039635171446609834,0.032695550586933096,0.032876293775759347
1101,8,gini,best,3,5,sqrt,0.9660714285714285,0.9656533479730818,0.8904761904761905,0.8886350010619056,0.014197752152392207,0.01472516567764569,0.04207766201237421,0.04577658924424795
1102,8,gini,best,3,5,log2,0.9660714285714285,0.9656533479730818,0.8904761904761905,0.8886350010619056,0.014197752152392207,0.01472516567764569,0.04207766201237421,0.04577658924424795
1103,8,gini,best,3,5,0.25,0.9660714285714285,0.9656533479730818,0.8904761904761905,0.8886350010619056,0.014197752152392207,0.01472516567764569,0.04207766201237421,0.04577658924424795
1104,8,gini,best,3,5,0.5,0.9660714285714285,0.9656533479730818,0.8904761904761905,0.8886350010619056,0.014197752152392207,0.01472516567764569,0.04207766201237421,0.04577658924424795
1105,8,gini,best,3,10,None,0.9815476190476191,0.9814662378821468,0.9380952380952381,0.938110697510966,0.0060525165637221115,0.006136985245788295,0.03688555567816587,0.035781255076087204
1106,8,gini,best,3,10,sqrt,0.9660714285714286,0.9656812024242211,0.9011904761904764,0.9013447914028195,0.011419200558682579,0.011778100132263054,0.036262794732714924,0.03660608634081204
1107,8,gini,best,3,10,log2,0.9660714285714286,0.9656812024242211,0.9011904761904764,0.9013447914028195,0.011419200558682579,0.011778100132263054,0.036262794732714924,0.03660608634081204
1108,8,gini,best,3,10,0.25,0.9660714285714286,0.9656812024242211,0.9011904761904764,0.9013447914028195,0.011419200558682579,0.011778100132263054,0.036262794732714924,0.03660608634081204
1109,8,gini,best,3,10,0.5,0.9660714285714286,0.9656812024242211,0.9011904761904764,0.9013447914028195,0.011419200558682579,0.011778100132263054,0.036262794732714924,0.03660608634081204
1110,8,gini,best,5,2,None,0.9779761904761907,0.9778489129573835,0.9369047619047619,0.9371690779252785,0.009159430397625212,0.009247531475967345,0.04042113101890427,0.03842543072374536
1111,8,gini,best,5,2,sqrt,0.9553571428571429,0.9546996808387007,0.8988095238095238,0.8983908645049343,0.01582866536478425,0.016304034230472473,0.03485357403387619,0.03513636362537388
1112,8,gini,best,5,2,log2,0.9553571428571429,0.9546996808387007,0.8988095238095238,0.8983908645049343,0.01582866536478425,0.016304034230472473,0.03485357403387619,0.03513636362537388
1113,8,gini,best,5,2,0.25,0.9553571428571429,0.9546996808387007,0.8988095238095238,0.8983908645049343,0.01582866536478425,0.016304034230472473,0.03485357403387619,0.03513636362537388
1114,8,gini,best,5,2,0.5,0.9553571428571429,0.9546996808387007,0.8988095238095238,0.8983908645049343,0.01582866536478425,0.016304034230472473,0.03485357403387619,0.03513636362537388
1115,8,gini,best,5,5,None,0.9779761904761907,0.9778489129573835,0.9369047619047619,0.9371690779252785,0.009159430397625212,0.009247531475967345,0.04042113101890427,0.03842543072374536
1116,8,gini,best,5,5,sqrt,0.9553571428571429,0.9546996808387007,0.8988095238095238,0.8983908645049343,0.01582866536478425,0.016304034230472473,0.03485357403387619,0.03513636362537388
1117,8,gini,best,5,5,log2,0.9553571428571429,0.9546996808387007,0.8988095238095238,0.8983908645049343,0.01582866536478425,0.016304034230472473,0.03485357403387619,0.03513636362537388
1118,8,gini,best,5,5,0.25,0.9553571428571429,0.9546996808387007,0.8988095238095238,0.8983908645049343,0.01582866536478425,0.016304034230472473,0.03485357403387619,0.03513636362537388
1119,8,gini,best,5,5,0.5,0.9553571428571429,0.9546996808387007,0.8988095238095238,0.8983908645049343,0.01582866536478425,0.016304034230472473,0.03485357403387619,0.03513636362537388
1120,8,gini,best,5,10,None,0.9779761904761907,0.9778489129573835,0.9369047619047619,0.9371690779252785,0.009159430397625212,0.009247531475967345,0.04042113101890427,0.03842543072374536
1121,8,gini,best,5,10,sqrt,0.9553571428571429,0.9546996808387007,0.8988095238095238,0.8983908645049343,0.01582866536478425,0.016304034230472473,0.03485357403387619,0.03513636362537388
1122,8,gini,best,5,10,log2,0.9553571428571429,0.9546996808387007,0.8988095238095238,0.8983908645049343,0.01582866536478425,0.016304034230472473,0.03485357403387619,0.03513636362537388
1123,8,gini,best,5,10,0.25,0.9553571428571429,0.9546996808387007,0.8988095238095238,0.8983908645049343,0.01582866536478425,0.016304034230472473,0.03485357403387619,0.03513636362537388
1124,8,gini,best,5,10,0.5,0.9553571428571429,0.9546996808387007,0.8988095238095238,0.8983908645049343,0.01582866536478425,0.016304034230472473,0.03485357403387619,0.03513636362537388
1125,8,gini,best,10,2,None,0.962202380952381,0.9617960133938399,0.9250000000000002,0.9232043957344043,0.010519415503093555,0.010443504586960554,0.03647156326665616,0.03692612144455457
1126,8,gini,best,10,2,sqrt,0.9279761904761905,0.9265851348338974,0.8833333333333332,0.8773067336621932,0.01995538329983523,0.020100069505910412,0.054776691289718966,0.06046137189158825
1127,8,gini,best,10,2,log2,0.9279761904761905,0.9265851348338974,0.8833333333333332,0.8773067336621932,0.01995538329983523,0.020100069505910412,0.054776691289718966,0.06046137189158825
1128,8,gini,best,10,2,0.25,0.9279761904761905,0.9265851348338974,0.8833333333333332,0.8773067336621932,0.01995538329983523,0.020100069505910412,0.054776691289718966,0.06046137189158825
1129,8,gini,best,10,2,0.5,0.9279761904761905,0.9265851348338974,0.8833333333333332,0.8773067336621932,0.01995538329983523,0.020100069505910412,0.054776691289718966,0.06046137189158825
1130,8,gini,best,10,5,None,0.962202380952381,0.9617960133938399,0.9250000000000002,0.9232043957344043,0.010519415503093555,0.010443504586960554,0.03647156326665616,0.03692612144455457
1131,8,gini,best,10,5,sqrt,0.9279761904761905,0.9265851348338974,0.8833333333333332,0.8773067336621932,0.01995538329983523,0.020100069505910412,0.054776691289718966,0.06046137189158825
1132,8,gini,best,10,5,log2,0.9279761904761905,0.9265851348338974,0.8833333333333332,0.8773067336621932,0.01995538329983523,0.020100069505910412,0.054776691289718966,0.06046137189158825
1133,8,gini,best,10,5,0.25,0.9279761904761905,0.9265851348338974,0.8833333333333332,0.8773067336621932,0.01995538329983523,0.020100069505910412,0.054776691289718966,0.06046137189158825
1134,8,gini,best,10,5,0.5,0.9279761904761905,0.9265851348338974,0.8833333333333332,0.8773067336621932,0.01995538329983523,0.020100069505910412,0.054776691289718966,0.06046137189158825
1135,8,gini,best,10,10,None,0.962202380952381,0.9617960133938399,0.9250000000000002,0.9232043957344043,0.010519415503093555,0.010443504586960554,0.03647156326665616,0.03692612144455457
1136,8,gini,best,10,10,sqrt,0.9279761904761905,0.9265851348338974,0.8833333333333332,0.8773067336621932,0.01995538329983523,0.020100069505910412,0.054776691289718966,0.06046137189158825
1137,8,gini,best,10,10,log2,0.9279761904761905,0.9265851348338974,0.8833333333333332,0.8773067336621932,0.01995538329983523,0.020100069505910412,0.054776691289718966,0.06046137189158825
1138,8,gini,best,10,10,0.25,0.9279761904761905,0.9265851348338974,0.8833333333333332,0.8773067336621932,0.01995538329983523,0.020100069505910412,0.054776691289718966,0.06046137189158825
1139,8,gini,best,10,10,0.5,0.9279761904761905,0.9265851348338974,0.8833333333333332,0.8773067336621932,0.01995538329983523,0.020100069505910412,0.054776691289718966,0.06046137189158825
1140,8,gini,random,1,2,None,0.9598214285714285,0.9604347286824181,0.919047619047619,0.9182320773488347,0.022193511022073103,0.02164814610705862,0.06031783327250732,0.06498642986876434
1141,8,gini,random,1,2,sqrt,0.931547619047619,0.929431251113188,0.9047619047619048,0.9022168042797648,0.006888542409021935,0.007904924600134,0.024951361821634706,0.02597210265760053
1142,8,gini,random,1,2,log2,0.931547619047619,0.929431251113188,0.9047619047619048,0.9022168042797648,0.006888542409021935,0.007904924600134,0.024951361821634706,0.02597210265760053
1143,8,gini,random,1,2,0.25,0.931547619047619,0.929431251113188,0.9047619047619048,0.9022168042797648,0.006888542409021935,0.007904924600134,0.024951361821634706,0.02597210265760053
1144,8,gini,random,1,2,0.5,0.931547619047619,0.929431251113188,0.9047619047619048,0.9022168042797648,0.006888542409021935,0.007904924600134,0.024951361821634706,0.02597210265760053
1145,8,gini,random,1,5,None,0.9416666666666665,0.9419735362659686,0.9202380952380952,0.9187530860523943,0.025947046275028012,0.02617242642952742,0.04953623601292771,0.05468217052141215
1146,8,gini,random,1,5,sqrt,0.924702380952381,0.922333360777215,0.9083333333333332,0.9064657264513181,0.008243257102500231,0.008973515025152725,0.028528879882785005,0.02858841684891234
1147,8,gini,random,1,5,log2,0.924702380952381,0.922333360777215,0.9083333333333332,0.9064657264513181,0.008243257102500231,0.008973515025152725,0.028528879882785005,0.02858841684891234
1148,8,gini,random,1,5,0.25,0.924702380952381,0.922333360777215,0.9083333333333332,0.9064657264513181,0.008243257102500231,0.008973515025152725,0.028528879882785005,0.02858841684891234
1149,8,gini,random,1,5,0.5,0.924702380952381,0.922333360777215,0.9083333333333332,0.9064657264513181,0.008243257102500231,0.008973515025152725,0.028528879882785005,0.02858841684891234
1150,8,gini,random,1,10,None,0.9401785714285714,0.9410715320199551,0.920238095238095,0.9198647921056351,0.02776689331616856,0.027371389187492826,0.05308738235408618,0.05557230581658568
1151,8,gini,random,1,10,sqrt,0.9125,0.9092638857555496,0.8916666666666668,0.8877999403714049,0.008735149830746898,0.009591484378018962,0.028207719032604398,0.03217999510932696
1152,8,gini,random,1,10,log2,0.9125,0.9092638857555496,0.8916666666666668,0.8877999403714049,0.008735149830746898,0.009591484378018962,0.028207719032604398,0.03217999510932696
1153,8,gini,random,1,10,0.25,0.9125,0.9092638857555496,0.8916666666666668,0.8877999403714049,0.008735149830746898,0.009591484378018962,0.028207719032604398,0.03217999510932696
1154,8,gini,random,1,10,0.5,0.9125,0.9092638857555496,0.8916666666666668,0.8877999403714049,0.008735149830746898,0.009591484378018962,0.028207719032604398,0.03217999510932696
1155,8,gini,random,3,2,None,0.9386904761904762,0.9386676379066475,0.9119047619047618,0.9129032200564515,0.019346873295620987,0.01979620250279038,0.045510280345258086,0.04429235050874631
1156,8,gini,random,3,2,sqrt,0.9092261904761905,0.9069025441650302,0.8940476190476191,0.891575163630451,0.01140256660876179,0.012515786524914545,0.03338492120767639,0.036575222381529646
1157,8,gini,random,3,2,log2,0.9092261904761905,0.9069025441650302,0.8940476190476191,0.891575163630451,0.01140256660876179,0.012515786524914545,0.03338492120767639,0.036575222381529646
1158,8,gini,random,3,2,0.25,0.9092261904761905,0.9069025441650302,0.8940476190476191,0.891575163630451,0.01140256660876179,0.012515786524914545,0.03338492120767639,0.036575222381529646
1159,8,gini,random,3,2,0.5,0.9092261904761905,0.9069025441650302,0.8940476190476191,0.891575163630451,0.01140256660876179,0.012515786524914545,0.03338492120767639,0.036575222381529646
1160,8,gini,random,3,5,None,0.9386904761904762,0.9386676379066475,0.9119047619047618,0.9129032200564515,0.019346873295620987,0.01979620250279038,0.045510280345258086,0.04429235050874631
1161,8,gini,random,3,5,sqrt,0.9092261904761905,0.9069025441650302,0.8940476190476191,0.891575163630451,0.01140256660876179,0.012515786524914545,0.03338492120767639,0.036575222381529646
1162,8,gini,random,3,5,log2,0.9092261904761905,0.9069025441650302,0.8940476190476191,0.891575163630451,0.01140256660876179,0.012515786524914545,0.03338492120767639,0.036575222381529646
1163,8,gini,random,3,5,0.25,0.9092261904761905,0.9069025441650302,0.8940476190476191,0.891575163630451,0.01140256660876179,0.012515786524914545,0.03338492120767639,0.036575222381529646
1164,8,gini,random,3,5,0.5,0.9092261904761905,0.9069025441650302,0.8940476190476191,0.891575163630451,0.01140256660876179,0.012515786524914545,0.03338492120767639,0.036575222381529646
1165,8,gini,random,3,10,None,0.9366071428571429,0.9368258438924182,0.9059523809523807,0.9073215371915266,0.019030338675059447,0.01928336933468511,0.047947422208125805,0.047357103800067385
1166,8,gini,random,3,10,sqrt,0.9062499999999999,0.9037635892271703,0.8892857142857145,0.8867391613134888,0.008767683089838964,0.01010772755073881,0.03250924963688571,0.03465063649443391
1167,8,gini,random,3,10,log2,0.9062499999999999,0.9037635892271703,0.8892857142857145,0.8867391613134888,0.008767683089838964,0.01010772755073881,0.03250924963688571,0.03465063649443391
1168,8,gini,random,3,10,0.25,0.9062499999999999,0.9037635892271703,0.8892857142857145,0.8867391613134888,0.008767683089838964,0.01010772755073881,0.03250924963688571,0.03465063649443391
1169,8,gini,random,3,10,0.5,0.9062499999999999,0.9037635892271703,0.8892857142857145,0.8867391613134888,0.008767683089838964,0.01010772755073881,0.03250924963688571,0.03465063649443391
1170,8,gini,random,5,2,None,0.911309523809524,0.9085643967391213,0.8761904761904762,0.8713312789840193,0.016862161278827736,0.017359027373517685,0.043983221909312295,0.04720085329512426
1171,8,gini,random,5,2,sqrt,0.9077380952380951,0.9053990822068084,0.8892857142857145,0.8868931699469955,0.008548456319253005,0.01072638184323037,0.030334625502438282,0.032995687819030235
1172,8,gini,random,5,2,log2,0.9077380952380951,0.9053990822068084,0.8892857142857145,0.8868931699469955,0.008548456319253005,0.01072638184323037,0.030334625502438282,0.032995687819030235
1173,8,gini,random,5,2,0.25,0.9077380952380951,0.9053990822068084,0.8892857142857145,0.8868931699469955,0.008548456319253005,0.01072638184323037,0.030334625502438282,0.032995687819030235
1174,8,gini,random,5,2,0.5,0.9077380952380951,0.9053990822068084,0.8892857142857145,0.8868931699469955,0.008548456319253005,0.01072638184323037,0.030334625502438282,0.032995687819030235
1175,8,gini,random,5,5,None,0.911309523809524,0.9085643967391213,0.8761904761904762,0.8713312789840193,0.016862161278827736,0.017359027373517685,0.043983221909312295,0.04720085329512426
1176,8,gini,random,5,5,sqrt,0.9077380952380951,0.9053990822068084,0.8892857142857145,0.8868931699469955,0.008548456319253005,0.01072638184323037,0.030334625502438282,0.032995687819030235
1177,8,gini,random,5,5,log2,0.9077380952380951,0.9053990822068084,0.8892857142857145,0.8868931699469955,0.008548456319253005,0.01072638184323037,0.030334625502438282,0.032995687819030235
1178,8,gini,random,5,5,0.25,0.9077380952380951,0.9053990822068084,0.8892857142857145,0.8868931699469955,0.008548456319253005,0.01072638184323037,0.030334625502438282,0.032995687819030235
1179,8,gini,random,5,5,0.5,0.9077380952380951,0.9053990822068084,0.8892857142857145,0.8868931699469955,0.008548456319253005,0.01072638184323037,0.030334625502438282,0.032995687819030235
1180,8,gini,random,5,10,None,0.911309523809524,0.9085643967391213,0.8761904761904762,0.8713312789840193,0.016862161278827736,0.017359027373517685,0.043983221909312295,0.04720085329512426
1181,8,gini,random,5,10,sqrt,0.9077380952380951,0.9053990822068084,0.8892857142857145,0.8868931699469955,0.008548456319253005,0.01072638184323037,0.030334625502438282,0.032995687819030235
1182,8,gini,random,5,10,log2,0.9077380952380951,0.9053990822068084,0.8892857142857145,0.8868931699469955,0.008548456319253005,0.01072638184323037,0.030334625502438282,0.032995687819030235
1183,8,gini,random,5,10,0.25,0.9077380952380951,0.9053990822068084,0.8892857142857145,0.8868931699469955,0.008548456319253005,0.01072638184323037,0.030334625502438282,0.032995687819030235
1184,8,gini,random,5,10,0.5,0.9077380952380951,0.9053990822068084,0.8892857142857145,0.8868931699469955,0.008548456319253005,0.01072638184323037,0.030334625502438282,0.032995687819030235
1185,8,gini,random,10,2,None,0.8910714285714286,0.8881464784233652,0.8678571428571428,0.8640886773204228,0.019663138879951116,0.020375037247836743,0.042579885476951684,0.04602405157300132
1186,8,gini,random,10,2,sqrt,0.8139880952380953,0.7896380516052927,0.8119047619047619,0.7904144827596997,0.04447246393658511,0.07752995663641463,0.05265658771083521,0.08608295802241045
1187,8,gini,random,10,2,log2,0.8139880952380953,0.7896380516052927,0.8119047619047619,0.7904144827596997,0.04447246393658511,0.07752995663641463,0.05265658771083521,0.08608295802241045
1188,8,gini,random,10,2,0.25,0.8139880952380953,0.7896380516052927,0.8119047619047619,0.7904144827596997,0.04447246393658511,0.07752995663641463,0.05265658771083521,0.08608295802241045
1189,8,gini,random,10,2,0.5,0.8139880952380953,0.7896380516052927,0.8119047619047619,0.7904144827596997,0.04447246393658511,0.07752995663641463,0.05265658771083521,0.08608295802241045
1190,8,gini,random,10,5,None,0.8910714285714286,0.8881464784233652,0.8678571428571428,0.8640886773204228,0.019663138879951116,0.020375037247836743,0.042579885476951684,0.04602405157300132
1191,8,gini,random,10,5,sqrt,0.8139880952380953,0.7896380516052927,0.8119047619047619,0.7904144827596997,0.04447246393658511,0.07752995663641463,0.05265658771083521,0.08608295802241045
1192,8,gini,random,10,5,log2,0.8139880952380953,0.7896380516052927,0.8119047619047619,0.7904144827596997,0.04447246393658511,0.07752995663641463,0.05265658771083521,0.08608295802241045
1193,8,gini,random,10,5,0.25,0.8139880952380953,0.7896380516052927,0.8119047619047619,0.7904144827596997,0.04447246393658511,0.07752995663641463,0.05265658771083521,0.08608295802241045
1194,8,gini,random,10,5,0.5,0.8139880952380953,0.7896380516052927,0.8119047619047619,0.7904144827596997,0.04447246393658511,0.07752995663641463,0.05265658771083521,0.08608295802241045
1195,8,gini,random,10,10,None,0.8910714285714286,0.8881464784233652,0.8678571428571428,0.8640886773204228,0.019663138879951116,0.020375037247836743,0.042579885476951684,0.04602405157300132
1196,8,gini,random,10,10,sqrt,0.8139880952380953,0.7896380516052927,0.8119047619047619,0.7904144827596997,0.04447246393658511,0.07752995663641463,0.05265658771083521,0.08608295802241045
1197,8,gini,random,10,10,log2,0.8139880952380953,0.7896380516052927,0.8119047619047619,0.7904144827596997,0.04447246393658511,0.07752995663641463,0.05265658771083521,0.08608295802241045
1198,8,gini,random,10,10,0.25,0.8139880952380953,0.7896380516052927,0.8119047619047619,0.7904144827596997,0.04447246393658511,0.07752995663641463,0.05265658771083521,0.08608295802241045
1199,8,gini,random,10,10,0.5,0.8139880952380953,0.7896380516052927,0.8119047619047619,0.7904144827596997,0.04447246393658511,0.07752995663641463,0.05265658771083521,0.08608295802241045
1200,8,entropy,best,1,2,None,1.0,1.0,0.9452380952380952,0.9445382235800989,0.0,0.0,0.030534197559499193,0.030872999691470015
1201,8,entropy,best,1,2,sqrt,0.9988095238095237,0.9988068545803973,0.9261904761904761,0.9263437960889137,0.0026500751772529536,0.0026536151800061157,0.048607929462263215,0.048328161270113745
1202,8,entropy,best,1,2,log2,0.9988095238095237,0.9988068545803973,0.9261904761904761,0.9263437960889137,0.0026500751772529536,0.0026536151800061157,0.048607929462263215,0.048328161270113745
1203,8,entropy,best,1,2,0.25,0.9988095238095237,0.9988068545803973,0.9261904761904761,0.9263437960889137,0.0026500751772529536,0.0026536151800061157,0.048607929462263215,0.048328161270113745
1204,8,entropy,best,1,2,0.5,0.9988095238095237,0.9988068545803973,0.9261904761904761,0.9263437960889137,0.0026500751772529536,0.0026536151800061157,0.048607929462263215,0.048328161270113745
1205,8,entropy,best,1,5,None,0.9931547619047619,0.9931132445706436,0.9464285714285714,0.9454700765884548,0.0037223633385392364,0.0037456461371544766,0.02941980253742549,0.030122942504806946
1206,8,entropy,best,1,5,sqrt,0.9869047619047618,0.9867245640027983,0.9273809523809524,0.9257277371678095,0.00884312858814309,0.009148379502927054,0.0326955505869331,0.03464425867843165
1207,8,entropy,best,1,5,log2,0.9869047619047618,0.9867245640027983,0.9273809523809524,0.9257277371678095,0.00884312858814309,0.009148379502927054,0.0326955505869331,0.03464425867843165
1208,8,entropy,best,1,5,0.25,0.9869047619047618,0.9867245640027983,0.9273809523809524,0.9257277371678095,0.00884312858814309,0.009148379502927054,0.0326955505869331,0.03464425867843165
1209,8,entropy,best,1,5,0.5,0.9869047619047618,0.9867245640027983,0.9273809523809524,0.9257277371678095,0.00884312858814309,0.009148379502927054,0.0326955505869331,0.03464425867843165
1210,8,entropy,best,1,10,None,0.9877976190476189,0.9877444172044106,0.9392857142857144,0.9391063584273147,0.005458925386476875,0.005473945764628343,0.039239304683823986,0.0378707902562588
1211,8,entropy,best,1,10,sqrt,0.9824404761904761,0.9822710397987863,0.9238095238095239,0.9221856367683918,0.005713754226983815,0.005811720281721882,0.034722627143735495,0.035265484563399944
1212,8,entropy,best,1,10,log2,0.9824404761904761,0.9822710397987863,0.9238095238095239,0.9221856367683918,0.005713754226983815,0.005811720281721882,0.034722627143735495,0.035265484563399944
1213,8,entropy,best,1,10,0.25,0.9824404761904761,0.9822710397987863,0.9238095238095239,0.9221856367683918,0.005713754226983815,0.005811720281721882,0.034722627143735495,0.035265484563399944
1214,8,entropy,best,1,10,0.5,0.9824404761904761,0.9822710397987863,0.9238095238095239,0.9221856367683918,0.005713754226983815,0.005811720281721882,0.034722627143735495,0.035265484563399944
1215,8,entropy,best,3,2,None,0.9875000000000002,0.9874938197965706,0.9440476190476191,0.9435017873614364,0.004831810440019365,0.0048090000170446625,0.02688473759675287,0.027051618446894164
1216,8,entropy,best,3,2,sqrt,0.9791666666666665,0.9790058848617244,0.9202380952380953,0.9200873490028983,0.006005292045844208,0.006147254633841724,0.031561253631733455,0.029849150475383793
1217,8,entropy,best,3,2,log2,0.9791666666666665,0.9790058848617244,0.9202380952380953,0.9200873490028983,0.006005292045844208,0.006147254633841724,0.031561253631733455,0.029849150475383793
1218,8,entropy,best,3,2,0.25,0.9791666666666665,0.9790058848617244,0.9202380952380953,0.9200873490028983,0.006005292045844208,0.006147254633841724,0.031561253631733455,0.029849150475383793
1219,8,entropy,best,3,2,0.5,0.9791666666666665,0.9790058848617244,0.9202380952380953,0.9200873490028983,0.006005292045844208,0.006147254633841724,0.031561253631733455,0.029849150475383793
1220,8,entropy,best,3,5,None,0.9875000000000002,0.9874938197965706,0.9440476190476191,0.9435017873614364,0.004831810440019365,0.0048090000170446625,0.02688473759675287,0.027051618446894164
1221,8,entropy,best,3,5,sqrt,0.9791666666666665,0.9790058848617244,0.9202380952380953,0.9200873490028983,0.006005292045844208,0.006147254633841724,0.031561253631733455,0.029849150475383793
1222,8,entropy,best,3,5,log2,0.9791666666666665,0.9790058848617244,0.9202380952380953,0.9200873490028983,0.006005292045844208,0.006147254633841724,0.031561253631733455,0.029849150475383793
1223,8,entropy,best,3,5,0.25,0.9791666666666665,0.9790058848617244,0.9202380952380953,0.9200873490028983,0.006005292045844208,0.006147254633841724,0.031561253631733455,0.029849150475383793
1224,8,entropy,best,3,5,0.5,0.9791666666666665,0.9790058848617244,0.9202380952380953,0.9200873490028983,0.006005292045844208,0.006147254633841724,0.031561253631733455,0.029849150475383793
1225,8,entropy,best,3,10,None,0.9818452380952382,0.9817673983483742,0.9404761904761905,0.9403601762715648,0.007444726677078522,0.007459161922564417,0.034193825277012056,0.03274418476711008
1226,8,entropy,best,3,10,sqrt,0.9767857142857143,0.9765341255613104,0.923809523809524,0.9228355381352353,0.0073935595643823725,0.007641140345823348,0.03127125127753262,0.030160791270884963
1227,8,entropy,best,3,10,log2,0.9767857142857143,0.9765341255613104,0.923809523809524,0.9228355381352353,0.0073935595643823725,0.007641140345823348,0.03127125127753262,0.030160791270884963
1228,8,entropy,best,3,10,0.25,0.9767857142857143,0.9765341255613104,0.923809523809524,0.9228355381352353,0.0073935595643823725,0.007641140345823348,0.03127125127753262,0.030160791270884963
1229,8,entropy,best,3,10,0.5,0.9767857142857143,0.9765341255613104,0.923809523809524,0.9228355381352353,0.0073935595643823725,0.007641140345823348,0.03127125127753262,0.030160791270884963
1230,8,entropy,best,5,2,None,0.9758928571428572,0.9758003634127861,0.9345238095238096,0.9349056985899089,0.008896626526771322,0.008884380361641832,0.039739188590299054,0.03736667860244408
1231,8,entropy,best,5,2,sqrt,0.9711309523809523,0.9708957890269819,0.9178571428571428,0.9168995312403021,0.008907287556991461,0.009123004190989926,0.03684436576506289,0.03652267842390212
1232,8,entropy,best,5,2,log2,0.9711309523809523,0.9708957890269819,0.9178571428571428,0.9168995312403021,0.008907287556991461,0.009123004190989926,0.03684436576506289,0.03652267842390212
1233,8,entropy,best,5,2,0.25,0.9711309523809523,0.9708957890269819,0.9178571428571428,0.9168995312403021,0.008907287556991461,0.009123004190989926,0.03684436576506289,0.03652267842390212
1234,8,entropy,best,5,2,0.5,0.9711309523809523,0.9708957890269819,0.9178571428571428,0.9168995312403021,0.008907287556991461,0.009123004190989926,0.03684436576506289,0.03652267842390212
1235,8,entropy,best,5,5,None,0.9758928571428572,0.9758003634127861,0.9345238095238096,0.9349056985899089,0.008896626526771322,0.008884380361641832,0.039739188590299054,0.03736667860244408
1236,8,entropy,best,5,5,sqrt,0.9711309523809523,0.9708957890269819,0.9178571428571428,0.9168995312403021,0.008907287556991461,0.009123004190989926,0.03684436576506289,0.03652267842390212
1237,8,entropy,best,5,5,log2,0.9711309523809523,0.9708957890269819,0.9178571428571428,0.9168995312403021,0.008907287556991461,0.009123004190989926,0.03684436576506289,0.03652267842390212
1238,8,entropy,best,5,5,0.25,0.9711309523809523,0.9708957890269819,0.9178571428571428,0.9168995312403021,0.008907287556991461,0.009123004190989926,0.03684436576506289,0.03652267842390212
1239,8,entropy,best,5,5,0.5,0.9711309523809523,0.9708957890269819,0.9178571428571428,0.9168995312403021,0.008907287556991461,0.009123004190989926,0.03684436576506289,0.03652267842390212
1240,8,entropy,best,5,10,None,0.9758928571428572,0.9758003634127861,0.9345238095238096,0.9349056985899089,0.008896626526771322,0.008884380361641832,0.039739188590299054,0.03736667860244408
1241,8,entropy,best,5,10,sqrt,0.9711309523809523,0.9708957890269819,0.9178571428571428,0.9168995312403021,0.008907287556991461,0.009123004190989926,0.03684436576506289,0.03652267842390212
1242,8,entropy,best,5,10,log2,0.9711309523809523,0.9708957890269819,0.9178571428571428,0.9168995312403021,0.008907287556991461,0.009123004190989926,0.03684436576506289,0.03652267842390212
1243,8,entropy,best,5,10,0.25,0.9711309523809523,0.9708957890269819,0.9178571428571428,0.9168995312403021,0.008907287556991461,0.009123004190989926,0.03684436576506289,0.03652267842390212
1244,8,entropy,best,5,10,0.5,0.9711309523809523,0.9708957890269819,0.9178571428571428,0.9168995312403021,0.008907287556991461,0.009123004190989926,0.03684436576506289,0.03652267842390212
1245,8,entropy,best,10,2,None,0.9630952380952381,0.9629650514804748,0.9154761904761906,0.9148825521312328,0.01426443994139251,0.013653080981976443,0.04131288092379322,0.04044595256330894
1246,8,entropy,best,10,2,sqrt,0.9354166666666667,0.9340713668539389,0.8821428571428573,0.8759236306266627,0.01944961376749078,0.019180276701433262,0.04567680223473039,0.051488543233296276
1247,8,entropy,best,10,2,log2,0.9354166666666667,0.9340713668539389,0.8821428571428573,0.8759236306266627,0.01944961376749078,0.019180276701433262,0.04567680223473039,0.051488543233296276
1248,8,entropy,best,10,2,0.25,0.9354166666666667,0.9340713668539389,0.8821428571428573,0.8759236306266627,0.01944961376749078,0.019180276701433262,0.04567680223473039,0.051488543233296276
1249,8,entropy,best,10,2,0.5,0.9354166666666667,0.9340713668539389,0.8821428571428573,0.8759236306266627,0.01944961376749078,0.019180276701433262,0.04567680223473039,0.051488543233296276
1250,8,entropy,best,10,5,None,0.9630952380952381,0.9629650514804748,0.9154761904761906,0.9148825521312328,0.01426443994139251,0.013653080981976443,0.04131288092379322,0.04044595256330894
1251,8,entropy,best,10,5,sqrt,0.9354166666666667,0.9340713668539389,0.8821428571428573,0.8759236306266627,0.01944961376749078,0.019180276701433262,0.04567680223473039,0.051488543233296276
1252,8,entropy,best,10,5,log2,0.9354166666666667,0.9340713668539389,0.8821428571428573,0.8759236306266627,0.01944961376749078,0.019180276701433262,0.04567680223473039,0.051488543233296276
1253,8,entropy,best,10,5,0.25,0.9354166666666667,0.9340713668539389,0.8821428571428573,0.8759236306266627,0.01944961376749078,0.019180276701433262,0.04567680223473039,0.051488543233296276
1254,8,entropy,best,10,5,0.5,0.9354166666666667,0.9340713668539389,0.8821428571428573,0.8759236306266627,0.01944961376749078,0.019180276701433262,0.04567680223473039,0.051488543233296276
1255,8,entropy,best,10,10,None,0.9630952380952381,0.9629650514804748,0.9154761904761906,0.9148825521312328,0.01426443994139251,0.013653080981976443,0.04131288092379322,0.04044595256330894
1256,8,entropy,best,10,10,sqrt,0.9354166666666667,0.9340713668539389,0.8821428571428573,0.8759236306266627,0.01944961376749078,0.019180276701433262,0.04567680223473039,0.051488543233296276
1257,8,entropy,best,10,10,log2,0.9354166666666667,0.9340713668539389,0.8821428571428573,0.8759236306266627,0.01944961376749078,0.019180276701433262,0.04567680223473039,0.051488543233296276
1258,8,entropy,best,10,10,0.25,0.9354166666666667,0.9340713668539389,0.8821428571428573,0.8759236306266627,0.01944961376749078,0.019180276701433262,0.04567680223473039,0.051488543233296276
1259,8,entropy,best,10,10,0.5,0.9354166666666667,0.9340713668539389,0.8821428571428573,0.8759236306266627,0.01944961376749078,0.019180276701433262,0.04567680223473039,0.051488543233296276
1260,8,entropy,random,1,2,None,0.9377976190476189,0.9396419338754834,0.8964285714285715,0.8995479327057296,0.02744027328860898,0.0270983796823811,0.04922874554317937,0.04871346803744887
1261,8,entropy,random,1,2,sqrt,0.931547619047619,0.929431251113188,0.9047619047619048,0.9022168042797648,0.006888542409021935,0.007904924600134,0.024951361821634706,0.02597210265760053
1262,8,entropy,random,1,2,log2,0.931547619047619,0.929431251113188,0.9047619047619048,0.9022168042797648,0.006888542409021935,0.007904924600134,0.024951361821634706,0.02597210265760053
1263,8,entropy,random,1,2,0.25,0.931547619047619,0.929431251113188,0.9047619047619048,0.9022168042797648,0.006888542409021935,0.007904924600134,0.024951361821634706,0.02597210265760053
1264,8,entropy,random,1,2,0.5,0.931547619047619,0.929431251113188,0.9047619047619048,0.9022168042797648,0.006888542409021935,0.007904924600134,0.024951361821634706,0.02597210265760053
1265,8,entropy,random,1,5,None,0.919047619047619,0.9191461998629197,0.8892857142857141,0.8867963448754808,0.02912151162390818,0.03060584801251579,0.057745546191513925,0.06535961744073968
1266,8,entropy,random,1,5,sqrt,0.924702380952381,0.922333360777215,0.9083333333333332,0.9064657264513181,0.008243257102500231,0.008973515025152725,0.028528879882785005,0.02858841684891234
1267,8,entropy,random,1,5,log2,0.924702380952381,0.922333360777215,0.9083333333333332,0.9064657264513181,0.008243257102500231,0.008973515025152725,0.028528879882785005,0.02858841684891234
1268,8,entropy,random,1,5,0.25,0.924702380952381,0.922333360777215,0.9083333333333332,0.9064657264513181,0.008243257102500231,0.008973515025152725,0.028528879882785005,0.02858841684891234
1269,8,entropy,random,1,5,0.5,0.924702380952381,0.922333360777215,0.9083333333333332,0.9064657264513181,0.008243257102500231,0.008973515025152725,0.028528879882785005,0.02858841684891234
1270,8,entropy,random,1,10,None,0.912202380952381,0.9134448549598463,0.8892857142857142,0.8891438451178122,0.02739873904690768,0.0289100216704358,0.04968926769046974,0.054748430612453304
1271,8,entropy,random,1,10,sqrt,0.9125,0.9092638857555496,0.8916666666666668,0.8877999403714049,0.008735149830746898,0.009591484378018962,0.028207719032604398,0.03217999510932696
1272,8,entropy,random,1,10,log2,0.9125,0.9092638857555496,0.8916666666666668,0.8877999403714049,0.008735149830746898,0.009591484378018962,0.028207719032604398,0.03217999510932696
1273,8,entropy,random,1,10,0.25,0.9125,0.9092638857555496,0.8916666666666668,0.8877999403714049,0.008735149830746898,0.009591484378018962,0.028207719032604398,0.03217999510932696
1274,8,entropy,random,1,10,0.5,0.9125,0.9092638857555496,0.8916666666666668,0.8877999403714049,0.008735149830746898,0.009591484378018962,0.028207719032604398,0.03217999510932696
1275,8,entropy,random,3,2,None,0.9220238095238095,0.9210325766231047,0.8869047619047616,0.887555321572457,0.020518145397997643,0.02230545433209824,0.04460031987055564,0.04338286127782482
1276,8,entropy,random,3,2,sqrt,0.9092261904761905,0.9069025441650302,0.8940476190476191,0.891575163630451,0.01140256660876179,0.012515786524914545,0.03338492120767639,0.036575222381529646
1277,8,entropy,random,3,2,log2,0.9092261904761905,0.9069025441650302,0.8940476190476191,0.891575163630451,0.01140256660876179,0.012515786524914545,0.03338492120767639,0.036575222381529646
1278,8,entropy,random,3,2,0.25,0.9092261904761905,0.9069025441650302,0.8940476190476191,0.891575163630451,0.01140256660876179,0.012515786524914545,0.03338492120767639,0.036575222381529646
1279,8,entropy,random,3,2,0.5,0.9092261904761905,0.9069025441650302,0.8940476190476191,0.891575163630451,0.01140256660876179,0.012515786524914545,0.03338492120767639,0.036575222381529646
1280,8,entropy,random,3,5,None,0.9220238095238095,0.9210325766231047,0.8869047619047616,0.887555321572457,0.020518145397997643,0.02230545433209824,0.04460031987055564,0.04338286127782482
1281,8,entropy,random,3,5,sqrt,0.9092261904761905,0.9069025441650302,0.8940476190476191,0.891575163630451,0.01140256660876179,0.012515786524914545,0.03338492120767639,0.036575222381529646
1282,8,entropy,random,3,5,log2,0.9092261904761905,0.9069025441650302,0.8940476190476191,0.891575163630451,0.01140256660876179,0.012515786524914545,0.03338492120767639,0.036575222381529646
1283,8,entropy,random,3,5,0.25,0.9092261904761905,0.9069025441650302,0.8940476190476191,0.891575163630451,0.01140256660876179,0.012515786524914545,0.03338492120767639,0.036575222381529646
1284,8,entropy,random,3,5,0.5,0.9092261904761905,0.9069025441650302,0.8940476190476191,0.891575163630451,0.01140256660876179,0.012515786524914545,0.03338492120767639,0.036575222381529646
1285,8,entropy,random,3,10,None,0.9205357142857142,0.9198448882327822,0.8880952380952379,0.8887719426769959,0.020679399722581333,0.022156549785056833,0.042935019946469026,0.04123130366456119
1286,8,entropy,random,3,10,sqrt,0.9062499999999999,0.9037635892271703,0.8892857142857145,0.8867391613134888,0.008767683089838964,0.01010772755073881,0.03250924963688571,0.03465063649443391
1287,8,entropy,random,3,10,log2,0.9062499999999999,0.9037635892271703,0.8892857142857145,0.8867391613134888,0.008767683089838964,0.01010772755073881,0.03250924963688571,0.03465063649443391
1288,8,entropy,random,3,10,0.25,0.9062499999999999,0.9037635892271703,0.8892857142857145,0.8867391613134888,0.008767683089838964,0.01010772755073881,0.03250924963688571,0.03465063649443391
1289,8,entropy,random,3,10,0.5,0.9062499999999999,0.9037635892271703,0.8892857142857145,0.8867391613134888,0.008767683089838964,0.01010772755073881,0.03250924963688571,0.03465063649443391
1290,8,entropy,random,5,2,None,0.9005952380952381,0.898119009178232,0.8702380952380954,0.8655235972802376,0.013547855915340207,0.015035149903265814,0.042401202836047404,0.04500912744557802
1291,8,entropy,random,5,2,sqrt,0.9077380952380951,0.9053990822068084,0.8892857142857145,0.8868931699469955,0.008548456319253005,0.01072638184323037,0.030334625502438282,0.032995687819030235
1292,8,entropy,random,5,2,log2,0.9077380952380951,0.9053990822068084,0.8892857142857145,0.8868931699469955,0.008548456319253005,0.01072638184323037,0.030334625502438282,0.032995687819030235
1293,8,entropy,random,5,2,0.25,0.9077380952380951,0.9053990822068084,0.8892857142857145,0.8868931699469955,0.008548456319253005,0.01072638184323037,0.030334625502438282,0.032995687819030235
1294,8,entropy,random,5,2,0.5,0.9077380952380951,0.9053990822068084,0.8892857142857145,0.8868931699469955,0.008548456319253005,0.01072638184323037,0.030334625502438282,0.032995687819030235
1295,8,entropy,random,5,5,None,0.9005952380952381,0.898119009178232,0.8702380952380954,0.8655235972802376,0.013547855915340207,0.015035149903265814,0.042401202836047404,0.04500912744557802
1296,8,entropy,random,5,5,sqrt,0.9077380952380951,0.9053990822068084,0.8892857142857145,0.8868931699469955,0.008548456319253005,0.01072638184323037,0.030334625502438282,0.032995687819030235
1297,8,entropy,random,5,5,log2,0.9077380952380951,0.9053990822068084,0.8892857142857145,0.8868931699469955,0.008548456319253005,0.01072638184323037,0.030334625502438282,0.032995687819030235
1298,8,entropy,random,5,5,0.25,0.9077380952380951,0.9053990822068084,0.8892857142857145,0.8868931699469955,0.008548456319253005,0.01072638184323037,0.030334625502438282,0.032995687819030235
1299,8,entropy,random,5,5,0.5,0.9077380952380951,0.9053990822068084,0.8892857142857145,0.8868931699469955,0.008548456319253005,0.01072638184323037,0.030334625502438282,0.032995687819030235
1300,8,entropy,random,5,10,None,0.9005952380952381,0.898119009178232,0.8702380952380954,0.8655235972802376,0.013547855915340207,0.015035149903265814,0.042401202836047404,0.04500912744557802
1301,8,entropy,random,5,10,sqrt,0.9077380952380951,0.9053990822068084,0.8892857142857145,0.8868931699469955,0.008548456319253005,0.01072638184323037,0.030334625502438282,0.032995687819030235
1302,8,entropy,random,5,10,log2,0.9077380952380951,0.9053990822068084,0.8892857142857145,0.8868931699469955,0.008548456319253005,0.01072638184323037,0.030334625502438282,0.032995687819030235
1303,8,entropy,random,5,10,0.25,0.9077380952380951,0.9053990822068084,0.8892857142857145,0.8868931699469955,0.008548456319253005,0.01072638184323037,0.030334625502438282,0.032995687819030235
1304,8,entropy,random,5,10,0.5,0.9077380952380951,0.9053990822068084,0.8892857142857145,0.8868931699469955,0.008548456319253005,0.01072638184323037,0.030334625502438282,0.032995687819030235
1305,8,entropy,random,10,2,None,0.8910714285714286,0.8881464784233652,0.8678571428571428,0.8640886773204228,0.019663138879951116,0.020375037247836743,0.042579885476951684,0.04602405157300132
1306,8,entropy,random,10,2,sqrt,0.8139880952380953,0.7896380516052927,0.8119047619047619,0.7904144827596997,0.04447246393658511,0.07752995663641463,0.05265658771083521,0.08608295802241045
1307,8,entropy,random,10,2,log2,0.8139880952380953,0.7896380516052927,0.8119047619047619,0.7904144827596997,0.04447246393658511,0.07752995663641463,0.05265658771083521,0.08608295802241045
1308,8,entropy,random,10,2,0.25,0.8139880952380953,0.7896380516052927,0.8119047619047619,0.7904144827596997,0.04447246393658511,0.07752995663641463,0.05265658771083521,0.08608295802241045
1309,8,entropy,random,10,2,0.5,0.8139880952380953,0.7896380516052927,0.8119047619047619,0.7904144827596997,0.04447246393658511,0.07752995663641463,0.05265658771083521,0.08608295802241045
1310,8,entropy,random,10,5,None,0.8910714285714286,0.8881464784233652,0.8678571428571428,0.8640886773204228,0.019663138879951116,0.020375037247836743,0.042579885476951684,0.04602405157300132
1311,8,entropy,random,10,5,sqrt,0.8139880952380953,0.7896380516052927,0.8119047619047619,0.7904144827596997,0.04447246393658511,0.07752995663641463,0.05265658771083521,0.08608295802241045
1312,8,entropy,random,10,5,log2,0.8139880952380953,0.7896380516052927,0.8119047619047619,0.7904144827596997,0.04447246393658511,0.07752995663641463,0.05265658771083521,0.08608295802241045
1313,8,entropy,random,10,5,0.25,0.8139880952380953,0.7896380516052927,0.8119047619047619,0.7904144827596997,0.04447246393658511,0.07752995663641463,0.05265658771083521,0.08608295802241045
1314,8,entropy,random,10,5,0.5,0.8139880952380953,0.7896380516052927,0.8119047619047619,0.7904144827596997,0.04447246393658511,0.07752995663641463,0.05265658771083521,0.08608295802241045
1315,8,entropy,random,10,10,None,0.8910714285714286,0.8881464784233652,0.8678571428571428,0.8640886773204228,0.019663138879951116,0.020375037247836743,0.042579885476951684,0.04602405157300132
1316,8,entropy,random,10,10,sqrt,0.8139880952380953,0.7896380516052927,0.8119047619047619,0.7904144827596997,0.04447246393658511,0.07752995663641463,0.05265658771083521,0.08608295802241045
1317,8,entropy,random,10,10,log2,0.8139880952380953,0.7896380516052927,0.8119047619047619,0.7904144827596997,0.04447246393658511,0.07752995663641463,0.05265658771083521,0.08608295802241045
1318,8,entropy,random,10,10,0.25,0.8139880952380953,0.7896380516052927,0.8119047619047619,0.7904144827596997,0.04447246393658511,0.07752995663641463,0.05265658771083521,0.08608295802241045
1319,8,entropy,random,10,10,0.5,0.8139880952380953,0.7896380516052927,0.8119047619047619,0.7904144827596997,0.04447246393658511,0.07752995663641463,0.05265658771083521,0.08608295802241045
1320,8,log_loss,best,1,2,None,1.0,1.0,0.9452380952380952,0.9445382235800989,0.0,0.0,0.030534197559499193,0.030872999691470015
1321,8,log_loss,best,1,2,sqrt,0.9988095238095237,0.9988068545803973,0.9261904761904761,0.9263437960889137,0.0026500751772529536,0.0026536151800061157,0.048607929462263215,0.048328161270113745
1322,8,log_loss,best,1,2,log2,0.9988095238095237,0.9988068545803973,0.9261904761904761,0.9263437960889137,0.0026500751772529536,0.0026536151800061157,0.048607929462263215,0.048328161270113745
1323,8,log_loss,best,1,2,0.25,0.9988095238095237,0.9988068545803973,0.9261904761904761,0.9263437960889137,0.0026500751772529536,0.0026536151800061157,0.048607929462263215,0.048328161270113745
1324,8,log_loss,best,1,2,0.5,0.9988095238095237,0.9988068545803973,0.9261904761904761,0.9263437960889137,0.0026500751772529536,0.0026536151800061157,0.048607929462263215,0.048328161270113745
1325,8,log_loss,best,1,5,None,0.9931547619047619,0.9931132445706436,0.9464285714285714,0.9454700765884548,0.0037223633385392364,0.0037456461371544766,0.02941980253742549,0.030122942504806946
1326,8,log_loss,best,1,5,sqrt,0.9869047619047618,0.9867245640027983,0.9273809523809524,0.9257277371678095,0.00884312858814309,0.009148379502927054,0.0326955505869331,0.03464425867843165
1327,8,log_loss,best,1,5,log2,0.9869047619047618,0.9867245640027983,0.9273809523809524,0.9257277371678095,0.00884312858814309,0.009148379502927054,0.0326955505869331,0.03464425867843165
1328,8,log_loss,best,1,5,0.25,0.9869047619047618,0.9867245640027983,0.9273809523809524,0.9257277371678095,0.00884312858814309,0.009148379502927054,0.0326955505869331,0.03464425867843165
1329,8,log_loss,best,1,5,0.5,0.9869047619047618,0.9867245640027983,0.9273809523809524,0.9257277371678095,0.00884312858814309,0.009148379502927054,0.0326955505869331,0.03464425867843165
1330,8,log_loss,best,1,10,None,0.9877976190476189,0.9877444172044106,0.9392857142857144,0.9391063584273147,0.005458925386476875,0.005473945764628343,0.039239304683823986,0.0378707902562588
1331,8,log_loss,best,1,10,sqrt,0.9824404761904761,0.9822710397987863,0.9238095238095239,0.9221856367683918,0.005713754226983815,0.005811720281721882,0.034722627143735495,0.035265484563399944
1332,8,log_loss,best,1,10,log2,0.9824404761904761,0.9822710397987863,0.9238095238095239,0.9221856367683918,0.005713754226983815,0.005811720281721882,0.034722627143735495,0.035265484563399944
1333,8,log_loss,best,1,10,0.25,0.9824404761904761,0.9822710397987863,0.9238095238095239,0.9221856367683918,0.005713754226983815,0.005811720281721882,0.034722627143735495,0.035265484563399944
1334,8,log_loss,best,1,10,0.5,0.9824404761904761,0.9822710397987863,0.9238095238095239,0.9221856367683918,0.005713754226983815,0.005811720281721882,0.034722627143735495,0.035265484563399944
1335,8,log_loss,best,3,2,None,0.9875000000000002,0.9874938197965706,0.9440476190476191,0.9435017873614364,0.004831810440019365,0.0048090000170446625,0.02688473759675287,0.027051618446894164
1336,8,log_loss,best,3,2,sqrt,0.9791666666666665,0.9790058848617244,0.9202380952380953,0.9200873490028983,0.006005292045844208,0.006147254633841724,0.031561253631733455,0.029849150475383793
1337,8,log_loss,best,3,2,log2,0.9791666666666665,0.9790058848617244,0.9202380952380953,0.9200873490028983,0.006005292045844208,0.006147254633841724,0.031561253631733455,0.029849150475383793
1338,8,log_loss,best,3,2,0.25,0.9791666666666665,0.9790058848617244,0.9202380952380953,0.9200873490028983,0.006005292045844208,0.006147254633841724,0.031561253631733455,0.029849150475383793
1339,8,log_loss,best,3,2,0.5,0.9791666666666665,0.9790058848617244,0.9202380952380953,0.9200873490028983,0.006005292045844208,0.006147254633841724,0.031561253631733455,0.029849150475383793
1340,8,log_loss,best,3,5,None,0.9875000000000002,0.9874938197965706,0.9440476190476191,0.9435017873614364,0.004831810440019365,0.0048090000170446625,0.02688473759675287,0.027051618446894164
1341,8,log_loss,best,3,5,sqrt,0.9791666666666665,0.9790058848617244,0.9202380952380953,0.9200873490028983,0.006005292045844208,0.006147254633841724,0.031561253631733455,0.029849150475383793
1342,8,log_loss,best,3,5,log2,0.9791666666666665,0.9790058848617244,0.9202380952380953,0.9200873490028983,0.006005292045844208,0.006147254633841724,0.031561253631733455,0.029849150475383793
1343,8,log_loss,best,3,5,0.25,0.9791666666666665,0.9790058848617244,0.9202380952380953,0.9200873490028983,0.006005292045844208,0.006147254633841724,0.031561253631733455,0.029849150475383793
1344,8,log_loss,best,3,5,0.5,0.9791666666666665,0.9790058848617244,0.9202380952380953,0.9200873490028983,0.006005292045844208,0.006147254633841724,0.031561253631733455,0.029849150475383793
1345,8,log_loss,best,3,10,None,0.9818452380952382,0.9817673983483742,0.9404761904761905,0.9403601762715648,0.007444726677078522,0.007459161922564417,0.034193825277012056,0.03274418476711008
1346,8,log_loss,best,3,10,sqrt,0.9767857142857143,0.9765341255613104,0.923809523809524,0.9228355381352353,0.0073935595643823725,0.007641140345823348,0.03127125127753262,0.030160791270884963
1347,8,log_loss,best,3,10,log2,0.9767857142857143,0.9765341255613104,0.923809523809524,0.9228355381352353,0.0073935595643823725,0.007641140345823348,0.03127125127753262,0.030160791270884963
1348,8,log_loss,best,3,10,0.25,0.9767857142857143,0.9765341255613104,0.923809523809524,0.9228355381352353,0.0073935595643823725,0.007641140345823348,0.03127125127753262,0.030160791270884963
1349,8,log_loss,best,3,10,0.5,0.9767857142857143,0.9765341255613104,0.923809523809524,0.9228355381352353,0.0073935595643823725,0.007641140345823348,0.03127125127753262,0.030160791270884963
1350,8,log_loss,best,5,2,None,0.9758928571428572,0.9758003634127861,0.9345238095238096,0.9349056985899089,0.008896626526771322,0.008884380361641832,0.039739188590299054,0.03736667860244408
1351,8,log_loss,best,5,2,sqrt,0.9711309523809523,0.9708957890269819,0.9178571428571428,0.9168995312403021,0.008907287556991461,0.009123004190989926,0.03684436576506289,0.03652267842390212
1352,8,log_loss,best,5,2,log2,0.9711309523809523,0.9708957890269819,0.9178571428571428,0.9168995312403021,0.008907287556991461,0.009123004190989926,0.03684436576506289,0.03652267842390212
1353,8,log_loss,best,5,2,0.25,0.9711309523809523,0.9708957890269819,0.9178571428571428,0.9168995312403021,0.008907287556991461,0.009123004190989926,0.03684436576506289,0.03652267842390212
1354,8,log_loss,best,5,2,0.5,0.9711309523809523,0.9708957890269819,0.9178571428571428,0.9168995312403021,0.008907287556991461,0.009123004190989926,0.03684436576506289,0.03652267842390212
1355,8,log_loss,best,5,5,None,0.9758928571428572,0.9758003634127861,0.9345238095238096,0.9349056985899089,0.008896626526771322,0.008884380361641832,0.039739188590299054,0.03736667860244408
1356,8,log_loss,best,5,5,sqrt,0.9711309523809523,0.9708957890269819,0.9178571428571428,0.9168995312403021,0.008907287556991461,0.009123004190989926,0.03684436576506289,0.03652267842390212
1357,8,log_loss,best,5,5,log2,0.9711309523809523,0.9708957890269819,0.9178571428571428,0.9168995312403021,0.008907287556991461,0.009123004190989926,0.03684436576506289,0.03652267842390212
1358,8,log_loss,best,5,5,0.25,0.9711309523809523,0.9708957890269819,0.9178571428571428,0.9168995312403021,0.008907287556991461,0.009123004190989926,0.03684436576506289,0.03652267842390212
1359,8,log_loss,best,5,5,0.5,0.9711309523809523,0.9708957890269819,0.9178571428571428,0.9168995312403021,0.008907287556991461,0.009123004190989926,0.03684436576506289,0.03652267842390212
1360,8,log_loss,best,5,10,None,0.9758928571428572,0.9758003634127861,0.9345238095238096,0.9349056985899089,0.008896626526771322,0.008884380361641832,0.039739188590299054,0.03736667860244408
1361,8,log_loss,best,5,10,sqrt,0.9711309523809523,0.9708957890269819,0.9178571428571428,0.9168995312403021,0.008907287556991461,0.009123004190989926,0.03684436576506289,0.03652267842390212
1362,8,log_loss,best,5,10,log2,0.9711309523809523,0.9708957890269819,0.9178571428571428,0.9168995312403021,0.008907287556991461,0.009123004190989926,0.03684436576506289,0.03652267842390212
1363,8,log_loss,best,5,10,0.25,0.9711309523809523,0.9708957890269819,0.9178571428571428,0.9168995312403021,0.008907287556991461,0.009123004190989926,0.03684436576506289,0.03652267842390212
1364,8,log_loss,best,5,10,0.5,0.9711309523809523,0.9708957890269819,0.9178571428571428,0.9168995312403021,0.008907287556991461,0.009123004190989926,0.03684436576506289,0.03652267842390212
1365,8,log_loss,best,10,2,None,0.9630952380952381,0.9629650514804748,0.9154761904761906,0.9148825521312328,0.01426443994139251,0.013653080981976443,0.04131288092379322,0.04044595256330894
1366,8,log_loss,best,10,2,sqrt,0.9354166666666667,0.9340713668539389,0.8821428571428573,0.8759236306266627,0.01944961376749078,0.019180276701433262,0.04567680223473039,0.051488543233296276
1367,8,log_loss,best,10,2,log2,0.9354166666666667,0.9340713668539389,0.8821428571428573,0.8759236306266627,0.01944961376749078,0.019180276701433262,0.04567680223473039,0.051488543233296276
1368,8,log_loss,best,10,2,0.25,0.9354166666666667,0.9340713668539389,0.8821428571428573,0.8759236306266627,0.01944961376749078,0.019180276701433262,0.04567680223473039,0.051488543233296276
1369,8,log_loss,best,10,2,0.5,0.9354166666666667,0.9340713668539389,0.8821428571428573,0.8759236306266627,0.01944961376749078,0.019180276701433262,0.04567680223473039,0.051488543233296276
1370,8,log_loss,best,10,5,None,0.9630952380952381,0.9629650514804748,0.9154761904761906,0.9148825521312328,0.01426443994139251,0.013653080981976443,0.04131288092379322,0.04044595256330894
1371,8,log_loss,best,10,5,sqrt,0.9354166666666667,0.9340713668539389,0.8821428571428573,0.8759236306266627,0.01944961376749078,0.019180276701433262,0.04567680223473039,0.051488543233296276
1372,8,log_loss,best,10,5,log2,0.9354166666666667,0.9340713668539389,0.8821428571428573,0.8759236306266627,0.01944961376749078,0.019180276701433262,0.04567680223473039,0.051488543233296276
1373,8,log_loss,best,10,5,0.25,0.9354166666666667,0.9340713668539389,0.8821428571428573,0.8759236306266627,0.01944961376749078,0.019180276701433262,0.04567680223473039,0.051488543233296276
1374,8,log_loss,best,10,5,0.5,0.9354166666666667,0.9340713668539389,0.8821428571428573,0.8759236306266627,0.01944961376749078,0.019180276701433262,0.04567680223473039,0.051488543233296276
1375,8,log_loss,best,10,10,None,0.9630952380952381,0.9629650514804748,0.9154761904761906,0.9148825521312328,0.01426443994139251,0.013653080981976443,0.04131288092379322,0.04044595256330894
1376,8,log_loss,best,10,10,sqrt,0.9354166666666667,0.9340713668539389,0.8821428571428573,0.8759236306266627,0.01944961376749078,0.019180276701433262,0.04567680223473039,0.051488543233296276
1377,8,log_loss,best,10,10,log2,0.9354166666666667,0.9340713668539389,0.8821428571428573,0.8759236306266627,0.01944961376749078,0.019180276701433262,0.04567680223473039,0.051488543233296276
1378,8,log_loss,best,10,10,0.25,0.9354166666666667,0.9340713668539389,0.8821428571428573,0.8759236306266627,0.01944961376749078,0.019180276701433262,0.04567680223473039,0.051488543233296276
1379,8,log_loss,best,10,10,0.5,0.9354166666666667,0.9340713668539389,0.8821428571428573,0.8759236306266627,0.01944961376749078,0.019180276701433262,0.04567680223473039,0.051488543233296276
1380,8,log_loss,random,1,2,None,0.9377976190476189,0.9396419338754834,0.8964285714285715,0.8995479327057296,0.02744027328860898,0.0270983796823811,0.04922874554317937,0.04871346803744887
1381,8,log_loss,random,1,2,sqrt,0.931547619047619,0.929431251113188,0.9047619047619048,0.9022168042797648,0.006888542409021935,0.007904924600134,0.024951361821634706,0.02597210265760053
1382,8,log_loss,random,1,2,log2,0.931547619047619,0.929431251113188,0.9047619047619048,0.9022168042797648,0.006888542409021935,0.007904924600134,0.024951361821634706,0.02597210265760053
1383,8,log_loss,random,1,2,0.25,0.931547619047619,0.929431251113188,0.9047619047619048,0.9022168042797648,0.006888542409021935,0.007904924600134,0.024951361821634706,0.02597210265760053
1384,8,log_loss,random,1,2,0.5,0.931547619047619,0.929431251113188,0.9047619047619048,0.9022168042797648,0.006888542409021935,0.007904924600134,0.024951361821634706,0.02597210265760053
1385,8,log_loss,random,1,5,None,0.919047619047619,0.9191461998629197,0.8892857142857141,0.8867963448754808,0.02912151162390818,0.03060584801251579,0.057745546191513925,0.06535961744073968
1386,8,log_loss,random,1,5,sqrt,0.924702380952381,0.922333360777215,0.9083333333333332,0.9064657264513181,0.008243257102500231,0.008973515025152725,0.028528879882785005,0.02858841684891234
1387,8,log_loss,random,1,5,log2,0.924702380952381,0.922333360777215,0.9083333333333332,0.9064657264513181,0.008243257102500231,0.008973515025152725,0.028528879882785005,0.02858841684891234
1388,8,log_loss,random,1,5,0.25,0.924702380952381,0.922333360777215,0.9083333333333332,0.9064657264513181,0.008243257102500231,0.008973515025152725,0.028528879882785005,0.02858841684891234
1389,8,log_loss,random,1,5,0.5,0.924702380952381,0.922333360777215,0.9083333333333332,0.9064657264513181,0.008243257102500231,0.008973515025152725,0.028528879882785005,0.02858841684891234
1390,8,log_loss,random,1,10,None,0.912202380952381,0.9134448549598463,0.8892857142857142,0.8891438451178122,0.02739873904690768,0.0289100216704358,0.04968926769046974,0.054748430612453304
1391,8,log_loss,random,1,10,sqrt,0.9125,0.9092638857555496,0.8916666666666668,0.8877999403714049,0.008735149830746898,0.009591484378018962,0.028207719032604398,0.03217999510932696
1392,8,log_loss,random,1,10,log2,0.9125,0.9092638857555496,0.8916666666666668,0.8877999403714049,0.008735149830746898,0.009591484378018962,0.028207719032604398,0.03217999510932696
1393,8,log_loss,random,1,10,0.25,0.9125,0.9092638857555496,0.8916666666666668,0.8877999403714049,0.008735149830746898,0.009591484378018962,0.028207719032604398,0.03217999510932696
1394,8,log_loss,random,1,10,0.5,0.9125,0.9092638857555496,0.8916666666666668,0.8877999403714049,0.008735149830746898,0.009591484378018962,0.028207719032604398,0.03217999510932696
1395,8,log_loss,random,3,2,None,0.9220238095238095,0.9210325766231047,0.8869047619047616,0.887555321572457,0.020518145397997643,0.02230545433209824,0.04460031987055564,0.04338286127782482
1396,8,log_loss,random,3,2,sqrt,0.9092261904761905,0.9069025441650302,0.8940476190476191,0.891575163630451,0.01140256660876179,0.012515786524914545,0.03338492120767639,0.036575222381529646
1397,8,log_loss,random,3,2,log2,0.9092261904761905,0.9069025441650302,0.8940476190476191,0.891575163630451,0.01140256660876179,0.012515786524914545,0.03338492120767639,0.036575222381529646
1398,8,log_loss,random,3,2,0.25,0.9092261904761905,0.9069025441650302,0.8940476190476191,0.891575163630451,0.01140256660876179,0.012515786524914545,0.03338492120767639,0.036575222381529646
1399,8,log_loss,random,3,2,0.5,0.9092261904761905,0.9069025441650302,0.8940476190476191,0.891575163630451,0.01140256660876179,0.012515786524914545,0.03338492120767639,0.036575222381529646
1400,8,log_loss,random,3,5,None,0.9220238095238095,0.9210325766231047,0.8869047619047616,0.887555321572457,0.020518145397997643,0.02230545433209824,0.04460031987055564,0.04338286127782482
1401,8,log_loss,random,3,5,sqrt,0.9092261904761905,0.9069025441650302,0.8940476190476191,0.891575163630451,0.01140256660876179,0.012515786524914545,0.03338492120767639,0.036575222381529646
1402,8,log_loss,random,3,5,log2,0.9092261904761905,0.9069025441650302,0.8940476190476191,0.891575163630451,0.01140256660876179,0.012515786524914545,0.03338492120767639,0.036575222381529646
1403,8,log_loss,random,3,5,0.25,0.9092261904761905,0.9069025441650302,0.8940476190476191,0.891575163630451,0.01140256660876179,0.012515786524914545,0.03338492120767639,0.036575222381529646
1404,8,log_loss,random,3,5,0.5,0.9092261904761905,0.9069025441650302,0.8940476190476191,0.891575163630451,0.01140256660876179,0.012515786524914545,0.03338492120767639,0.036575222381529646
1405,8,log_loss,random,3,10,None,0.9205357142857142,0.9198448882327822,0.8880952380952379,0.8887719426769959,0.020679399722581333,0.022156549785056833,0.042935019946469026,0.04123130366456119
1406,8,log_loss,random,3,10,sqrt,0.9062499999999999,0.9037635892271703,0.8892857142857145,0.8867391613134888,0.008767683089838964,0.01010772755073881,0.03250924963688571,0.03465063649443391
1407,8,log_loss,random,3,10,log2,0.9062499999999999,0.9037635892271703,0.8892857142857145,0.8867391613134888,0.008767683089838964,0.01010772755073881,0.03250924963688571,0.03465063649443391
1408,8,log_loss,random,3,10,0.25,0.9062499999999999,0.9037635892271703,0.8892857142857145,0.8867391613134888,0.008767683089838964,0.01010772755073881,0.03250924963688571,0.03465063649443391
1409,8,log_loss,random,3,10,0.5,0.9062499999999999,0.9037635892271703,0.8892857142857145,0.8867391613134888,0.008767683089838964,0.01010772755073881,0.03250924963688571,0.03465063649443391
1410,8,log_loss,random,5,2,None,0.9005952380952381,0.898119009178232,0.8702380952380954,0.8655235972802376,0.013547855915340207,0.015035149903265814,0.042401202836047404,0.04500912744557802
1411,8,log_loss,random,5,2,sqrt,0.9077380952380951,0.9053990822068084,0.8892857142857145,0.8868931699469955,0.008548456319253005,0.01072638184323037,0.030334625502438282,0.032995687819030235
1412,8,log_loss,random,5,2,log2,0.9077380952380951,0.9053990822068084,0.8892857142857145,0.8868931699469955,0.008548456319253005,0.01072638184323037,0.030334625502438282,0.032995687819030235
1413,8,log_loss,random,5,2,0.25,0.9077380952380951,0.9053990822068084,0.8892857142857145,0.8868931699469955,0.008548456319253005,0.01072638184323037,0.030334625502438282,0.032995687819030235
1414,8,log_loss,random,5,2,0.5,0.9077380952380951,0.9053990822068084,0.8892857142857145,0.8868931699469955,0.008548456319253005,0.01072638184323037,0.030334625502438282,0.032995687819030235
1415,8,log_loss,random,5,5,None,0.9005952380952381,0.898119009178232,0.8702380952380954,0.8655235972802376,0.013547855915340207,0.015035149903265814,0.042401202836047404,0.04500912744557802
1416,8,log_loss,random,5,5,sqrt,0.9077380952380951,0.9053990822068084,0.8892857142857145,0.8868931699469955,0.008548456319253005,0.01072638184323037,0.030334625502438282,0.032995687819030235
1417,8,log_loss,random,5,5,log2,0.9077380952380951,0.9053990822068084,0.8892857142857145,0.8868931699469955,0.008548456319253005,0.01072638184323037,0.030334625502438282,0.032995687819030235
1418,8,log_loss,random,5,5,0.25,0.9077380952380951,0.9053990822068084,0.8892857142857145,0.8868931699469955,0.008548456319253005,0.01072638184323037,0.030334625502438282,0.032995687819030235
1419,8,log_loss,random,5,5,0.5,0.9077380952380951,0.9053990822068084,0.8892857142857145,0.8868931699469955,0.008548456319253005,0.01072638184323037,0.030334625502438282,0.032995687819030235
1420,8,log_loss,random,5,10,None,0.9005952380952381,0.898119009178232,0.8702380952380954,0.8655235972802376,0.013547855915340207,0.015035149903265814,0.042401202836047404,0.04500912744557802
1421,8,log_loss,random,5,10,sqrt,0.9077380952380951,0.9053990822068084,0.8892857142857145,0.8868931699469955,0.008548456319253005,0.01072638184323037,0.030334625502438282,0.032995687819030235
1422,8,log_loss,random,5,10,log2,0.9077380952380951,0.9053990822068084,0.8892857142857145,0.8868931699469955,0.008548456319253005,0.01072638184323037,0.030334625502438282,0.032995687819030235
1423,8,log_loss,random,5,10,0.25,0.9077380952380951,0.9053990822068084,0.8892857142857145,0.8868931699469955,0.008548456319253005,0.01072638184323037,0.030334625502438282,0.032995687819030235
1424,8,log_loss,random,5,10,0.5,0.9077380952380951,0.9053990822068084,0.8892857142857145,0.8868931699469955,0.008548456319253005,0.01072638184323037,0.030334625502438282,0.032995687819030235
1425,8,log_loss,random,10,2,None,0.8910714285714286,0.8881464784233652,0.8678571428571428,0.8640886773204228,0.019663138879951116,0.020375037247836743,0.042579885476951684,0.04602405157300132
1426,8,log_loss,random,10,2,sqrt,0.8139880952380953,0.7896380516052927,0.8119047619047619,0.7904144827596997,0.04447246393658511,0.07752995663641463,0.05265658771083521,0.08608295802241045
1427,8,log_loss,random,10,2,log2,0.8139880952380953,0.7896380516052927,0.8119047619047619,0.7904144827596997,0.04447246393658511,0.07752995663641463,0.05265658771083521,0.08608295802241045
1428,8,log_loss,random,10,2,0.25,0.8139880952380953,0.7896380516052927,0.8119047619047619,0.7904144827596997,0.04447246393658511,0.07752995663641463,0.05265658771083521,0.08608295802241045
1429,8,log_loss,random,10,2,0.5,0.8139880952380953,0.7896380516052927,0.8119047619047619,0.7904144827596997,0.04447246393658511,0.07752995663641463,0.05265658771083521,0.08608295802241045
1430,8,log_loss,random,10,5,None,0.8910714285714286,0.8881464784233652,0.8678571428571428,0.8640886773204228,0.019663138879951116,0.020375037247836743,0.042579885476951684,0.04602405157300132
1431,8,log_loss,random,10,5,sqrt,0.8139880952380953,0.7896380516052927,0.8119047619047619,0.7904144827596997,0.04447246393658511,0.07752995663641463,0.05265658771083521,0.08608295802241045
1432,8,log_loss,random,10,5,log2,0.8139880952380953,0.7896380516052927,0.8119047619047619,0.7904144827596997,0.04447246393658511,0.07752995663641463,0.05265658771083521,0.08608295802241045
1433,8,log_loss,random,10,5,0.25,0.8139880952380953,0.7896380516052927,0.8119047619047619,0.7904144827596997,0.04447246393658511,0.07752995663641463,0.05265658771083521,0.08608295802241045
1434,8,log_loss,random,10,5,0.5,0.8139880952380953,0.7896380516052927,0.8119047619047619,0.7904144827596997,0.04447246393658511,0.07752995663641463,0.05265658771083521,0.08608295802241045
1435,8,log_loss,random,10,10,None,0.8910714285714286,0.8881464784233652,0.8678571428571428,0.8640886773204228,0.019663138879951116,0.020375037247836743,0.042579885476951684,0.04602405157300132
1436,8,log_loss,random,10,10,sqrt,0.8139880952380953,0.7896380516052927,0.8119047619047619,0.7904144827596997,0.04447246393658511,0.07752995663641463,0.05265658771083521,0.08608295802241045
1437,8,log_loss,random,10,10,log2,0.8139880952380953,0.7896380516052927,0.8119047619047619,0.7904144827596997,0.04447246393658511,0.07752995663641463,0.05265658771083521,0.08608295802241045
1438,8,log_loss,random,10,10,0.25,0.8139880952380953,0.7896380516052927,0.8119047619047619,0.7904144827596997,0.04447246393658511,0.07752995663641463,0.05265658771083521,0.08608295802241045
1439,8,log_loss,random,10,10,0.5,0.8139880952380953,0.7896380516052927,0.8119047619047619,0.7904144827596997,0.04447246393658511,0.07752995663641463,0.05265658771083521,0.08608295802241045
1440,12,gini,best,1,2,None,1.0,1.0,0.9380952380952381,0.9376607151493294,0.0,0.0,0.03365671609629769,0.033299039899783486
1441,12,gini,best,1,2,sqrt,1.0,1.0,0.9083333333333333,0.9072071595983474,0.0,0.0,0.04261553210142585,0.04406539928106416
1442,12,gini,best,1,2,log2,1.0,1.0,0.9083333333333333,0.9072071595983474,0.0,0.0,0.04261553210142585,0.04406539928106416
1443,12,gini,best,1,2,0.25,1.0,1.0,0.9083333333333333,0.9072071595983474,0.0,0.0,0.04261553210142585,0.04406539928106416
1444,12,gini,best,1,2,0.5,1.0,1.0,0.9083333333333333,0.9072071595983474,0.0,0.0,0.04261553210142585,0.04406539928106416
1445,12,gini,best,1,5,None,0.9931547619047618,0.9931185711656563,0.9369047619047619,0.9361580760483841,0.002856877113491884,0.0028786123953648403,0.034326789454401964,0.03459103095126616
1446,12,gini,best,1,5,sqrt,0.9851190476190477,0.9850005991289258,0.9107142857142859,0.911991017482441,0.007670756187359168,0.007765961219335747,0.03992978531249624,0.037771308793048505
1447,12,gini,best,1,5,log2,0.9851190476190477,0.9850005991289258,0.9107142857142859,0.911991017482441,0.007670756187359168,0.007765961219335747,0.03992978531249624,0.037771308793048505
1448,12,gini,best,1,5,0.25,0.9851190476190477,0.9850005991289258,0.9107142857142859,0.911991017482441,0.007670756187359168,0.007765961219335747,0.03992978531249624,0.037771308793048505
1449,12,gini,best,1,5,0.5,0.9851190476190477,0.9850005991289258,0.9107142857142859,0.911991017482441,0.007670756187359168,0.007765961219335747,0.03992978531249624,0.037771308793048505
1450,12,gini,best,1,10,None,0.9889880952380952,0.9889435100670924,0.9345238095238096,0.9343648434021569,0.005812558452426671,0.005826695540875602,0.037980801758719894,0.03665840148401035
1451,12,gini,best,1,10,sqrt,0.9735119047619049,0.9732147655898041,0.9011904761904762,0.9004375243245427,0.01004877560484176,0.010418871801652265,0.042077662012374215,0.04279312700500554
1452,12,gini,best,1,10,log2,0.9735119047619049,0.9732147655898041,0.9011904761904762,0.9004375243245427,0.01004877560484176,0.010418871801652265,0.042077662012374215,0.04279312700500554
1453,12,gini,best,1,10,0.25,0.9735119047619049,0.9732147655898041,0.9011904761904762,0.9004375243245427,0.01004877560484176,0.010418871801652265,0.042077662012374215,0.04279312700500554
1454,12,gini,best,1,10,0.5,0.9735119047619049,0.9732147655898041,0.9011904761904762,0.9004375243245427,0.01004877560484176,0.010418871801652265,0.042077662012374215,0.04279312700500554
1455,12,gini,best,3,2,None,0.9833333333333333,0.9832607337697024,0.9416666666666667,0.9412626451767405,0.0039451567039667165,0.0039635171446609834,0.032695550586933096,0.032876293775759347
1456,12,gini,best,3,2,sqrt,0.9681547619047618,0.9677953155945015,0.8916666666666668,0.8901432966878483,0.010917850772953692,0.011354330624801618,0.040757823719667116,0.0438086196254888
1457,12,gini,best,3,2,log2,0.9681547619047618,0.9677953155945015,0.8916666666666668,0.8901432966878483,0.010917850772953692,0.011354330624801618,0.040757823719667116,0.0438086196254888
1458,12,gini,best,3,2,0.25,0.9681547619047618,0.9677953155945015,0.8916666666666668,0.8901432966878483,0.010917850772953692,0.011354330624801618,0.040757823719667116,0.0438086196254888
1459,12,gini,best,3,2,0.5,0.9681547619047618,0.9677953155945015,0.8916666666666668,0.8901432966878483,0.010917850772953692,0.011354330624801618,0.040757823719667116,0.0438086196254888
1460,12,gini,best,3,5,None,0.9833333333333333,0.9832607337697024,0.9416666666666667,0.9412626451767405,0.0039451567039667165,0.0039635171446609834,0.032695550586933096,0.032876293775759347
1461,12,gini,best,3,5,sqrt,0.9681547619047618,0.9677953155945015,0.8916666666666668,0.8901432966878483,0.010917850772953692,0.011354330624801618,0.040757823719667116,0.0438086196254888
1462,12,gini,best,3,5,log2,0.9681547619047618,0.9677953155945015,0.8916666666666668,0.8901432966878483,0.010917850772953692,0.011354330624801618,0.040757823719667116,0.0438086196254888
1463,12,gini,best,3,5,0.25,0.9681547619047618,0.9677953155945015,0.8916666666666668,0.8901432966878483,0.010917850772953692,0.011354330624801618,0.040757823719667116,0.0438086196254888
1464,12,gini,best,3,5,0.5,0.9681547619047618,0.9677953155945015,0.8916666666666668,0.8901432966878483,0.010917850772953692,0.011354330624801618,0.040757823719667116,0.0438086196254888
1465,12,gini,best,3,10,None,0.9815476190476191,0.9814662378821468,0.9380952380952381,0.938110697510966,0.0060525165637221115,0.006136985245788295,0.03688555567816587,0.035781255076087204
1466,12,gini,best,3,10,sqrt,0.9660714285714286,0.9656812024242211,0.9011904761904764,0.9013447914028195,0.011419200558682579,0.011778100132263054,0.036262794732714924,0.03660608634081204
1467,12,gini,best,3,10,log2,0.9660714285714286,0.9656812024242211,0.9011904761904764,0.9013447914028195,0.011419200558682579,0.011778100132263054,0.036262794732714924,0.03660608634081204
1468,12,gini,best,3,10,0.25,0.9660714285714286,0.9656812024242211,0.9011904761904764,0.9013447914028195,0.011419200558682579,0.011778100132263054,0.036262794732714924,0.03660608634081204
1469,12,gini,best,3,10,0.5,0.9660714285714286,0.9656812024242211,0.9011904761904764,0.9013447914028195,0.011419200558682579,0.011778100132263054,0.036262794732714924,0.03660608634081204
1470,12,gini,best,5,2,None,0.9779761904761907,0.9778489129573835,0.9369047619047619,0.9371690779252785,0.009159430397625212,0.009247531475967345,0.04042113101890427,0.03842543072374536
1471,12,gini,best,5,2,sqrt,0.9553571428571429,0.9546996808387007,0.8988095238095238,0.8983908645049343,0.01582866536478425,0.016304034230472473,0.03485357403387619,0.03513636362537388
1472,12,gini,best,5,2,log2,0.9553571428571429,0.9546996808387007,0.8988095238095238,0.8983908645049343,0.01582866536478425,0.016304034230472473,0.03485357403387619,0.03513636362537388
1473,12,gini,best,5,2,0.25,0.9553571428571429,0.9546996808387007,0.8988095238095238,0.8983908645049343,0.01582866536478425,0.016304034230472473,0.03485357403387619,0.03513636362537388
1474,12,gini,best,5,2,0.5,0.9553571428571429,0.9546996808387007,0.8988095238095238,0.8983908645049343,0.01582866536478425,0.016304034230472473,0.03485357403387619,0.03513636362537388
1475,12,gini,best,5,5,None,0.9779761904761907,0.9778489129573835,0.9369047619047619,0.9371690779252785,0.009159430397625212,0.009247531475967345,0.04042113101890427,0.03842543072374536
1476,12,gini,best,5,5,sqrt,0.9553571428571429,0.9546996808387007,0.8988095238095238,0.8983908645049343,0.01582866536478425,0.016304034230472473,0.03485357403387619,0.03513636362537388
1477,12,gini,best,5,5,log2,0.9553571428571429,0.9546996808387007,0.8988095238095238,0.8983908645049343,0.01582866536478425,0.016304034230472473,0.03485357403387619,0.03513636362537388
1478,12,gini,best,5,5,0.25,0.9553571428571429,0.9546996808387007,0.8988095238095238,0.8983908645049343,0.01582866536478425,0.016304034230472473,0.03485357403387619,0.03513636362537388
1479,12,gini,best,5,5,0.5,0.9553571428571429,0.9546996808387007,0.8988095238095238,0.8983908645049343,0.01582866536478425,0.016304034230472473,0.03485357403387619,0.03513636362537388
1480,12,gini,best,5,10,None,0.9779761904761907,0.9778489129573835,0.9369047619047619,0.9371690779252785,0.009159430397625212,0.009247531475967345,0.04042113101890427,0.03842543072374536
1481,12,gini,best,5,10,sqrt,0.9553571428571429,0.9546996808387007,0.8988095238095238,0.8983908645049343,0.01582866536478425,0.016304034230472473,0.03485357403387619,0.03513636362537388
1482,12,gini,best,5,10,log2,0.9553571428571429,0.9546996808387007,0.8988095238095238,0.8983908645049343,0.01582866536478425,0.016304034230472473,0.03485357403387619,0.03513636362537388
1483,12,gini,best,5,10,0.25,0.9553571428571429,0.9546996808387007,0.8988095238095238,0.8983908645049343,0.01582866536478425,0.016304034230472473,0.03485357403387619,0.03513636362537388
1484,12,gini,best,5,10,0.5,0.9553571428571429,0.9546996808387007,0.8988095238095238,0.8983908645049343,0.01582866536478425,0.016304034230472473,0.03485357403387619,0.03513636362537388
1485,12,gini,best,10,2,None,0.962202380952381,0.9617960133938399,0.9250000000000002,0.9232043957344043,0.010519415503093555,0.010443504586960554,0.03647156326665616,0.03692612144455457
1486,12,gini,best,10,2,sqrt,0.9279761904761905,0.9265851348338974,0.8833333333333332,0.8773067336621932,0.01995538329983523,0.020100069505910412,0.054776691289718966,0.06046137189158825
1487,12,gini,best,10,2,log2,0.9279761904761905,0.9265851348338974,0.8833333333333332,0.8773067336621932,0.01995538329983523,0.020100069505910412,0.054776691289718966,0.06046137189158825
1488,12,gini,best,10,2,0.25,0.9279761904761905,0.9265851348338974,0.8833333333333332,0.8773067336621932,0.01995538329983523,0.020100069505910412,0.054776691289718966,0.06046137189158825
1489,12,gini,best,10,2,0.5,0.9279761904761905,0.9265851348338974,0.8833333333333332,0.8773067336621932,0.01995538329983523,0.020100069505910412,0.054776691289718966,0.06046137189158825
1490,12,gini,best,10,5,None,0.962202380952381,0.9617960133938399,0.9250000000000002,0.9232043957344043,0.010519415503093555,0.010443504586960554,0.03647156326665616,0.03692612144455457
1491,12,gini,best,10,5,sqrt,0.9279761904761905,0.9265851348338974,0.8833333333333332,0.8773067336621932,0.01995538329983523,0.020100069505910412,0.054776691289718966,0.06046137189158825
1492,12,gini,best,10,5,log2,0.9279761904761905,0.9265851348338974,0.8833333333333332,0.8773067336621932,0.01995538329983523,0.020100069505910412,0.054776691289718966,0.06046137189158825
1493,12,gini,best,10,5,0.25,0.9279761904761905,0.9265851348338974,0.8833333333333332,0.8773067336621932,0.01995538329983523,0.020100069505910412,0.054776691289718966,0.06046137189158825
1494,12,gini,best,10,5,0.5,0.9279761904761905,0.9265851348338974,0.8833333333333332,0.8773067336621932,0.01995538329983523,0.020100069505910412,0.054776691289718966,0.06046137189158825
1495,12,gini,best,10,10,None,0.962202380952381,0.9617960133938399,0.9250000000000002,0.9232043957344043,0.010519415503093555,0.010443504586960554,0.03647156326665616,0.03692612144455457
1496,12,gini,best,10,10,sqrt,0.9279761904761905,0.9265851348338974,0.8833333333333332,0.8773067336621932,0.01995538329983523,0.020100069505910412,0.054776691289718966,0.06046137189158825
1497,12,gini,best,10,10,log2,0.9279761904761905,0.9265851348338974,0.8833333333333332,0.8773067336621932,0.01995538329983523,0.020100069505910412,0.054776691289718966,0.06046137189158825
1498,12,gini,best,10,10,0.25,0.9279761904761905,0.9265851348338974,0.8833333333333332,0.8773067336621932,0.01995538329983523,0.020100069505910412,0.054776691289718966,0.06046137189158825
1499,12,gini,best,10,10,0.5,0.9279761904761905,0.9265851348338974,0.8833333333333332,0.8773067336621932,0.01995538329983523,0.020100069505910412,0.054776691289718966,0.06046137189158825
1500,12,gini,random,1,2,None,0.9988095238095237,0.9988041853512706,0.9309523809523808,0.9298891206939331,0.0020434719116833116,0.002052635462856793,0.03297302841000086,0.03456770008301959
1501,12,gini,random,1,2,sqrt,0.9833333333333335,0.9833261842952382,0.9369047619047618,0.9367070547522326,0.004290848681800274,0.004395563907682294,0.038100552350421264,0.038186896220772384
1502,12,gini,random,1,2,log2,0.9833333333333335,0.9833261842952382,0.9369047619047618,0.9367070547522326,0.004290848681800274,0.004395563907682294,0.038100552350421264,0.038186896220772384
1503,12,gini,random,1,2,0.25,0.9833333333333335,0.9833261842952382,0.9369047619047618,0.9367070547522326,0.004290848681800274,0.004395563907682294,0.038100552350421264,0.038186896220772384
1504,12,gini,random,1,2,0.5,0.9833333333333335,0.9833261842952382,0.9369047619047618,0.9367070547522326,0.004290848681800274,0.004395563907682294,0.038100552350421264,0.038186896220772384
1505,12,gini,random,1,5,None,0.9755952380952382,0.9752652044321393,0.9535714285714286,0.9532148187546606,0.005812558452426637,0.0058601849754418124,0.02414726442081474,0.023901209070175854
1506,12,gini,random,1,5,sqrt,0.9535714285714286,0.9522988369515581,0.9273809523809524,0.9248100888763243,0.009364364715804938,0.009972908907592013,0.03845756688771698,0.04027210726671406
1507,12,gini,random,1,5,log2,0.9535714285714286,0.9522988369515581,0.9273809523809524,0.9248100888763243,0.009364364715804938,0.009972908907592013,0.03845756688771698,0.04027210726671406
1508,12,gini,random,1,5,0.25,0.9535714285714286,0.9522988369515581,0.9273809523809524,0.9248100888763243,0.009364364715804938,0.009972908907592013,0.03845756688771698,0.04027210726671406
1509,12,gini,random,1,5,0.5,0.9535714285714286,0.9522988369515581,0.9273809523809524,0.9248100888763243,0.009364364715804938,0.009972908907592013,0.03845756688771698,0.04027210726671406
1510,12,gini,random,1,10,None,0.9586309523809524,0.9581649987368164,0.95,0.9492593202108515,0.012679409764369522,0.012688638352942849,0.027991564743561636,0.028619663804705778
1511,12,gini,random,1,10,sqrt,0.9327380952380951,0.9306900960027625,0.9178571428571428,0.9155291953682759,0.009761334395150855,0.010735701009795465,0.033611569575511424,0.03699841946447181
1512,12,gini,random,1,10,log2,0.9327380952380951,0.9306900960027625,0.9178571428571428,0.9155291953682759,0.009761334395150855,0.010735701009795465,0.033611569575511424,0.03699841946447181
1513,12,gini,random,1,10,0.25,0.9327380952380951,0.9306900960027625,0.9178571428571428,0.9155291953682759,0.009761334395150855,0.010735701009795465,0.033611569575511424,0.03699841946447181
1514,12,gini,random,1,10,0.5,0.9327380952380951,0.9306900960027625,0.9178571428571428,0.9155291953682759,0.009761334395150855,0.010735701009795465,0.033611569575511424,0.03699841946447181
1515,12,gini,random,3,2,None,0.9443452380952382,0.9434549323197475,0.9297619047619047,0.9288618420442643,0.014984756994254892,0.01594498181749511,0.0312712512775326,0.032634775861127875
1516,12,gini,random,3,2,sqrt,0.9163690476190477,0.9159185050619978,0.907142857142857,0.9071778100513654,0.00799783209814793,0.008026983525166282,0.030334625502438248,0.029454276940323827
1517,12,gini,random,3,2,log2,0.9163690476190477,0.9159185050619978,0.907142857142857,0.9071778100513654,0.00799783209814793,0.008026983525166282,0.030334625502438248,0.029454276940323827
1518,12,gini,random,3,2,0.25,0.9163690476190477,0.9159185050619978,0.907142857142857,0.9071778100513654,0.00799783209814793,0.008026983525166282,0.030334625502438248,0.029454276940323827
1519,12,gini,random,3,2,0.5,0.9163690476190477,0.9159185050619978,0.907142857142857,0.9071778100513654,0.00799783209814793,0.008026983525166282,0.030334625502438248,0.029454276940323827
1520,12,gini,random,3,5,None,0.9443452380952382,0.9434549323197475,0.9297619047619047,0.9288618420442643,0.014984756994254892,0.01594498181749511,0.0312712512775326,0.032634775861127875
1521,12,gini,random,3,5,sqrt,0.9163690476190477,0.9159185050619978,0.907142857142857,0.9071778100513654,0.00799783209814793,0.008026983525166282,0.030334625502438248,0.029454276940323827
1522,12,gini,random,3,5,log2,0.9163690476190477,0.9159185050619978,0.907142857142857,0.9071778100513654,0.00799783209814793,0.008026983525166282,0.030334625502438248,0.029454276940323827
1523,12,gini,random,3,5,0.25,0.9163690476190477,0.9159185050619978,0.907142857142857,0.9071778100513654,0.00799783209814793,0.008026983525166282,0.030334625502438248,0.029454276940323827
1524,12,gini,random,3,5,0.5,0.9163690476190477,0.9159185050619978,0.907142857142857,0.9071778100513654,0.00799783209814793,0.008026983525166282,0.030334625502438248,0.029454276940323827
1525,12,gini,random,3,10,None,0.9416666666666668,0.9408646525501896,0.9059523809523807,0.9044182970892866,0.013547855915340206,0.014324245740137648,0.04650046761941327,0.04861755474914182
1526,12,gini,random,3,10,sqrt,0.9181547619047621,0.916900715519209,0.9107142857142857,0.9095040935496824,0.012589270637323922,0.013845742715437344,0.026997462357801937,0.030067076928764588
1527,12,gini,random,3,10,log2,0.9181547619047621,0.916900715519209,0.9107142857142857,0.9095040935496824,0.012589270637323922,0.013845742715437344,0.026997462357801937,0.030067076928764588
1528,12,gini,random,3,10,0.25,0.9181547619047621,0.916900715519209,0.9107142857142857,0.9095040935496824,0.012589270637323922,0.013845742715437344,0.026997462357801937,0.030067076928764588
1529,12,gini,random,3,10,0.5,0.9181547619047621,0.916900715519209,0.9107142857142857,0.9095040935496824,0.012589270637323922,0.013845742715437344,0.026997462357801937,0.030067076928764588
1530,12,gini,random,5,2,None,0.9148809523809526,0.912010766096613,0.8821428571428572,0.877091484582762,0.01344236879837644,0.013948442499425086,0.03684436576506288,0.04023626213556271
1531,12,gini,random,5,2,sqrt,0.9101190476190477,0.9083924174307935,0.9047619047619049,0.9039635432364626,0.008414179024074406,0.008570111895267183,0.02671475862653914,0.02875870864719889
1532,12,gini,random,5,2,log2,0.9101190476190477,0.9083924174307935,0.9047619047619049,0.9039635432364626,0.008414179024074406,0.008570111895267183,0.02671475862653914,0.02875870864719889
1533,12,gini,random,5,2,0.25,0.9101190476190477,0.9083924174307935,0.9047619047619049,0.9039635432364626,0.008414179024074406,0.008570111895267183,0.02671475862653914,0.02875870864719889
1534,12,gini,random,5,2,0.5,0.9101190476190477,0.9083924174307935,0.9047619047619049,0.9039635432364626,0.008414179024074406,0.008570111895267183,0.02671475862653914,0.02875870864719889
1535,12,gini,random,5,5,None,0.9148809523809526,0.912010766096613,0.8821428571428572,0.877091484582762,0.01344236879837644,0.013948442499425086,0.03684436576506288,0.04023626213556271
1536,12,gini,random,5,5,sqrt,0.9101190476190477,0.9083924174307935,0.9047619047619049,0.9039635432364626,0.008414179024074406,0.008570111895267183,0.02671475862653914,0.02875870864719889
1537,12,gini,random,5,5,log2,0.9101190476190477,0.9083924174307935,0.9047619047619049,0.9039635432364626,0.008414179024074406,0.008570111895267183,0.02671475862653914,0.02875870864719889
1538,12,gini,random,5,5,0.25,0.9101190476190477,0.9083924174307935,0.9047619047619049,0.9039635432364626,0.008414179024074406,0.008570111895267183,0.02671475862653914,0.02875870864719889
1539,12,gini,random,5,5,0.5,0.9101190476190477,0.9083924174307935,0.9047619047619049,0.9039635432364626,0.008414179024074406,0.008570111895267183,0.02671475862653914,0.02875870864719889
1540,12,gini,random,5,10,None,0.9148809523809526,0.912010766096613,0.8821428571428572,0.877091484582762,0.01344236879837644,0.013948442499425086,0.03684436576506288,0.04023626213556271
1541,12,gini,random,5,10,sqrt,0.9101190476190477,0.9083924174307935,0.9047619047619049,0.9039635432364626,0.008414179024074406,0.008570111895267183,0.02671475862653914,0.02875870864719889
1542,12,gini,random,5,10,log2,0.9101190476190477,0.9083924174307935,0.9047619047619049,0.9039635432364626,0.008414179024074406,0.008570111895267183,0.02671475862653914,0.02875870864719889
1543,12,gini,random,5,10,0.25,0.9101190476190477,0.9083924174307935,0.9047619047619049,0.9039635432364626,0.008414179024074406,0.008570111895267183,0.02671475862653914,0.02875870864719889
1544,12,gini,random,5,10,0.5,0.9101190476190477,0.9083924174307935,0.9047619047619049,0.9039635432364626,0.008414179024074406,0.008570111895267183,0.02671475862653914,0.02875870864719889
1545,12,gini,random,10,2,None,0.8910714285714286,0.8881464784233652,0.8678571428571428,0.8640886773204228,0.019663138879951116,0.020375037247836743,0.042579885476951684,0.04602405157300132
1546,12,gini,random,10,2,sqrt,0.8139880952380953,0.7896380516052927,0.8119047619047619,0.7904144827596997,0.04447246393658511,0.07752995663641463,0.05265658771083521,0.08608295802241045
1547,12,gini,random,10,2,log2,0.8139880952380953,0.7896380516052927,0.8119047619047619,0.7904144827596997,0.04447246393658511,0.07752995663641463,0.05265658771083521,0.08608295802241045
1548,12,gini,random,10,2,0.25,0.8139880952380953,0.7896380516052927,0.8119047619047619,0.7904144827596997,0.04447246393658511,0.07752995663641463,0.05265658771083521,0.08608295802241045
1549,12,gini,random,10,2,0.5,0.8139880952380953,0.7896380516052927,0.8119047619047619,0.7904144827596997,0.04447246393658511,0.07752995663641463,0.05265658771083521,0.08608295802241045
1550,12,gini,random,10,5,None,0.8910714285714286,0.8881464784233652,0.8678571428571428,0.8640886773204228,0.019663138879951116,0.020375037247836743,0.042579885476951684,0.04602405157300132
1551,12,gini,random,10,5,sqrt,0.8139880952380953,0.7896380516052927,0.8119047619047619,0.7904144827596997,0.04447246393658511,0.07752995663641463,0.05265658771083521,0.08608295802241045
1552,12,gini,random,10,5,log2,0.8139880952380953,0.7896380516052927,0.8119047619047619,0.7904144827596997,0.04447246393658511,0.07752995663641463,0.05265658771083521,0.08608295802241045
1553,12,gini,random,10,5,0.25,0.8139880952380953,0.7896380516052927,0.8119047619047619,0.7904144827596997,0.04447246393658511,0.07752995663641463,0.05265658771083521,0.08608295802241045
1554,12,gini,random,10,5,0.5,0.8139880952380953,0.7896380516052927,0.8119047619047619,0.7904144827596997,0.04447246393658511,0.07752995663641463,0.05265658771083521,0.08608295802241045
1555,12,gini,random,10,10,None,0.8910714285714286,0.8881464784233652,0.8678571428571428,0.8640886773204228,0.019663138879951116,0.020375037247836743,0.042579885476951684,0.04602405157300132
1556,12,gini,random,10,10,sqrt,0.8139880952380953,0.7896380516052927,0.8119047619047619,0.7904144827596997,0.04447246393658511,0.07752995663641463,0.05265658771083521,0.08608295802241045
1557,12,gini,random,10,10,log2,0.8139880952380953,0.7896380516052927,0.8119047619047619,0.7904144827596997,0.04447246393658511,0.07752995663641463,0.05265658771083521,0.08608295802241045
1558,12,gini,random,10,10,0.25,0.8139880952380953,0.7896380516052927,0.8119047619047619,0.7904144827596997,0.04447246393658511,0.07752995663641463,0.05265658771083521,0.08608295802241045
1559,12,gini,random,10,10,0.5,0.8139880952380953,0.7896380516052927,0.8119047619047619,0.7904144827596997,0.04447246393658511,0.07752995663641463,0.05265658771083521,0.08608295802241045
1560,12,entropy,best,1,2,None,1.0,1.0,0.9452380952380952,0.9445382235800989,0.0,0.0,0.030534197559499193,0.030872999691470015
1561,12,entropy,best,1,2,sqrt,1.0,1.0,0.9309523809523809,0.9312348115062449,0.0,0.0,0.044702341322663285,0.04412383118532894
1562,12,entropy,best,1,2,log2,1.0,1.0,0.9309523809523809,0.9312348115062449,0.0,0.0,0.044702341322663285,0.04412383118532894
1563,12,entropy,best,1,2,0.25,1.0,1.0,0.9309523809523809,0.9312348115062449,0.0,0.0,0.044702341322663285,0.04412383118532894
1564,12,entropy,best,1,2,0.5,1.0,1.0,0.9309523809523809,0.9312348115062449,0.0,0.0,0.044702341322663285,0.04412383118532894
1565,12,entropy,best,1,5,None,0.9931547619047619,0.9931132445706436,0.9464285714285714,0.9454700765884548,0.0037223633385392364,0.0037456461371544766,0.02941980253742549,0.030122942504806946
1566,12,entropy,best,1,5,sqrt,0.988095238095238,0.9879815785931462,0.9285714285714286,0.9271253612069431,0.006462025575497751,0.006587094971956632,0.030929478706587087,0.032502455648207355
1567,12,entropy,best,1,5,log2,0.988095238095238,0.9879815785931462,0.9285714285714286,0.9271253612069431,0.006462025575497751,0.006587094971956632,0.030929478706587087,0.032502455648207355
1568,12,entropy,best,1,5,0.25,0.988095238095238,0.9879815785931462,0.9285714285714286,0.9271253612069431,0.006462025575497751,0.006587094971956632,0.030929478706587087,0.032502455648207355
1569,12,entropy,best,1,5,0.5,0.988095238095238,0.9879815785931462,0.9285714285714286,0.9271253612069431,0.006462025575497751,0.006587094971956632,0.030929478706587087,0.032502455648207355
1570,12,entropy,best,1,10,None,0.9877976190476189,0.9877444172044106,0.9392857142857144,0.9391063584273147,0.005458925386476875,0.005473945764628343,0.039239304683823986,0.0378707902562588
1571,12,entropy,best,1,10,sqrt,0.9824404761904761,0.9822710397987863,0.9238095238095239,0.9221856367683918,0.005713754226983815,0.005811720281721882,0.034722627143735495,0.035265484563399944
1572,12,entropy,best,1,10,log2,0.9824404761904761,0.9822710397987863,0.9238095238095239,0.9221856367683918,0.005713754226983815,0.005811720281721882,0.034722627143735495,0.035265484563399944
1573,12,entropy,best,1,10,0.25,0.9824404761904761,0.9822710397987863,0.9238095238095239,0.9221856367683918,0.005713754226983815,0.005811720281721882,0.034722627143735495,0.035265484563399944
1574,12,entropy,best,1,10,0.5,0.9824404761904761,0.9822710397987863,0.9238095238095239,0.9221856367683918,0.005713754226983815,0.005811720281721882,0.034722627143735495,0.035265484563399944
1575,12,entropy,best,3,2,None,0.9875000000000002,0.9874938197965706,0.9440476190476191,0.9435017873614364,0.004831810440019365,0.0048090000170446625,0.02688473759675287,0.027051618446894164
1576,12,entropy,best,3,2,sqrt,0.9791666666666665,0.9790058848617244,0.9202380952380953,0.9200873490028983,0.006005292045844208,0.006147254633841724,0.031561253631733455,0.029849150475383793
1577,12,entropy,best,3,2,log2,0.9791666666666665,0.9790058848617244,0.9202380952380953,0.9200873490028983,0.006005292045844208,0.006147254633841724,0.031561253631733455,0.029849150475383793
1578,12,entropy,best,3,2,0.25,0.9791666666666665,0.9790058848617244,0.9202380952380953,0.9200873490028983,0.006005292045844208,0.006147254633841724,0.031561253631733455,0.029849150475383793
1579,12,entropy,best,3,2,0.5,0.9791666666666665,0.9790058848617244,0.9202380952380953,0.9200873490028983,0.006005292045844208,0.006147254633841724,0.031561253631733455,0.029849150475383793
1580,12,entropy,best,3,5,None,0.9875000000000002,0.9874938197965706,0.9440476190476191,0.9435017873614364,0.004831810440019365,0.0048090000170446625,0.02688473759675287,0.027051618446894164
1581,12,entropy,best,3,5,sqrt,0.9791666666666665,0.9790058848617244,0.9202380952380953,0.9200873490028983,0.006005292045844208,0.006147254633841724,0.031561253631733455,0.029849150475383793
1582,12,entropy,best,3,5,log2,0.9791666666666665,0.9790058848617244,0.9202380952380953,0.9200873490028983,0.006005292045844208,0.006147254633841724,0.031561253631733455,0.029849150475383793
1583,12,entropy,best,3,5,0.25,0.9791666666666665,0.9790058848617244,0.9202380952380953,0.9200873490028983,0.006005292045844208,0.006147254633841724,0.031561253631733455,0.029849150475383793
1584,12,entropy,best,3,5,0.5,0.9791666666666665,0.9790058848617244,0.9202380952380953,0.9200873490028983,0.006005292045844208,0.006147254633841724,0.031561253631733455,0.029849150475383793
1585,12,entropy,best,3,10,None,0.9818452380952382,0.9817673983483742,0.9404761904761905,0.9403601762715648,0.007444726677078522,0.007459161922564417,0.034193825277012056,0.03274418476711008
1586,12,entropy,best,3,10,sqrt,0.9767857142857143,0.9765341255613104,0.923809523809524,0.9228355381352353,0.0073935595643823725,0.007641140345823348,0.03127125127753262,0.030160791270884963
1587,12,entropy,best,3,10,log2,0.9767857142857143,0.9765341255613104,0.923809523809524,0.9228355381352353,0.0073935595643823725,0.007641140345823348,0.03127125127753262,0.030160791270884963
1588,12,entropy,best,3,10,0.25,0.9767857142857143,0.9765341255613104,0.923809523809524,0.9228355381352353,0.0073935595643823725,0.007641140345823348,0.03127125127753262,0.030160791270884963
1589,12,entropy,best,3,10,0.5,0.9767857142857143,0.9765341255613104,0.923809523809524,0.9228355381352353,0.0073935595643823725,0.007641140345823348,0.03127125127753262,0.030160791270884963
1590,12,entropy,best,5,2,None,0.9758928571428572,0.9758003634127861,0.9345238095238096,0.9349056985899089,0.008896626526771322,0.008884380361641832,0.039739188590299054,0.03736667860244408
1591,12,entropy,best,5,2,sqrt,0.9711309523809523,0.9708957890269819,0.9178571428571428,0.9168995312403021,0.008907287556991461,0.009123004190989926,0.03684436576506289,0.03652267842390212
1592,12,entropy,best,5,2,log2,0.9711309523809523,0.9708957890269819,0.9178571428571428,0.9168995312403021,0.008907287556991461,0.009123004190989926,0.03684436576506289,0.03652267842390212
1593,12,entropy,best,5,2,0.25,0.9711309523809523,0.9708957890269819,0.9178571428571428,0.9168995312403021,0.008907287556991461,0.009123004190989926,0.03684436576506289,0.03652267842390212
1594,12,entropy,best,5,2,0.5,0.9711309523809523,0.9708957890269819,0.9178571428571428,0.9168995312403021,0.008907287556991461,0.009123004190989926,0.03684436576506289,0.03652267842390212
1595,12,entropy,best,5,5,None,0.9758928571428572,0.9758003634127861,0.9345238095238096,0.9349056985899089,0.008896626526771322,0.008884380361641832,0.039739188590299054,0.03736667860244408
1596,12,entropy,best,5,5,sqrt,0.9711309523809523,0.9708957890269819,0.9178571428571428,0.9168995312403021,0.008907287556991461,0.009123004190989926,0.03684436576506289,0.03652267842390212
1597,12,entropy,best,5,5,log2,0.9711309523809523,0.9708957890269819,0.9178571428571428,0.9168995312403021,0.008907287556991461,0.009123004190989926,0.03684436576506289,0.03652267842390212
1598,12,entropy,best,5,5,0.25,0.9711309523809523,0.9708957890269819,0.9178571428571428,0.9168995312403021,0.008907287556991461,0.009123004190989926,0.03684436576506289,0.03652267842390212
1599,12,entropy,best,5,5,0.5,0.9711309523809523,0.9708957890269819,0.9178571428571428,0.9168995312403021,0.008907287556991461,0.009123004190989926,0.03684436576506289,0.03652267842390212
1600,12,entropy,best,5,10,None,0.9758928571428572,0.9758003634127861,0.9345238095238096,0.9349056985899089,0.008896626526771322,0.008884380361641832,0.039739188590299054,0.03736667860244408
1601,12,entropy,best,5,10,sqrt,0.9711309523809523,0.9708957890269819,0.9178571428571428,0.9168995312403021,0.008907287556991461,0.009123004190989926,0.03684436576506289,0.03652267842390212
1602,12,entropy,best,5,10,log2,0.9711309523809523,0.9708957890269819,0.9178571428571428,0.9168995312403021,0.008907287556991461,0.009123004190989926,0.03684436576506289,0.03652267842390212
1603,12,entropy,best,5,10,0.25,0.9711309523809523,0.9708957890269819,0.9178571428571428,0.9168995312403021,0.008907287556991461,0.009123004190989926,0.03684436576506289,0.03652267842390212
1604,12,entropy,best,5,10,0.5,0.9711309523809523,0.9708957890269819,0.9178571428571428,0.9168995312403021,0.008907287556991461,0.009123004190989926,0.03684436576506289,0.03652267842390212
1605,12,entropy,best,10,2,None,0.9630952380952381,0.9629650514804748,0.9154761904761906,0.9148825521312328,0.01426443994139251,0.013653080981976443,0.04131288092379322,0.04044595256330894
1606,12,entropy,best,10,2,sqrt,0.9354166666666667,0.9340713668539389,0.8821428571428573,0.8759236306266627,0.01944961376749078,0.019180276701433262,0.04567680223473039,0.051488543233296276
1607,12,entropy,best,10,2,log2,0.9354166666666667,0.9340713668539389,0.8821428571428573,0.8759236306266627,0.01944961376749078,0.019180276701433262,0.04567680223473039,0.051488543233296276
1608,12,entropy,best,10,2,0.25,0.9354166666666667,0.9340713668539389,0.8821428571428573,0.8759236306266627,0.01944961376749078,0.019180276701433262,0.04567680223473039,0.051488543233296276
1609,12,entropy,best,10,2,0.5,0.9354166666666667,0.9340713668539389,0.8821428571428573,0.8759236306266627,0.01944961376749078,0.019180276701433262,0.04567680223473039,0.051488543233296276
1610,12,entropy,best,10,5,None,0.9630952380952381,0.9629650514804748,0.9154761904761906,0.9148825521312328,0.01426443994139251,0.013653080981976443,0.04131288092379322,0.04044595256330894
1611,12,entropy,best,10,5,sqrt,0.9354166666666667,0.9340713668539389,0.8821428571428573,0.8759236306266627,0.01944961376749078,0.019180276701433262,0.04567680223473039,0.051488543233296276
1612,12,entropy,best,10,5,log2,0.9354166666666667,0.9340713668539389,0.8821428571428573,0.8759236306266627,0.01944961376749078,0.019180276701433262,0.04567680223473039,0.051488543233296276
1613,12,entropy,best,10,5,0.25,0.9354166666666667,0.9340713668539389,0.8821428571428573,0.8759236306266627,0.01944961376749078,0.019180276701433262,0.04567680223473039,0.051488543233296276
1614,12,entropy,best,10,5,0.5,0.9354166666666667,0.9340713668539389,0.8821428571428573,0.8759236306266627,0.01944961376749078,0.019180276701433262,0.04567680223473039,0.051488543233296276
1615,12,entropy,best,10,10,None,0.9630952380952381,0.9629650514804748,0.9154761904761906,0.9148825521312328,0.01426443994139251,0.013653080981976443,0.04131288092379322,0.04044595256330894
1616,12,entropy,best,10,10,sqrt,0.9354166666666667,0.9340713668539389,0.8821428571428573,0.8759236306266627,0.01944961376749078,0.019180276701433262,0.04567680223473039,0.051488543233296276
1617,12,entropy,best,10,10,log2,0.9354166666666667,0.9340713668539389,0.8821428571428573,0.8759236306266627,0.01944961376749078,0.019180276701433262,0.04567680223473039,0.051488543233296276
1618,12,entropy,best,10,10,0.25,0.9354166666666667,0.9340713668539389,0.8821428571428573,0.8759236306266627,0.01944961376749078,0.019180276701433262,0.04567680223473039,0.051488543233296276
1619,12,entropy,best,10,10,0.5,0.9354166666666667,0.9340713668539389,0.8821428571428573,0.8759236306266627,0.01944961376749078,0.019180276701433262,0.04567680223473039,0.051488543233296276
1620,12,entropy,random,1,2,None,0.9955357142857142,0.9955682226920771,0.9285714285714287,0.9289080202800388,0.0069570868078034,0.00686389755973063,0.030184080526018446,0.02966386717144559
1621,12,entropy,random,1,2,sqrt,0.9833333333333335,0.9833261842952382,0.9369047619047618,0.9367070547522326,0.004290848681800274,0.004395563907682294,0.038100552350421264,0.038186896220772384
1622,12,entropy,random,1,2,log2,0.9833333333333335,0.9833261842952382,0.9369047619047618,0.9367070547522326,0.004290848681800274,0.004395563907682294,0.038100552350421264,0.038186896220772384
1623,12,entropy,random,1,2,0.25,0.9833333333333335,0.9833261842952382,0.9369047619047618,0.9367070547522326,0.004290848681800274,0.004395563907682294,0.038100552350421264,0.038186896220772384
1624,12,entropy,random,1,2,0.5,0.9833333333333335,0.9833261842952382,0.9369047619047618,0.9367070547522326,0.004290848681800274,0.004395563907682294,0.038100552350421264,0.038186896220772384
1625,12,entropy,random,1,5,None,0.974702380952381,0.974378663683616,0.9523809523809523,0.9501245024524141,0.007290148043997546,0.007257923553472016,0.03798080175871989,0.04168400203210408
1626,12,entropy,random,1,5,sqrt,0.9535714285714286,0.9522988369515581,0.9273809523809524,0.9248100888763243,0.009364364715804938,0.009972908907592013,0.03845756688771698,0.04027210726671406
1627,12,entropy,random,1,5,log2,0.9535714285714286,0.9522988369515581,0.9273809523809524,0.9248100888763243,0.009364364715804938,0.009972908907592013,0.03845756688771698,0.04027210726671406
1628,12,entropy,random,1,5,0.25,0.9535714285714286,0.9522988369515581,0.9273809523809524,0.9248100888763243,0.009364364715804938,0.009972908907592013,0.03845756688771698,0.04027210726671406
1629,12,entropy,random,1,5,0.5,0.9535714285714286,0.9522988369515581,0.9273809523809524,0.9248100888763243,0.009364364715804938,0.009972908907592013,0.03845756688771698,0.04027210726671406
1630,12,entropy,random,1,10,None,0.9625,0.9620751816459142,0.9476190476190476,0.9468606585545484,0.013048288595711234,0.013121449075657975,0.02900395402151937,0.029620462354218245
1631,12,entropy,random,1,10,sqrt,0.9327380952380951,0.9306900960027625,0.9178571428571428,0.9155291953682759,0.009761334395150855,0.010735701009795465,0.033611569575511424,0.03699841946447181
1632,12,entropy,random,1,10,log2,0.9327380952380951,0.9306900960027625,0.9178571428571428,0.9155291953682759,0.009761334395150855,0.010735701009795465,0.033611569575511424,0.03699841946447181
1633,12,entropy,random,1,10,0.25,0.9327380952380951,0.9306900960027625,0.9178571428571428,0.9155291953682759,0.009761334395150855,0.010735701009795465,0.033611569575511424,0.03699841946447181
1634,12,entropy,random,1,10,0.5,0.9327380952380951,0.9306900960027625,0.9178571428571428,0.9155291953682759,0.009761334395150855,0.010735701009795465,0.033611569575511424,0.03699841946447181
1635,12,entropy,random,3,2,None,0.9404761904761905,0.9392603936556492,0.9178571428571428,0.9156957417154296,0.016155063938744326,0.016998652016864672,0.03622089663122214,0.038629882833349866
1636,12,entropy,random,3,2,sqrt,0.9163690476190477,0.9159185050619978,0.907142857142857,0.9071778100513654,0.00799783209814793,0.008026983525166282,0.030334625502438248,0.029454276940323827
1637,12,entropy,random,3,2,log2,0.9163690476190477,0.9159185050619978,0.907142857142857,0.9071778100513654,0.00799783209814793,0.008026983525166282,0.030334625502438248,0.029454276940323827
1638,12,entropy,random,3,2,0.25,0.9163690476190477,0.9159185050619978,0.907142857142857,0.9071778100513654,0.00799783209814793,0.008026983525166282,0.030334625502438248,0.029454276940323827
1639,12,entropy,random,3,2,0.5,0.9163690476190477,0.9159185050619978,0.907142857142857,0.9071778100513654,0.00799783209814793,0.008026983525166282,0.030334625502438248,0.029454276940323827
1640,12,entropy,random,3,5,None,0.9404761904761905,0.9392603936556492,0.9178571428571428,0.9156957417154296,0.016155063938744326,0.016998652016864672,0.03622089663122214,0.038629882833349866
1641,12,entropy,random,3,5,sqrt,0.9163690476190477,0.9159185050619978,0.907142857142857,0.9071778100513654,0.00799783209814793,0.008026983525166282,0.030334625502438248,0.029454276940323827
1642,12,entropy,random,3,5,log2,0.9163690476190477,0.9159185050619978,0.907142857142857,0.9071778100513654,0.00799783209814793,0.008026983525166282,0.030334625502438248,0.029454276940323827
1643,12,entropy,random,3,5,0.25,0.9163690476190477,0.9159185050619978,0.907142857142857,0.9071778100513654,0.00799783209814793,0.008026983525166282,0.030334625502438248,0.029454276940323827
1644,12,entropy,random,3,5,0.5,0.9163690476190477,0.9159185050619978,0.907142857142857,0.9071778100513654,0.00799783209814793,0.008026983525166282,0.030334625502438248,0.029454276940323827
1645,12,entropy,random,3,10,None,0.9354166666666667,0.9337080609079546,0.9,0.8965994697654688,0.015360059444607806,0.016338498291481554,0.05219315438284495,0.05508247000028522
1646,12,entropy,random,3,10,sqrt,0.9181547619047621,0.916900715519209,0.9107142857142857,0.9095040935496824,0.012589270637323922,0.013845742715437344,0.026997462357801937,0.030067076928764588
1647,12,entropy,random,3,10,log2,0.9181547619047621,0.916900715519209,0.9107142857142857,0.9095040935496824,0.012589270637323922,0.013845742715437344,0.026997462357801937,0.030067076928764588
1648,12,entropy,random,3,10,0.25,0.9181547619047621,0.916900715519209,0.9107142857142857,0.9095040935496824,0.012589270637323922,0.013845742715437344,0.026997462357801937,0.030067076928764588
1649,12,entropy,random,3,10,0.5,0.9181547619047621,0.916900715519209,0.9107142857142857,0.9095040935496824,0.012589270637323922,0.013845742715437344,0.026997462357801937,0.030067076928764588
1650,12,entropy,random,5,2,None,0.9065476190476189,0.9039989613395869,0.8738095238095238,0.8691914326356668,0.014851160654612679,0.01581889366662032,0.036010674910128986,0.038379185465585296
1651,12,entropy,random,5,2,sqrt,0.9101190476190477,0.9083924174307935,0.9047619047619049,0.9039635432364626,0.008414179024074406,0.008570111895267183,0.02671475862653914,0.02875870864719889
1652,12,entropy,random,5,2,log2,0.9101190476190477,0.9083924174307935,0.9047619047619049,0.9039635432364626,0.008414179024074406,0.008570111895267183,0.02671475862653914,0.02875870864719889
1653,12,entropy,random,5,2,0.25,0.9101190476190477,0.9083924174307935,0.9047619047619049,0.9039635432364626,0.008414179024074406,0.008570111895267183,0.02671475862653914,0.02875870864719889
1654,12,entropy,random,5,2,0.5,0.9101190476190477,0.9083924174307935,0.9047619047619049,0.9039635432364626,0.008414179024074406,0.008570111895267183,0.02671475862653914,0.02875870864719889
1655,12,entropy,random,5,5,None,0.9065476190476189,0.9039989613395869,0.8738095238095238,0.8691914326356668,0.014851160654612679,0.01581889366662032,0.036010674910128986,0.038379185465585296
1656,12,entropy,random,5,5,sqrt,0.9101190476190477,0.9083924174307935,0.9047619047619049,0.9039635432364626,0.008414179024074406,0.008570111895267183,0.02671475862653914,0.02875870864719889
1657,12,entropy,random,5,5,log2,0.9101190476190477,0.9083924174307935,0.9047619047619049,0.9039635432364626,0.008414179024074406,0.008570111895267183,0.02671475862653914,0.02875870864719889
1658,12,entropy,random,5,5,0.25,0.9101190476190477,0.9083924174307935,0.9047619047619049,0.9039635432364626,0.008414179024074406,0.008570111895267183,0.02671475862653914,0.02875870864719889
1659,12,entropy,random,5,5,0.5,0.9101190476190477,0.9083924174307935,0.9047619047619049,0.9039635432364626,0.008414179024074406,0.008570111895267183,0.02671475862653914,0.02875870864719889
1660,12,entropy,random,5,10,None,0.9065476190476189,0.9039989613395869,0.8738095238095238,0.8691914326356668,0.014851160654612679,0.01581889366662032,0.036010674910128986,0.038379185465585296
1661,12,entropy,random,5,10,sqrt,0.9101190476190477,0.9083924174307935,0.9047619047619049,0.9039635432364626,0.008414179024074406,0.008570111895267183,0.02671475862653914,0.02875870864719889
1662,12,entropy,random,5,10,log2,0.9101190476190477,0.9083924174307935,0.9047619047619049,0.9039635432364626,0.008414179024074406,0.008570111895267183,0.02671475862653914,0.02875870864719889
1663,12,entropy,random,5,10,0.25,0.9101190476190477,0.9083924174307935,0.9047619047619049,0.9039635432364626,0.008414179024074406,0.008570111895267183,0.02671475862653914,0.02875870864719889
1664,12,entropy,random,5,10,0.5,0.9101190476190477,0.9083924174307935,0.9047619047619049,0.9039635432364626,0.008414179024074406,0.008570111895267183,0.02671475862653914,0.02875870864719889
1665,12,entropy,random,10,2,None,0.8910714285714286,0.8881464784233652,0.8678571428571428,0.8640886773204228,0.019663138879951116,0.020375037247836743,0.042579885476951684,0.04602405157300132
1666,12,entropy,random,10,2,sqrt,0.8139880952380953,0.7896380516052927,0.8119047619047619,0.7904144827596997,0.04447246393658511,0.07752995663641463,0.05265658771083521,0.08608295802241045
1667,12,entropy,random,10,2,log2,0.8139880952380953,0.7896380516052927,0.8119047619047619,0.7904144827596997,0.04447246393658511,0.07752995663641463,0.05265658771083521,0.08608295802241045
1668,12,entropy,random,10,2,0.25,0.8139880952380953,0.7896380516052927,0.8119047619047619,0.7904144827596997,0.04447246393658511,0.07752995663641463,0.05265658771083521,0.08608295802241045
1669,12,entropy,random,10,2,0.5,0.8139880952380953,0.7896380516052927,0.8119047619047619,0.7904144827596997,0.04447246393658511,0.07752995663641463,0.05265658771083521,0.08608295802241045
1670,12,entropy,random,10,5,None,0.8910714285714286,0.8881464784233652,0.8678571428571428,0.8640886773204228,0.019663138879951116,0.020375037247836743,0.042579885476951684,0.04602405157300132
1671,12,entropy,random,10,5,sqrt,0.8139880952380953,0.7896380516052927,0.8119047619047619,0.7904144827596997,0.04447246393658511,0.07752995663641463,0.05265658771083521,0.08608295802241045
1672,12,entropy,random,10,5,log2,0.8139880952380953,0.7896380516052927,0.8119047619047619,0.7904144827596997,0.04447246393658511,0.07752995663641463,0.05265658771083521,0.08608295802241045
1673,12,entropy,random,10,5,0.25,0.8139880952380953,0.7896380516052927,0.8119047619047619,0.7904144827596997,0.04447246393658511,0.07752995663641463,0.05265658771083521,0.08608295802241045
1674,12,entropy,random,10,5,0.5,0.8139880952380953,0.7896380516052927,0.8119047619047619,0.7904144827596997,0.04447246393658511,0.07752995663641463,0.05265658771083521,0.08608295802241045
1675,12,entropy,random,10,10,None,0.8910714285714286,0.8881464784233652,0.8678571428571428,0.8640886773204228,0.019663138879951116,0.020375037247836743,0.042579885476951684,0.04602405157300132
1676,12,entropy,random,10,10,sqrt,0.8139880952380953,0.7896380516052927,0.8119047619047619,0.7904144827596997,0.04447246393658511,0.07752995663641463,0.05265658771083521,0.08608295802241045
1677,12,entropy,random,10,10,log2,0.8139880952380953,0.7896380516052927,0.8119047619047619,0.7904144827596997,0.04447246393658511,0.07752995663641463,0.05265658771083521,0.08608295802241045
1678,12,entropy,random,10,10,0.25,0.8139880952380953,0.7896380516052927,0.8119047619047619,0.7904144827596997,0.04447246393658511,0.07752995663641463,0.05265658771083521,0.08608295802241045
1679,12,entropy,random,10,10,0.5,0.8139880952380953,0.7896380516052927,0.8119047619047619,0.7904144827596997,0.04447246393658511,0.07752995663641463,0.05265658771083521,0.08608295802241045
1680,12,log_loss,best,1,2,None,1.0,1.0,0.9452380952380952,0.9445382235800989,0.0,0.0,0.030534197559499193,0.030872999691470015
1681,12,log_loss,best,1,2,sqrt,1.0,1.0,0.9309523809523809,0.9312348115062449,0.0,0.0,0.044702341322663285,0.04412383118532894
1682,12,log_loss,best,1,2,log2,1.0,1.0,0.9309523809523809,0.9312348115062449,0.0,0.0,0.044702341322663285,0.04412383118532894
1683,12,log_loss,best,1,2,0.25,1.0,1.0,0.9309523809523809,0.9312348115062449,0.0,0.0,0.044702341322663285,0.04412383118532894
1684,12,log_loss,best,1,2,0.5,1.0,1.0,0.9309523809523809,0.9312348115062449,0.0,0.0,0.044702341322663285,0.04412383118532894
1685,12,log_loss,best,1,5,None,0.9931547619047619,0.9931132445706436,0.9464285714285714,0.9454700765884548,0.0037223633385392364,0.0037456461371544766,0.02941980253742549,0.030122942504806946
1686,12,log_loss,best,1,5,sqrt,0.988095238095238,0.9879815785931462,0.9285714285714286,0.9271253612069431,0.006462025575497751,0.006587094971956632,0.030929478706587087,0.032502455648207355
1687,12,log_loss,best,1,5,log2,0.988095238095238,0.9879815785931462,0.9285714285714286,0.9271253612069431,0.006462025575497751,0.006587094971956632,0.030929478706587087,0.032502455648207355
1688,12,log_loss,best,1,5,0.25,0.988095238095238,0.9879815785931462,0.9285714285714286,0.9271253612069431,0.006462025575497751,0.006587094971956632,0.030929478706587087,0.032502455648207355
1689,12,log_loss,best,1,5,0.5,0.988095238095238,0.9879815785931462,0.9285714285714286,0.9271253612069431,0.006462025575497751,0.006587094971956632,0.030929478706587087,0.032502455648207355
1690,12,log_loss,best,1,10,None,0.9877976190476189,0.9877444172044106,0.9392857142857144,0.9391063584273147,0.005458925386476875,0.005473945764628343,0.039239304683823986,0.0378707902562588
1691,12,log_loss,best,1,10,sqrt,0.9824404761904761,0.9822710397987863,0.9238095238095239,0.9221856367683918,0.005713754226983815,0.005811720281721882,0.034722627143735495,0.035265484563399944
1692,12,log_loss,best,1,10,log2,0.9824404761904761,0.9822710397987863,0.9238095238095239,0.9221856367683918,0.005713754226983815,0.005811720281721882,0.034722627143735495,0.035265484563399944
1693,12,log_loss,best,1,10,0.25,0.9824404761904761,0.9822710397987863,0.9238095238095239,0.9221856367683918,0.005713754226983815,0.005811720281721882,0.034722627143735495,0.035265484563399944
1694,12,log_loss,best,1,10,0.5,0.9824404761904761,0.9822710397987863,0.9238095238095239,0.9221856367683918,0.005713754226983815,0.005811720281721882,0.034722627143735495,0.035265484563399944
1695,12,log_loss,best,3,2,None,0.9875000000000002,0.9874938197965706,0.9440476190476191,0.9435017873614364,0.004831810440019365,0.0048090000170446625,0.02688473759675287,0.027051618446894164
1696,12,log_loss,best,3,2,sqrt,0.9791666666666665,0.9790058848617244,0.9202380952380953,0.9200873490028983,0.006005292045844208,0.006147254633841724,0.031561253631733455,0.029849150475383793
1697,12,log_loss,best,3,2,log2,0.9791666666666665,0.9790058848617244,0.9202380952380953,0.9200873490028983,0.006005292045844208,0.006147254633841724,0.031561253631733455,0.029849150475383793
1698,12,log_loss,best,3,2,0.25,0.9791666666666665,0.9790058848617244,0.9202380952380953,0.9200873490028983,0.006005292045844208,0.006147254633841724,0.031561253631733455,0.029849150475383793
1699,12,log_loss,best,3,2,0.5,0.9791666666666665,0.9790058848617244,0.9202380952380953,0.9200873490028983,0.006005292045844208,0.006147254633841724,0.031561253631733455,0.029849150475383793
1700,12,log_loss,best,3,5,None,0.9875000000000002,0.9874938197965706,0.9440476190476191,0.9435017873614364,0.004831810440019365,0.0048090000170446625,0.02688473759675287,0.027051618446894164
1701,12,log_loss,best,3,5,sqrt,0.9791666666666665,0.9790058848617244,0.9202380952380953,0.9200873490028983,0.006005292045844208,0.006147254633841724,0.031561253631733455,0.029849150475383793
1702,12,log_loss,best,3,5,log2,0.9791666666666665,0.9790058848617244,0.9202380952380953,0.9200873490028983,0.006005292045844208,0.006147254633841724,0.031561253631733455,0.029849150475383793
1703,12,log_loss,best,3,5,0.25,0.9791666666666665,0.9790058848617244,0.9202380952380953,0.9200873490028983,0.006005292045844208,0.006147254633841724,0.031561253631733455,0.029849150475383793
1704,12,log_loss,best,3,5,0.5,0.9791666666666665,0.9790058848617244,0.9202380952380953,0.9200873490028983,0.006005292045844208,0.006147254633841724,0.031561253631733455,0.029849150475383793
1705,12,log_loss,best,3,10,None,0.9818452380952382,0.9817673983483742,0.9404761904761905,0.9403601762715648,0.007444726677078522,0.007459161922564417,0.034193825277012056,0.03274418476711008
1706,12,log_loss,best,3,10,sqrt,0.9767857142857143,0.9765341255613104,0.923809523809524,0.9228355381352353,0.0073935595643823725,0.007641140345823348,0.03127125127753262,0.030160791270884963
1707,12,log_loss,best,3,10,log2,0.9767857142857143,0.9765341255613104,0.923809523809524,0.9228355381352353,0.0073935595643823725,0.007641140345823348,0.03127125127753262,0.030160791270884963
1708,12,log_loss,best,3,10,0.25,0.9767857142857143,0.9765341255613104,0.923809523809524,0.9228355381352353,0.0073935595643823725,0.007641140345823348,0.03127125127753262,0.030160791270884963
1709,12,log_loss,best,3,10,0.5,0.9767857142857143,0.9765341255613104,0.923809523809524,0.9228355381352353,0.0073935595643823725,0.007641140345823348,0.03127125127753262,0.030160791270884963
1710,12,log_loss,best,5,2,None,0.9758928571428572,0.9758003634127861,0.9345238095238096,0.9349056985899089,0.008896626526771322,0.008884380361641832,0.039739188590299054,0.03736667860244408
1711,12,log_loss,best,5,2,sqrt,0.9711309523809523,0.9708957890269819,0.9178571428571428,0.9168995312403021,0.008907287556991461,0.009123004190989926,0.03684436576506289,0.03652267842390212
1712,12,log_loss,best,5,2,log2,0.9711309523809523,0.9708957890269819,0.9178571428571428,0.9168995312403021,0.008907287556991461,0.009123004190989926,0.03684436576506289,0.03652267842390212
1713,12,log_loss,best,5,2,0.25,0.9711309523809523,0.9708957890269819,0.9178571428571428,0.9168995312403021,0.008907287556991461,0.009123004190989926,0.03684436576506289,0.03652267842390212
1714,12,log_loss,best,5,2,0.5,0.9711309523809523,0.9708957890269819,0.9178571428571428,0.9168995312403021,0.008907287556991461,0.009123004190989926,0.03684436576506289,0.03652267842390212
1715,12,log_loss,best,5,5,None,0.9758928571428572,0.9758003634127861,0.9345238095238096,0.9349056985899089,0.008896626526771322,0.008884380361641832,0.039739188590299054,0.03736667860244408
1716,12,log_loss,best,5,5,sqrt,0.9711309523809523,0.9708957890269819,0.9178571428571428,0.9168995312403021,0.008907287556991461,0.009123004190989926,0.03684436576506289,0.03652267842390212
1717,12,log_loss,best,5,5,log2,0.9711309523809523,0.9708957890269819,0.9178571428571428,0.9168995312403021,0.008907287556991461,0.009123004190989926,0.03684436576506289,0.03652267842390212
1718,12,log_loss,best,5,5,0.25,0.9711309523809523,0.9708957890269819,0.9178571428571428,0.9168995312403021,0.008907287556991461,0.009123004190989926,0.03684436576506289,0.03652267842390212
1719,12,log_loss,best,5,5,0.5,0.9711309523809523,0.9708957890269819,0.9178571428571428,0.9168995312403021,0.008907287556991461,0.009123004190989926,0.03684436576506289,0.03652267842390212
1720,12,log_loss,best,5,10,None,0.9758928571428572,0.9758003634127861,0.9345238095238096,0.9349056985899089,0.008896626526771322,0.008884380361641832,0.039739188590299054,0.03736667860244408
1721,12,log_loss,best,5,10,sqrt,0.9711309523809523,0.9708957890269819,0.9178571428571428,0.9168995312403021,0.008907287556991461,0.009123004190989926,0.03684436576506289,0.03652267842390212
1722,12,log_loss,best,5,10,log2,0.9711309523809523,0.9708957890269819,0.9178571428571428,0.9168995312403021,0.008907287556991461,0.009123004190989926,0.03684436576506289,0.03652267842390212
1723,12,log_loss,best,5,10,0.25,0.9711309523809523,0.9708957890269819,0.9178571428571428,0.9168995312403021,0.008907287556991461,0.009123004190989926,0.03684436576506289,0.03652267842390212
1724,12,log_loss,best,5,10,0.5,0.9711309523809523,0.9708957890269819,0.9178571428571428,0.9168995312403021,0.008907287556991461,0.009123004190989926,0.03684436576506289,0.03652267842390212
1725,12,log_loss,best,10,2,None,0.9630952380952381,0.9629650514804748,0.9154761904761906,0.9148825521312328,0.01426443994139251,0.013653080981976443,0.04131288092379322,0.04044595256330894
1726,12,log_loss,best,10,2,sqrt,0.9354166666666667,0.9340713668539389,0.8821428571428573,0.8759236306266627,0.01944961376749078,0.019180276701433262,0.04567680223473039,0.051488543233296276
1727,12,log_loss,best,10,2,log2,0.9354166666666667,0.9340713668539389,0.8821428571428573,0.8759236306266627,0.01944961376749078,0.019180276701433262,0.04567680223473039,0.051488543233296276
1728,12,log_loss,best,10,2,0.25,0.9354166666666667,0.9340713668539389,0.8821428571428573,0.8759236306266627,0.01944961376749078,0.019180276701433262,0.04567680223473039,0.051488543233296276
1729,12,log_loss,best,10,2,0.5,0.9354166666666667,0.9340713668539389,0.8821428571428573,0.8759236306266627,0.01944961376749078,0.019180276701433262,0.04567680223473039,0.051488543233296276
1730,12,log_loss,best,10,5,None,0.9630952380952381,0.9629650514804748,0.9154761904761906,0.9148825521312328,0.01426443994139251,0.013653080981976443,0.04131288092379322,0.04044595256330894
1731,12,log_loss,best,10,5,sqrt,0.9354166666666667,0.9340713668539389,0.8821428571428573,0.8759236306266627,0.01944961376749078,0.019180276701433262,0.04567680223473039,0.051488543233296276
1732,12,log_loss,best,10,5,log2,0.9354166666666667,0.9340713668539389,0.8821428571428573,0.8759236306266627,0.01944961376749078,0.019180276701433262,0.04567680223473039,0.051488543233296276
1733,12,log_loss,best,10,5,0.25,0.9354166666666667,0.9340713668539389,0.8821428571428573,0.8759236306266627,0.01944961376749078,0.019180276701433262,0.04567680223473039,0.051488543233296276
1734,12,log_loss,best,10,5,0.5,0.9354166666666667,0.9340713668539389,0.8821428571428573,0.8759236306266627,0.01944961376749078,0.019180276701433262,0.04567680223473039,0.051488543233296276
1735,12,log_loss,best,10,10,None,0.9630952380952381,0.9629650514804748,0.9154761904761906,0.9148825521312328,0.01426443994139251,0.013653080981976443,0.04131288092379322,0.04044595256330894
1736,12,log_loss,best,10,10,sqrt,0.9354166666666667,0.9340713668539389,0.8821428571428573,0.8759236306266627,0.01944961376749078,0.019180276701433262,0.04567680223473039,0.051488543233296276
1737,12,log_loss,best,10,10,log2,0.9354166666666667,0.9340713668539389,0.8821428571428573,0.8759236306266627,0.01944961376749078,0.019180276701433262,0.04567680223473039,0.051488543233296276
1738,12,log_loss,best,10,10,0.25,0.9354166666666667,0.9340713668539389,0.8821428571428573,0.8759236306266627,0.01944961376749078,0.019180276701433262,0.04567680223473039,0.051488543233296276
1739,12,log_loss,best,10,10,0.5,0.9354166666666667,0.9340713668539389,0.8821428571428573,0.8759236306266627,0.01944961376749078,0.019180276701433262,0.04567680223473039,0.051488543233296276
1740,12,log_loss,random,1,2,None,0.9955357142857142,0.9955682226920771,0.9285714285714287,0.9289080202800388,0.0069570868078034,0.00686389755973063,0.030184080526018446,0.02966386717144559
1741,12,log_loss,random,1,2,sqrt,0.9833333333333335,0.9833261842952382,0.9369047619047618,0.9367070547522326,0.004290848681800274,0.004395563907682294,0.038100552350421264,0.038186896220772384
1742,12,log_loss,random,1,2,log2,0.9833333333333335,0.9833261842952382,0.9369047619047618,0.9367070547522326,0.004290848681800274,0.004395563907682294,0.038100552350421264,0.038186896220772384
1743,12,log_loss,random,1,2,0.25,0.9833333333333335,0.9833261842952382,0.9369047619047618,0.9367070547522326,0.004290848681800274,0.004395563907682294,0.038100552350421264,0.038186896220772384
1744,12,log_loss,random,1,2,0.5,0.9833333333333335,0.9833261842952382,0.9369047619047618,0.9367070547522326,0.004290848681800274,0.004395563907682294,0.038100552350421264,0.038186896220772384
1745,12,log_loss,random,1,5,None,0.974702380952381,0.974378663683616,0.9523809523809523,0.9501245024524141,0.007290148043997546,0.007257923553472016,0.03798080175871989,0.04168400203210408
1746,12,log_loss,random,1,5,sqrt,0.9535714285714286,0.9522988369515581,0.9273809523809524,0.9248100888763243,0.009364364715804938,0.009972908907592013,0.03845756688771698,0.04027210726671406
1747,12,log_loss,random,1,5,log2,0.9535714285714286,0.9522988369515581,0.9273809523809524,0.9248100888763243,0.009364364715804938,0.009972908907592013,0.03845756688771698,0.04027210726671406
1748,12,log_loss,random,1,5,0.25,0.9535714285714286,0.9522988369515581,0.9273809523809524,0.9248100888763243,0.009364364715804938,0.009972908907592013,0.03845756688771698,0.04027210726671406
1749,12,log_loss,random,1,5,0.5,0.9535714285714286,0.9522988369515581,0.9273809523809524,0.9248100888763243,0.009364364715804938,0.009972908907592013,0.03845756688771698,0.04027210726671406
1750,12,log_loss,random,1,10,None,0.9625,0.9620751816459142,0.9476190476190476,0.9468606585545484,0.013048288595711234,0.013121449075657975,0.02900395402151937,0.029620462354218245
1751,12,log_loss,random,1,10,sqrt,0.9327380952380951,0.9306900960027625,0.9178571428571428,0.9155291953682759,0.009761334395150855,0.010735701009795465,0.033611569575511424,0.03699841946447181
1752,12,log_loss,random,1,10,log2,0.9327380952380951,0.9306900960027625,0.9178571428571428,0.9155291953682759,0.009761334395150855,0.010735701009795465,0.033611569575511424,0.03699841946447181
1753,12,log_loss,random,1,10,0.25,0.9327380952380951,0.9306900960027625,0.9178571428571428,0.9155291953682759,0.009761334395150855,0.010735701009795465,0.033611569575511424,0.03699841946447181
1754,12,log_loss,random,1,10,0.5,0.9327380952380951,0.9306900960027625,0.9178571428571428,0.9155291953682759,0.009761334395150855,0.010735701009795465,0.033611569575511424,0.03699841946447181
1755,12,log_loss,random,3,2,None,0.9404761904761905,0.9392603936556492,0.9178571428571428,0.9156957417154296,0.016155063938744326,0.016998652016864672,0.03622089663122214,0.038629882833349866
1756,12,log_loss,random,3,2,sqrt,0.9163690476190477,0.9159185050619978,0.907142857142857,0.9071778100513654,0.00799783209814793,0.008026983525166282,0.030334625502438248,0.029454276940323827
1757,12,log_loss,random,3,2,log2,0.9163690476190477,0.9159185050619978,0.907142857142857,0.9071778100513654,0.00799783209814793,0.008026983525166282,0.030334625502438248,0.029454276940323827
1758,12,log_loss,random,3,2,0.25,0.9163690476190477,0.9159185050619978,0.907142857142857,0.9071778100513654,0.00799783209814793,0.008026983525166282,0.030334625502438248,0.029454276940323827
1759,12,log_loss,random,3,2,0.5,0.9163690476190477,0.9159185050619978,0.907142857142857,0.9071778100513654,0.00799783209814793,0.008026983525166282,0.030334625502438248,0.029454276940323827
1760,12,log_loss,random,3,5,None,0.9404761904761905,0.9392603936556492,0.9178571428571428,0.9156957417154296,0.016155063938744326,0.016998652016864672,0.03622089663122214,0.038629882833349866
1761,12,log_loss,random,3,5,sqrt,0.9163690476190477,0.9159185050619978,0.907142857142857,0.9071778100513654,0.00799783209814793,0.008026983525166282,0.030334625502438248,0.029454276940323827
1762,12,log_loss,random,3,5,log2,0.9163690476190477,0.9159185050619978,0.907142857142857,0.9071778100513654,0.00799783209814793,0.008026983525166282,0.030334625502438248,0.029454276940323827
1763,12,log_loss,random,3,5,0.25,0.9163690476190477,0.9159185050619978,0.907142857142857,0.9071778100513654,0.00799783209814793,0.008026983525166282,0.030334625502438248,0.029454276940323827
1764,12,log_loss,random,3,5,0.5,0.9163690476190477,0.9159185050619978,0.907142857142857,0.9071778100513654,0.00799783209814793,0.008026983525166282,0.030334625502438248,0.029454276940323827
1765,12,log_loss,random,3,10,None,0.9354166666666667,0.9337080609079546,0.9,0.8965994697654688,0.015360059444607806,0.016338498291481554,0.05219315438284495,0.05508247000028522
1766,12,log_loss,random,3,10,sqrt,0.9181547619047621,0.916900715519209,0.9107142857142857,0.9095040935496824,0.012589270637323922,0.013845742715437344,0.026997462357801937,0.030067076928764588
1767,12,log_loss,random,3,10,log2,0.9181547619047621,0.916900715519209,0.9107142857142857,0.9095040935496824,0.012589270637323922,0.013845742715437344,0.026997462357801937,0.030067076928764588
1768,12,log_loss,random,3,10,0.25,0.9181547619047621,0.916900715519209,0.9107142857142857,0.9095040935496824,0.012589270637323922,0.013845742715437344,0.026997462357801937,0.030067076928764588
1769,12,log_loss,random,3,10,0.5,0.9181547619047621,0.916900715519209,0.9107142857142857,0.9095040935496824,0.012589270637323922,0.013845742715437344,0.026997462357801937,0.030067076928764588
1770,12,log_loss,random,5,2,None,0.9065476190476189,0.9039989613395869,0.8738095238095238,0.8691914326356668,0.014851160654612679,0.01581889366662032,0.036010674910128986,0.038379185465585296
1771,12,log_loss,random,5,2,sqrt,0.9101190476190477,0.9083924174307935,0.9047619047619049,0.9039635432364626,0.008414179024074406,0.008570111895267183,0.02671475862653914,0.02875870864719889
1772,12,log_loss,random,5,2,log2,0.9101190476190477,0.9083924174307935,0.9047619047619049,0.9039635432364626,0.008414179024074406,0.008570111895267183,0.02671475862653914,0.02875870864719889
1773,12,log_loss,random,5,2,0.25,0.9101190476190477,0.9083924174307935,0.9047619047619049,0.9039635432364626,0.008414179024074406,0.008570111895267183,0.02671475862653914,0.02875870864719889
1774,12,log_loss,random,5,2,0.5,0.9101190476190477,0.9083924174307935,0.9047619047619049,0.9039635432364626,0.008414179024074406,0.008570111895267183,0.02671475862653914,0.02875870864719889
1775,12,log_loss,random,5,5,None,0.9065476190476189,0.9039989613395869,0.8738095238095238,0.8691914326356668,0.014851160654612679,0.01581889366662032,0.036010674910128986,0.038379185465585296
1776,12,log_loss,random,5,5,sqrt,0.9101190476190477,0.9083924174307935,0.9047619047619049,0.9039635432364626,0.008414179024074406,0.008570111895267183,0.02671475862653914,0.02875870864719889
1777,12,log_loss,random,5,5,log2,0.9101190476190477,0.9083924174307935,0.9047619047619049,0.9039635432364626,0.008414179024074406,0.008570111895267183,0.02671475862653914,0.02875870864719889
1778,12,log_loss,random,5,5,0.25,0.9101190476190477,0.9083924174307935,0.9047619047619049,0.9039635432364626,0.008414179024074406,0.008570111895267183,0.02671475862653914,0.02875870864719889
1779,12,log_loss,random,5,5,0.5,0.9101190476190477,0.9083924174307935,0.9047619047619049,0.9039635432364626,0.008414179024074406,0.008570111895267183,0.02671475862653914,0.02875870864719889
1780,12,log_loss,random,5,10,None,0.9065476190476189,0.9039989613395869,0.8738095238095238,0.8691914326356668,0.014851160654612679,0.01581889366662032,0.036010674910128986,0.038379185465585296
1781,12,log_loss,random,5,10,sqrt,0.9101190476190477,0.9083924174307935,0.9047619047619049,0.9039635432364626,0.008414179024074406,0.008570111895267183,0.02671475862653914,0.02875870864719889
1782,12,log_loss,random,5,10,log2,0.9101190476190477,0.9083924174307935,0.9047619047619049,0.9039635432364626,0.008414179024074406,0.008570111895267183,0.02671475862653914,0.02875870864719889
1783,12,log_loss,random,5,10,0.25,0.9101190476190477,0.9083924174307935,0.9047619047619049,0.9039635432364626,0.008414179024074406,0.008570111895267183,0.02671475862653914,0.02875870864719889
1784,12,log_loss,random,5,10,0.5,0.9101190476190477,0.9083924174307935,0.9047619047619049,0.9039635432364626,0.008414179024074406,0.008570111895267183,0.02671475862653914,0.02875870864719889
1785,12,log_loss,random,10,2,None,0.8910714285714286,0.8881464784233652,0.8678571428571428,0.8640886773204228,0.019663138879951116,0.020375037247836743,0.042579885476951684,0.04602405157300132
1786,12,log_loss,random,10,2,sqrt,0.8139880952380953,0.7896380516052927,0.8119047619047619,0.7904144827596997,0.04447246393658511,0.07752995663641463,0.05265658771083521,0.08608295802241045
1787,12,log_loss,random,10,2,log2,0.8139880952380953,0.7896380516052927,0.8119047619047619,0.7904144827596997,0.04447246393658511,0.07752995663641463,0.05265658771083521,0.08608295802241045
1788,12,log_loss,random,10,2,0.25,0.8139880952380953,0.7896380516052927,0.8119047619047619,0.7904144827596997,0.04447246393658511,0.07752995663641463,0.05265658771083521,0.08608295802241045
1789,12,log_loss,random,10,2,0.5,0.8139880952380953,0.7896380516052927,0.8119047619047619,0.7904144827596997,0.04447246393658511,0.07752995663641463,0.05265658771083521,0.08608295802241045
1790,12,log_loss,random,10,5,None,0.8910714285714286,0.8881464784233652,0.8678571428571428,0.8640886773204228,0.019663138879951116,0.020375037247836743,0.042579885476951684,0.04602405157300132
1791,12,log_loss,random,10,5,sqrt,0.8139880952380953,0.7896380516052927,0.8119047619047619,0.7904144827596997,0.04447246393658511,0.07752995663641463,0.05265658771083521,0.08608295802241045
1792,12,log_loss,random,10,5,log2,0.8139880952380953,0.7896380516052927,0.8119047619047619,0.7904144827596997,0.04447246393658511,0.07752995663641463,0.05265658771083521,0.08608295802241045
1793,12,log_loss,random,10,5,0.25,0.8139880952380953,0.7896380516052927,0.8119047619047619,0.7904144827596997,0.04447246393658511,0.07752995663641463,0.05265658771083521,0.08608295802241045
1794,12,log_loss,random,10,5,0.5,0.8139880952380953,0.7896380516052927,0.8119047619047619,0.7904144827596997,0.04447246393658511,0.07752995663641463,0.05265658771083521,0.08608295802241045
1795,12,log_loss,random,10,10,None,0.8910714285714286,0.8881464784233652,0.8678571428571428,0.8640886773204228,0.019663138879951116,0.020375037247836743,0.042579885476951684,0.04602405157300132
1796,12,log_loss,random,10,10,sqrt,0.8139880952380953,0.7896380516052927,0.8119047619047619,0.7904144827596997,0.04447246393658511,0.07752995663641463,0.05265658771083521,0.08608295802241045
1797,12,log_loss,random,10,10,log2,0.8139880952380953,0.7896380516052927,0.8119047619047619,0.7904144827596997,0.04447246393658511,0.07752995663641463,0.05265658771083521,0.08608295802241045
1798,12,log_loss,random,10,10,0.25,0.8139880952380953,0.7896380516052927,0.8119047619047619,0.7904144827596997,0.04447246393658511,0.07752995663641463,0.05265658771083521,0.08608295802241045
1799,12,log_loss,random,10,10,0.5,0.8139880952380953,0.7896380516052927,0.8119047619047619,0.7904144827596997,0.04447246393658511,0.07752995663641463,0.05265658771083521,0.08608295802241045
1800,20,gini,best,1,2,None,1.0,1.0,0.9380952380952381,0.9376607151493294,0.0,0.0,0.03365671609629769,0.033299039899783486
1801,20,gini,best,1,2,sqrt,1.0,1.0,0.9083333333333333,0.9072071595983474,0.0,0.0,0.04261553210142585,0.04406539928106416
1802,20,gini,best,1,2,log2,1.0,1.0,0.9083333333333333,0.9072071595983474,0.0,0.0,0.04261553210142585,0.04406539928106416
1803,20,gini,best,1,2,0.25,1.0,1.0,0.9083333333333333,0.9072071595983474,0.0,0.0,0.04261553210142585,0.04406539928106416
1804,20,gini,best,1,2,0.5,1.0,1.0,0.9083333333333333,0.9072071595983474,0.0,0.0,0.04261553210142585,0.04406539928106416
1805,20,gini,best,1,5,None,0.9931547619047618,0.9931185711656563,0.9369047619047619,0.9361580760483841,0.002856877113491884,0.0028786123953648403,0.034326789454401964,0.03459103095126616
1806,20,gini,best,1,5,sqrt,0.9851190476190477,0.9850005991289258,0.9107142857142859,0.911991017482441,0.007670756187359168,0.007765961219335747,0.03992978531249624,0.037771308793048505
1807,20,gini,best,1,5,log2,0.9851190476190477,0.9850005991289258,0.9107142857142859,0.911991017482441,0.007670756187359168,0.007765961219335747,0.03992978531249624,0.037771308793048505
1808,20,gini,best,1,5,0.25,0.9851190476190477,0.9850005991289258,0.9107142857142859,0.911991017482441,0.007670756187359168,0.007765961219335747,0.03992978531249624,0.037771308793048505
1809,20,gini,best,1,5,0.5,0.9851190476190477,0.9850005991289258,0.9107142857142859,0.911991017482441,0.007670756187359168,0.007765961219335747,0.03992978531249624,0.037771308793048505
1810,20,gini,best,1,10,None,0.9889880952380952,0.9889435100670924,0.9345238095238096,0.9343648434021569,0.005812558452426671,0.005826695540875602,0.037980801758719894,0.03665840148401035
1811,20,gini,best,1,10,sqrt,0.9735119047619049,0.9732147655898041,0.9011904761904762,0.9004375243245427,0.01004877560484176,0.010418871801652265,0.042077662012374215,0.04279312700500554
1812,20,gini,best,1,10,log2,0.9735119047619049,0.9732147655898041,0.9011904761904762,0.9004375243245427,0.01004877560484176,0.010418871801652265,0.042077662012374215,0.04279312700500554
1813,20,gini,best,1,10,0.25,0.9735119047619049,0.9732147655898041,0.9011904761904762,0.9004375243245427,0.01004877560484176,0.010418871801652265,0.042077662012374215,0.04279312700500554
1814,20,gini,best,1,10,0.5,0.9735119047619049,0.9732147655898041,0.9011904761904762,0.9004375243245427,0.01004877560484176,0.010418871801652265,0.042077662012374215,0.04279312700500554
1815,20,gini,best,3,2,None,0.9833333333333333,0.9832607337697024,0.9416666666666667,0.9412626451767405,0.0039451567039667165,0.0039635171446609834,0.032695550586933096,0.032876293775759347
1816,20,gini,best,3,2,sqrt,0.9681547619047618,0.9677953155945015,0.8916666666666668,0.8901432966878483,0.010917850772953692,0.011354330624801618,0.040757823719667116,0.0438086196254888
1817,20,gini,best,3,2,log2,0.9681547619047618,0.9677953155945015,0.8916666666666668,0.8901432966878483,0.010917850772953692,0.011354330624801618,0.040757823719667116,0.0438086196254888
1818,20,gini,best,3,2,0.25,0.9681547619047618,0.9677953155945015,0.8916666666666668,0.8901432966878483,0.010917850772953692,0.011354330624801618,0.040757823719667116,0.0438086196254888
1819,20,gini,best,3,2,0.5,0.9681547619047618,0.9677953155945015,0.8916666666666668,0.8901432966878483,0.010917850772953692,0.011354330624801618,0.040757823719667116,0.0438086196254888
1820,20,gini,best,3,5,None,0.9833333333333333,0.9832607337697024,0.9416666666666667,0.9412626451767405,0.0039451567039667165,0.0039635171446609834,0.032695550586933096,0.032876293775759347
1821,20,gini,best,3,5,sqrt,0.9681547619047618,0.9677953155945015,0.8916666666666668,0.8901432966878483,0.010917850772953692,0.011354330624801618,0.040757823719667116,0.0438086196254888
1822,20,gini,best,3,5,log2,0.9681547619047618,0.9677953155945015,0.8916666666666668,0.8901432966878483,0.010917850772953692,0.011354330624801618,0.040757823719667116,0.0438086196254888
1823,20,gini,best,3,5,0.25,0.9681547619047618,0.9677953155945015,0.8916666666666668,0.8901432966878483,0.010917850772953692,0.011354330624801618,0.040757823719667116,0.0438086196254888
1824,20,gini,best,3,5,0.5,0.9681547619047618,0.9677953155945015,0.8916666666666668,0.8901432966878483,0.010917850772953692,0.011354330624801618,0.040757823719667116,0.0438086196254888
1825,20,gini,best,3,10,None,0.9815476190476191,0.9814662378821468,0.9380952380952381,0.938110697510966,0.0060525165637221115,0.006136985245788295,0.03688555567816587,0.035781255076087204
1826,20,gini,best,3,10,sqrt,0.9660714285714286,0.9656812024242211,0.9011904761904764,0.9013447914028195,0.011419200558682579,0.011778100132263054,0.036262794732714924,0.03660608634081204
1827,20,gini,best,3,10,log2,0.9660714285714286,0.9656812024242211,0.9011904761904764,0.9013447914028195,0.011419200558682579,0.011778100132263054,0.036262794732714924,0.03660608634081204
1828,20,gini,best,3,10,0.25,0.9660714285714286,0.9656812024242211,0.9011904761904764,0.9013447914028195,0.011419200558682579,0.011778100132263054,0.036262794732714924,0.03660608634081204
1829,20,gini,best,3,10,0.5,0.9660714285714286,0.9656812024242211,0.9011904761904764,0.9013447914028195,0.011419200558682579,0.011778100132263054,0.036262794732714924,0.03660608634081204
1830,20,gini,best,5,2,None,0.9779761904761907,0.9778489129573835,0.9369047619047619,0.9371690779252785,0.009159430397625212,0.009247531475967345,0.04042113101890427,0.03842543072374536
1831,20,gini,best,5,2,sqrt,0.9553571428571429,0.9546996808387007,0.8988095238095238,0.8983908645049343,0.01582866536478425,0.016304034230472473,0.03485357403387619,0.03513636362537388
1832,20,gini,best,5,2,log2,0.9553571428571429,0.9546996808387007,0.8988095238095238,0.8983908645049343,0.01582866536478425,0.016304034230472473,0.03485357403387619,0.03513636362537388
1833,20,gini,best,5,2,0.25,0.9553571428571429,0.9546996808387007,0.8988095238095238,0.8983908645049343,0.01582866536478425,0.016304034230472473,0.03485357403387619,0.03513636362537388
1834,20,gini,best,5,2,0.5,0.9553571428571429,0.9546996808387007,0.8988095238095238,0.8983908645049343,0.01582866536478425,0.016304034230472473,0.03485357403387619,0.03513636362537388
1835,20,gini,best,5,5,None,0.9779761904761907,0.9778489129573835,0.9369047619047619,0.9371690779252785,0.009159430397625212,0.009247531475967345,0.04042113101890427,0.03842543072374536
1836,20,gini,best,5,5,sqrt,0.9553571428571429,0.9546996808387007,0.8988095238095238,0.8983908645049343,0.01582866536478425,0.016304034230472473,0.03485357403387619,0.03513636362537388
1837,20,gini,best,5,5,log2,0.9553571428571429,0.9546996808387007,0.8988095238095238,0.8983908645049343,0.01582866536478425,0.016304034230472473,0.03485357403387619,0.03513636362537388
1838,20,gini,best,5,5,0.25,0.9553571428571429,0.9546996808387007,0.8988095238095238,0.8983908645049343,0.01582866536478425,0.016304034230472473,0.03485357403387619,0.03513636362537388
1839,20,gini,best,5,5,0.5,0.9553571428571429,0.9546996808387007,0.8988095238095238,0.8983908645049343,0.01582866536478425,0.016304034230472473,0.03485357403387619,0.03513636362537388
1840,20,gini,best,5,10,None,0.9779761904761907,0.9778489129573835,0.9369047619047619,0.9371690779252785,0.009159430397625212,0.009247531475967345,0.04042113101890427,0.03842543072374536
1841,20,gini,best,5,10,sqrt,0.9553571428571429,0.9546996808387007,0.8988095238095238,0.8983908645049343,0.01582866536478425,0.016304034230472473,0.03485357403387619,0.03513636362537388
1842,20,gini,best,5,10,log2,0.9553571428571429,0.9546996808387007,0.8988095238095238,0.8983908645049343,0.01582866536478425,0.016304034230472473,0.03485357403387619,0.03513636362537388
1843,20,gini,best,5,10,0.25,0.9553571428571429,0.9546996808387007,0.8988095238095238,0.8983908645049343,0.01582866536478425,0.016304034230472473,0.03485357403387619,0.03513636362537388
1844,20,gini,best,5,10,0.5,0.9553571428571429,0.9546996808387007,0.8988095238095238,0.8983908645049343,0.01582866536478425,0.016304034230472473,0.03485357403387619,0.03513636362537388
1845,20,gini,best,10,2,None,0.962202380952381,0.9617960133938399,0.9250000000000002,0.9232043957344043,0.010519415503093555,0.010443504586960554,0.03647156326665616,0.03692612144455457
1846,20,gini,best,10,2,sqrt,0.9279761904761905,0.9265851348338974,0.8833333333333332,0.8773067336621932,0.01995538329983523,0.020100069505910412,0.054776691289718966,0.06046137189158825
1847,20,gini,best,10,2,log2,0.9279761904761905,0.9265851348338974,0.8833333333333332,0.8773067336621932,0.01995538329983523,0.020100069505910412,0.054776691289718966,0.06046137189158825
1848,20,gini,best,10,2,0.25,0.9279761904761905,0.9265851348338974,0.8833333333333332,0.8773067336621932,0.01995538329983523,0.020100069505910412,0.054776691289718966,0.06046137189158825
1849,20,gini,best,10,2,0.5,0.9279761904761905,0.9265851348338974,0.8833333333333332,0.8773067336621932,0.01995538329983523,0.020100069505910412,0.054776691289718966,0.06046137189158825
1850,20,gini,best,10,5,None,0.962202380952381,0.9617960133938399,0.9250000000000002,0.9232043957344043,0.010519415503093555,0.010443504586960554,0.03647156326665616,0.03692612144455457
1851,20,gini,best,10,5,sqrt,0.9279761904761905,0.9265851348338974,0.8833333333333332,0.8773067336621932,0.01995538329983523,0.020100069505910412,0.054776691289718966,0.06046137189158825
1852,20,gini,best,10,5,log2,0.9279761904761905,0.9265851348338974,0.8833333333333332,0.8773067336621932,0.01995538329983523,0.020100069505910412,0.054776691289718966,0.06046137189158825
1853,20,gini,best,10,5,0.25,0.9279761904761905,0.9265851348338974,0.8833333333333332,0.8773067336621932,0.01995538329983523,0.020100069505910412,0.054776691289718966,0.06046137189158825
1854,20,gini,best,10,5,0.5,0.9279761904761905,0.9265851348338974,0.8833333333333332,0.8773067336621932,0.01995538329983523,0.020100069505910412,0.054776691289718966,0.06046137189158825
1855,20,gini,best,10,10,None,0.962202380952381,0.9617960133938399,0.9250000000000002,0.9232043957344043,0.010519415503093555,0.010443504586960554,0.03647156326665616,0.03692612144455457
1856,20,gini,best,10,10,sqrt,0.9279761904761905,0.9265851348338974,0.8833333333333332,0.8773067336621932,0.01995538329983523,0.020100069505910412,0.054776691289718966,0.06046137189158825
1857,20,gini,best,10,10,log2,0.9279761904761905,0.9265851348338974,0.8833333333333332,0.8773067336621932,0.01995538329983523,0.020100069505910412,0.054776691289718966,0.06046137189158825
1858,20,gini,best,10,10,0.25,0.9279761904761905,0.9265851348338974,0.8833333333333332,0.8773067336621932,0.01995538329983523,0.020100069505910412,0.054776691289718966,0.06046137189158825
1859,20,gini,best,10,10,0.5,0.9279761904761905,0.9265851348338974,0.8833333333333332,0.8773067336621932,0.01995538329983523,0.020100069505910412,0.054776691289718966,0.06046137189158825
1860,20,gini,random,1,2,None,1.0,1.0,0.9297619047619047,0.9289040075075621,0.0,0.0,0.03338492120767636,0.035041918736906603
1861,20,gini,random,1,2,sqrt,1.0,1.0,0.9428571428571428,0.9430981751588352,0.0,0.0,0.03454725921883713,0.03378816920971887
1862,20,gini,random,1,2,log2,1.0,1.0,0.9428571428571428,0.9430981751588352,0.0,0.0,0.03454725921883713,0.03378816920971887
1863,20,gini,random,1,2,0.25,1.0,1.0,0.9428571428571428,0.9430981751588352,0.0,0.0,0.03454725921883713,0.03378816920971887
1864,20,gini,random,1,2,0.5,1.0,1.0,0.9428571428571428,0.9430981751588352,0.0,0.0,0.03454725921883713,0.03378816920971887
1865,20,gini,random,1,5,None,0.9761904761904763,0.9758960714610724,0.9511904761904763,0.9510650188690115,0.006462025575497722,0.006527790025011862,0.026543691177043065,0.026380128169905193
1866,20,gini,random,1,5,sqrt,0.9663690476190475,0.9656427237247365,0.9285714285714286,0.9258598290446549,0.00824325710250019,0.008512232577551966,0.03571428571428571,0.037942363350752656
1867,20,gini,random,1,5,log2,0.9663690476190475,0.9656427237247365,0.9285714285714286,0.9258598290446549,0.00824325710250019,0.008512232577551966,0.03571428571428571,0.037942363350752656
1868,20,gini,random,1,5,0.25,0.9663690476190475,0.9656427237247365,0.9285714285714286,0.9258598290446549,0.00824325710250019,0.008512232577551966,0.03571428571428571,0.037942363350752656
1869,20,gini,random,1,5,0.5,0.9663690476190475,0.9656427237247365,0.9285714285714286,0.9258598290446549,0.00824325710250019,0.008512232577551966,0.03571428571428571,0.037942363350752656
1870,20,gini,random,1,10,None,0.9586309523809524,0.9581649987368164,0.95,0.9492593202108515,0.012679409764369522,0.012688638352942849,0.027991564743561636,0.028619663804705778
1871,20,gini,random,1,10,sqrt,0.9345238095238095,0.9328845394677833,0.9166666666666666,0.9142247462650847,0.009934797147574751,0.01057794624616166,0.03213340753008703,0.03552207351911265
1872,20,gini,random,1,10,log2,0.9345238095238095,0.9328845394677833,0.9166666666666666,0.9142247462650847,0.009934797147574751,0.01057794624616166,0.03213340753008703,0.03552207351911265
1873,20,gini,random,1,10,0.25,0.9345238095238095,0.9328845394677833,0.9166666666666666,0.9142247462650847,0.009934797147574751,0.01057794624616166,0.03213340753008703,0.03552207351911265
1874,20,gini,random,1,10,0.5,0.9345238095238095,0.9328845394677833,0.9166666666666666,0.9142247462650847,0.009934797147574751,0.01057794624616166,0.03213340753008703,0.03552207351911265
1875,20,gini,random,3,2,None,0.9443452380952382,0.9434549323197475,0.9297619047619047,0.9288618420442643,0.014984756994254892,0.01594498181749511,0.0312712512775326,0.032634775861127875
1876,20,gini,random,3,2,sqrt,0.9163690476190477,0.9159185050619978,0.907142857142857,0.9071778100513654,0.00799783209814793,0.008026983525166282,0.030334625502438248,0.029454276940323827
1877,20,gini,random,3,2,log2,0.9163690476190477,0.9159185050619978,0.907142857142857,0.9071778100513654,0.00799783209814793,0.008026983525166282,0.030334625502438248,0.029454276940323827
1878,20,gini,random,3,2,0.25,0.9163690476190477,0.9159185050619978,0.907142857142857,0.9071778100513654,0.00799783209814793,0.008026983525166282,0.030334625502438248,0.029454276940323827
1879,20,gini,random,3,2,0.5,0.9163690476190477,0.9159185050619978,0.907142857142857,0.9071778100513654,0.00799783209814793,0.008026983525166282,0.030334625502438248,0.029454276940323827
1880,20,gini,random,3,5,None,0.9443452380952382,0.9434549323197475,0.9297619047619047,0.9288618420442643,0.014984756994254892,0.01594498181749511,0.0312712512775326,0.032634775861127875
1881,20,gini,random,3,5,sqrt,0.9163690476190477,0.9159185050619978,0.907142857142857,0.9071778100513654,0.00799783209814793,0.008026983525166282,0.030334625502438248,0.029454276940323827
1882,20,gini,random,3,5,log2,0.9163690476190477,0.9159185050619978,0.907142857142857,0.9071778100513654,0.00799783209814793,0.008026983525166282,0.030334625502438248,0.029454276940323827
1883,20,gini,random,3,5,0.25,0.9163690476190477,0.9159185050619978,0.907142857142857,0.9071778100513654,0.00799783209814793,0.008026983525166282,0.030334625502438248,0.029454276940323827
1884,20,gini,random,3,5,0.5,0.9163690476190477,0.9159185050619978,0.907142857142857,0.9071778100513654,0.00799783209814793,0.008026983525166282,0.030334625502438248,0.029454276940323827
1885,20,gini,random,3,10,None,0.9416666666666668,0.9408646525501896,0.9059523809523807,0.9044182970892866,0.013547855915340206,0.014324245740137648,0.04650046761941327,0.04861755474914182
1886,20,gini,random,3,10,sqrt,0.9181547619047621,0.916900715519209,0.9107142857142857,0.9095040935496824,0.012589270637323922,0.013845742715437344,0.026997462357801937,0.030067076928764588
1887,20,gini,random,3,10,log2,0.9181547619047621,0.916900715519209,0.9107142857142857,0.9095040935496824,0.012589270637323922,0.013845742715437344,0.026997462357801937,0.030067076928764588
1888,20,gini,random,3,10,0.25,0.9181547619047621,0.916900715519209,0.9107142857142857,0.9095040935496824,0.012589270637323922,0.013845742715437344,0.026997462357801937,0.030067076928764588
1889,20,gini,random,3,10,0.5,0.9181547619047621,0.916900715519209,0.9107142857142857,0.9095040935496824,0.012589270637323922,0.013845742715437344,0.026997462357801937,0.030067076928764588
1890,20,gini,random,5,2,None,0.9148809523809526,0.912010766096613,0.8821428571428572,0.877091484582762,0.01344236879837644,0.013948442499425086,0.03684436576506288,0.04023626213556271
1891,20,gini,random,5,2,sqrt,0.9101190476190477,0.9083924174307935,0.9047619047619049,0.9039635432364626,0.008414179024074406,0.008570111895267183,0.02671475862653914,0.02875870864719889
1892,20,gini,random,5,2,log2,0.9101190476190477,0.9083924174307935,0.9047619047619049,0.9039635432364626,0.008414179024074406,0.008570111895267183,0.02671475862653914,0.02875870864719889
1893,20,gini,random,5,2,0.25,0.9101190476190477,0.9083924174307935,0.9047619047619049,0.9039635432364626,0.008414179024074406,0.008570111895267183,0.02671475862653914,0.02875870864719889
1894,20,gini,random,5,2,0.5,0.9101190476190477,0.9083924174307935,0.9047619047619049,0.9039635432364626,0.008414179024074406,0.008570111895267183,0.02671475862653914,0.02875870864719889
1895,20,gini,random,5,5,None,0.9148809523809526,0.912010766096613,0.8821428571428572,0.877091484582762,0.01344236879837644,0.013948442499425086,0.03684436576506288,0.04023626213556271
1896,20,gini,random,5,5,sqrt,0.9101190476190477,0.9083924174307935,0.9047619047619049,0.9039635432364626,0.008414179024074406,0.008570111895267183,0.02671475862653914,0.02875870864719889
1897,20,gini,random,5,5,log2,0.9101190476190477,0.9083924174307935,0.9047619047619049,0.9039635432364626,0.008414179024074406,0.008570111895267183,0.02671475862653914,0.02875870864719889
1898,20,gini,random,5,5,0.25,0.9101190476190477,0.9083924174307935,0.9047619047619049,0.9039635432364626,0.008414179024074406,0.008570111895267183,0.02671475862653914,0.02875870864719889
1899,20,gini,random,5,5,0.5,0.9101190476190477,0.9083924174307935,0.9047619047619049,0.9039635432364626,0.008414179024074406,0.008570111895267183,0.02671475862653914,0.02875870864719889
1900,20,gini,random,5,10,None,0.9148809523809526,0.912010766096613,0.8821428571428572,0.877091484582762,0.01344236879837644,0.013948442499425086,0.03684436576506288,0.04023626213556271
1901,20,gini,random,5,10,sqrt,0.9101190476190477,0.9083924174307935,0.9047619047619049,0.9039635432364626,0.008414179024074406,0.008570111895267183,0.02671475862653914,0.02875870864719889
1902,20,gini,random,5,10,log2,0.9101190476190477,0.9083924174307935,0.9047619047619049,0.9039635432364626,0.008414179024074406,0.008570111895267183,0.02671475862653914,0.02875870864719889
1903,20,gini,random,5,10,0.25,0.9101190476190477,0.9083924174307935,0.9047619047619049,0.9039635432364626,0.008414179024074406,0.008570111895267183,0.02671475862653914,0.02875870864719889
1904,20,gini,random,5,10,0.5,0.9101190476190477,0.9083924174307935,0.9047619047619049,0.9039635432364626,0.008414179024074406,0.008570111895267183,0.02671475862653914,0.02875870864719889
1905,20,gini,random,10,2,None,0.8910714285714286,0.8881464784233652,0.8678571428571428,0.8640886773204228,0.019663138879951116,0.020375037247836743,0.042579885476951684,0.04602405157300132
1906,20,gini,random,10,2,sqrt,0.8139880952380953,0.7896380516052927,0.8119047619047619,0.7904144827596997,0.04447246393658511,0.07752995663641463,0.05265658771083521,0.08608295802241045
1907,20,gini,random,10,2,log2,0.8139880952380953,0.7896380516052927,0.8119047619047619,0.7904144827596997,0.04447246393658511,0.07752995663641463,0.05265658771083521,0.08608295802241045
1908,20,gini,random,10,2,0.25,0.8139880952380953,0.7896380516052927,0.8119047619047619,0.7904144827596997,0.04447246393658511,0.07752995663641463,0.05265658771083521,0.08608295802241045
1909,20,gini,random,10,2,0.5,0.8139880952380953,0.7896380516052927,0.8119047619047619,0.7904144827596997,0.04447246393658511,0.07752995663641463,0.05265658771083521,0.08608295802241045
1910,20,gini,random,10,5,None,0.8910714285714286,0.8881464784233652,0.8678571428571428,0.8640886773204228,0.019663138879951116,0.020375037247836743,0.042579885476951684,0.04602405157300132
1911,20,gini,random,10,5,sqrt,0.8139880952380953,0.7896380516052927,0.8119047619047619,0.7904144827596997,0.04447246393658511,0.07752995663641463,0.05265658771083521,0.08608295802241045
1912,20,gini,random,10,5,log2,0.8139880952380953,0.7896380516052927,0.8119047619047619,0.7904144827596997,0.04447246393658511,0.07752995663641463,0.05265658771083521,0.08608295802241045
1913,20,gini,random,10,5,0.25,0.8139880952380953,0.7896380516052927,0.8119047619047619,0.7904144827596997,0.04447246393658511,0.07752995663641463,0.05265658771083521,0.08608295802241045
1914,20,gini,random,10,5,0.5,0.8139880952380953,0.7896380516052927,0.8119047619047619,0.7904144827596997,0.04447246393658511,0.07752995663641463,0.05265658771083521,0.08608295802241045
1915,20,gini,random,10,10,None,0.8910714285714286,0.8881464784233652,0.8678571428571428,0.8640886773204228,0.019663138879951116,0.020375037247836743,0.042579885476951684,0.04602405157300132
1916,20,gini,random,10,10,sqrt,0.8139880952380953,0.7896380516052927,0.8119047619047619,0.7904144827596997,0.04447246393658511,0.07752995663641463,0.05265658771083521,0.08608295802241045
1917,20,gini,random,10,10,log2,0.8139880952380953,0.7896380516052927,0.8119047619047619,0.7904144827596997,0.04447246393658511,0.07752995663641463,0.05265658771083521,0.08608295802241045
1918,20,gini,random,10,10,0.25,0.8139880952380953,0.7896380516052927,0.8119047619047619,0.7904144827596997,0.04447246393658511,0.07752995663641463,0.05265658771083521,0.08608295802241045
1919,20,gini,random,10,10,0.5,0.8139880952380953,0.7896380516052927,0.8119047619047619,0.7904144827596997,0.04447246393658511,0.07752995663641463,0.05265658771083521,0.08608295802241045
1920,20,entropy,best,1,2,None,1.0,1.0,0.9452380952380952,0.9445382235800989,0.0,0.0,0.030534197559499193,0.030872999691470015
1921,20,entropy,best,1,2,sqrt,1.0,1.0,0.9309523809523809,0.9312348115062449,0.0,0.0,0.044702341322663285,0.04412383118532894
1922,20,entropy,best,1,2,log2,1.0,1.0,0.9309523809523809,0.9312348115062449,0.0,0.0,0.044702341322663285,0.04412383118532894
1923,20,entropy,best,1,2,0.25,1.0,1.0,0.9309523809523809,0.9312348115062449,0.0,0.0,0.044702341322663285,0.04412383118532894
1924,20,entropy,best,1,2,0.5,1.0,1.0,0.9309523809523809,0.9312348115062449,0.0,0.0,0.044702341322663285,0.04412383118532894
1925,20,entropy,best,1,5,None,0.9931547619047619,0.9931132445706436,0.9464285714285714,0.9454700765884548,0.0037223633385392364,0.0037456461371544766,0.02941980253742549,0.030122942504806946
1926,20,entropy,best,1,5,sqrt,0.988095238095238,0.9879815785931462,0.9285714285714286,0.9271253612069431,0.006462025575497751,0.006587094971956632,0.030929478706587087,0.032502455648207355
1927,20,entropy,best,1,5,log2,0.988095238095238,0.9879815785931462,0.9285714285714286,0.9271253612069431,0.006462025575497751,0.006587094971956632,0.030929478706587087,0.032502455648207355
1928,20,entropy,best,1,5,0.25,0.988095238095238,0.9879815785931462,0.9285714285714286,0.9271253612069431,0.006462025575497751,0.006587094971956632,0.030929478706587087,0.032502455648207355
1929,20,entropy,best,1,5,0.5,0.988095238095238,0.9879815785931462,0.9285714285714286,0.9271253612069431,0.006462025575497751,0.006587094971956632,0.030929478706587087,0.032502455648207355
1930,20,entropy,best,1,10,None,0.9877976190476189,0.9877444172044106,0.9392857142857144,0.9391063584273147,0.005458925386476875,0.005473945764628343,0.039239304683823986,0.0378707902562588
1931,20,entropy,best,1,10,sqrt,0.9824404761904761,0.9822710397987863,0.9238095238095239,0.9221856367683918,0.005713754226983815,0.005811720281721882,0.034722627143735495,0.035265484563399944
1932,20,entropy,best,1,10,log2,0.9824404761904761,0.9822710397987863,0.9238095238095239,0.9221856367683918,0.005713754226983815,0.005811720281721882,0.034722627143735495,0.035265484563399944
1933,20,entropy,best,1,10,0.25,0.9824404761904761,0.9822710397987863,0.9238095238095239,0.9221856367683918,0.005713754226983815,0.005811720281721882,0.034722627143735495,0.035265484563399944
1934,20,entropy,best,1,10,0.5,0.9824404761904761,0.9822710397987863,0.9238095238095239,0.9221856367683918,0.005713754226983815,0.005811720281721882,0.034722627143735495,0.035265484563399944
1935,20,entropy,best,3,2,None,0.9875000000000002,0.9874938197965706,0.9440476190476191,0.9435017873614364,0.004831810440019365,0.0048090000170446625,0.02688473759675287,0.027051618446894164
1936,20,entropy,best,3,2,sqrt,0.9791666666666665,0.9790058848617244,0.9202380952380953,0.9200873490028983,0.006005292045844208,0.006147254633841724,0.031561253631733455,0.029849150475383793
1937,20,entropy,best,3,2,log2,0.9791666666666665,0.9790058848617244,0.9202380952380953,0.9200873490028983,0.006005292045844208,0.006147254633841724,0.031561253631733455,0.029849150475383793
1938,20,entropy,best,3,2,0.25,0.9791666666666665,0.9790058848617244,0.9202380952380953,0.9200873490028983,0.006005292045844208,0.006147254633841724,0.031561253631733455,0.029849150475383793
1939,20,entropy,best,3,2,0.5,0.9791666666666665,0.9790058848617244,0.9202380952380953,0.9200873490028983,0.006005292045844208,0.006147254633841724,0.031561253631733455,0.029849150475383793
1940,20,entropy,best,3,5,None,0.9875000000000002,0.9874938197965706,0.9440476190476191,0.9435017873614364,0.004831810440019365,0.0048090000170446625,0.02688473759675287,0.027051618446894164
1941,20,entropy,best,3,5,sqrt,0.9791666666666665,0.9790058848617244,0.9202380952380953,0.9200873490028983,0.006005292045844208,0.006147254633841724,0.031561253631733455,0.029849150475383793
1942,20,entropy,best,3,5,log2,0.9791666666666665,0.9790058848617244,0.9202380952380953,0.9200873490028983,0.006005292045844208,0.006147254633841724,0.031561253631733455,0.029849150475383793
1943,20,entropy,best,3,5,0.25,0.9791666666666665,0.9790058848617244,0.9202380952380953,0.9200873490028983,0.006005292045844208,0.006147254633841724,0.031561253631733455,0.029849150475383793
1944,20,entropy,best,3,5,0.5,0.9791666666666665,0.9790058848617244,0.9202380952380953,0.9200873490028983,0.006005292045844208,0.006147254633841724,0.031561253631733455,0.029849150475383793
1945,20,entropy,best,3,10,None,0.9818452380952382,0.9817673983483742,0.9404761904761905,0.9403601762715648,0.007444726677078522,0.007459161922564417,0.034193825277012056,0.03274418476711008
1946,20,entropy,best,3,10,sqrt,0.9767857142857143,0.9765341255613104,0.923809523809524,0.9228355381352353,0.0073935595643823725,0.007641140345823348,0.03127125127753262,0.030160791270884963
1947,20,entropy,best,3,10,log2,0.9767857142857143,0.9765341255613104,0.923809523809524,0.9228355381352353,0.0073935595643823725,0.007641140345823348,0.03127125127753262,0.030160791270884963
1948,20,entropy,best,3,10,0.25,0.9767857142857143,0.9765341255613104,0.923809523809524,0.9228355381352353,0.0073935595643823725,0.007641140345823348,0.03127125127753262,0.030160791270884963
1949,20,entropy,best,3,10,0.5,0.9767857142857143,0.9765341255613104,0.923809523809524,0.9228355381352353,0.0073935595643823725,0.007641140345823348,0.03127125127753262,0.030160791270884963
1950,20,entropy,best,5,2,None,0.9758928571428572,0.9758003634127861,0.9345238095238096,0.9349056985899089,0.008896626526771322,0.008884380361641832,0.039739188590299054,0.03736667860244408
1951,20,entropy,best,5,2,sqrt,0.9711309523809523,0.9708957890269819,0.9178571428571428,0.9168995312403021,0.008907287556991461,0.009123004190989926,0.03684436576506289,0.03652267842390212
1952,20,entropy,best,5,2,log2,0.9711309523809523,0.9708957890269819,0.9178571428571428,0.9168995312403021,0.008907287556991461,0.009123004190989926,0.03684436576506289,0.03652267842390212
1953,20,entropy,best,5,2,0.25,0.9711309523809523,0.9708957890269819,0.9178571428571428,0.9168995312403021,0.008907287556991461,0.009123004190989926,0.03684436576506289,0.03652267842390212
1954,20,entropy,best,5,2,0.5,0.9711309523809523,0.9708957890269819,0.9178571428571428,0.9168995312403021,0.008907287556991461,0.009123004190989926,0.03684436576506289,0.03652267842390212
1955,20,entropy,best,5,5,None,0.9758928571428572,0.9758003634127861,0.9345238095238096,0.9349056985899089,0.008896626526771322,0.008884380361641832,0.039739188590299054,0.03736667860244408
1956,20,entropy,best,5,5,sqrt,0.9711309523809523,0.9708957890269819,0.9178571428571428,0.9168995312403021,0.008907287556991461,0.009123004190989926,0.03684436576506289,0.03652267842390212
1957,20,entropy,best,5,5,log2,0.9711309523809523,0.9708957890269819,0.9178571428571428,0.9168995312403021,0.008907287556991461,0.009123004190989926,0.03684436576506289,0.03652267842390212
1958,20,entropy,best,5,5,0.25,0.9711309523809523,0.9708957890269819,0.9178571428571428,0.9168995312403021,0.008907287556991461,0.009123004190989926,0.03684436576506289,0.03652267842390212
1959,20,entropy,best,5,5,0.5,0.9711309523809523,0.9708957890269819,0.9178571428571428,0.9168995312403021,0.008907287556991461,0.009123004190989926,0.03684436576506289,0.03652267842390212
1960,20,entropy,best,5,10,None,0.9758928571428572,0.9758003634127861,0.9345238095238096,0.9349056985899089,0.008896626526771322,0.008884380361641832,0.039739188590299054,0.03736667860244408
1961,20,entropy,best,5,10,sqrt,0.9711309523809523,0.9708957890269819,0.9178571428571428,0.9168995312403021,0.008907287556991461,0.009123004190989926,0.03684436576506289,0.03652267842390212
1962,20,entropy,best,5,10,log2,0.9711309523809523,0.9708957890269819,0.9178571428571428,0.9168995312403021,0.008907287556991461,0.009123004190989926,0.03684436576506289,0.03652267842390212
1963,20,entropy,best,5,10,0.25,0.9711309523809523,0.9708957890269819,0.9178571428571428,0.9168995312403021,0.008907287556991461,0.009123004190989926,0.03684436576506289,0.03652267842390212
1964,20,entropy,best,5,10,0.5,0.9711309523809523,0.9708957890269819,0.9178571428571428,0.9168995312403021,0.008907287556991461,0.009123004190989926,0.03684436576506289,0.03652267842390212
1965,20,entropy,best,10,2,None,0.9630952380952381,0.9629650514804748,0.9154761904761906,0.9148825521312328,0.01426443994139251,0.013653080981976443,0.04131288092379322,0.04044595256330894
1966,20,entropy,best,10,2,sqrt,0.9354166666666667,0.9340713668539389,0.8821428571428573,0.8759236306266627,0.01944961376749078,0.019180276701433262,0.04567680223473039,0.051488543233296276
1967,20,entropy,best,10,2,log2,0.9354166666666667,0.9340713668539389,0.8821428571428573,0.8759236306266627,0.01944961376749078,0.019180276701433262,0.04567680223473039,0.051488543233296276
1968,20,entropy,best,10,2,0.25,0.9354166666666667,0.9340713668539389,0.8821428571428573,0.8759236306266627,0.01944961376749078,0.019180276701433262,0.04567680223473039,0.051488543233296276
1969,20,entropy,best,10,2,0.5,0.9354166666666667,0.9340713668539389,0.8821428571428573,0.8759236306266627,0.01944961376749078,0.019180276701433262,0.04567680223473039,0.051488543233296276
1970,20,entropy,best,10,5,None,0.9630952380952381,0.9629650514804748,0.9154761904761906,0.9148825521312328,0.01426443994139251,0.013653080981976443,0.04131288092379322,0.04044595256330894
1971,20,entropy,best,10,5,sqrt,0.9354166666666667,0.9340713668539389,0.8821428571428573,0.8759236306266627,0.01944961376749078,0.019180276701433262,0.04567680223473039,0.051488543233296276
1972,20,entropy,best,10,5,log2,0.9354166666666667,0.9340713668539389,0.8821428571428573,0.8759236306266627,0.01944961376749078,0.019180276701433262,0.04567680223473039,0.051488543233296276
1973,20,entropy,best,10,5,0.25,0.9354166666666667,0.9340713668539389,0.8821428571428573,0.8759236306266627,0.01944961376749078,0.019180276701433262,0.04567680223473039,0.051488543233296276
1974,20,entropy,best,10,5,0.5,0.9354166666666667,0.9340713668539389,0.8821428571428573,0.8759236306266627,0.01944961376749078,0.019180276701433262,0.04567680223473039,0.051488543233296276
1975,20,entropy,best,10,10,None,0.9630952380952381,0.9629650514804748,0.9154761904761906,0.9148825521312328,0.01426443994139251,0.013653080981976443,0.04131288092379322,0.04044595256330894
1976,20,entropy,best,10,10,sqrt,0.9354166666666667,0.9340713668539389,0.8821428571428573,0.8759236306266627,0.01944961376749078,0.019180276701433262,0.04567680223473039,0.051488543233296276
1977,20,entropy,best,10,10,log2,0.9354166666666667,0.9340713668539389,0.8821428571428573,0.8759236306266627,0.01944961376749078,0.019180276701433262,0.04567680223473039,0.051488543233296276
1978,20,entropy,best,10,10,0.25,0.9354166666666667,0.9340713668539389,0.8821428571428573,0.8759236306266627,0.01944961376749078,0.019180276701433262,0.04567680223473039,0.051488543233296276
1979,20,entropy,best,10,10,0.5,0.9354166666666667,0.9340713668539389,0.8821428571428573,0.8759236306266627,0.01944961376749078,0.019180276701433262,0.04567680223473039,0.051488543233296276
1980,20,entropy,random,1,2,None,1.0,1.0,0.9226190476190478,0.9226633128867051,0.0,0.0,0.022043335708870272,0.021950458758439817
1981,20,entropy,random,1,2,sqrt,1.0,1.0,0.9428571428571428,0.9430981751588352,0.0,0.0,0.03454725921883713,0.03378816920971887
1982,20,entropy,random,1,2,log2,1.0,1.0,0.9428571428571428,0.9430981751588352,0.0,0.0,0.03454725921883713,0.03378816920971887
1983,20,entropy,random,1,2,0.25,1.0,1.0,0.9428571428571428,0.9430981751588352,0.0,0.0,0.03454725921883713,0.03378816920971887
1984,20,entropy,random,1,2,0.5,1.0,1.0,0.9428571428571428,0.9430981751588352,0.0,0.0,0.03454725921883713,0.03378816920971887
1985,20,entropy,random,1,5,None,0.9776785714285714,0.977373779756413,0.9416666666666668,0.9400045225102696,0.00843670698681311,0.008643843016493877,0.036010674910128986,0.03931817069318993
1986,20,entropy,random,1,5,sqrt,0.9663690476190475,0.9656427237247365,0.9285714285714286,0.9258598290446549,0.00824325710250019,0.008512232577551966,0.03571428571428571,0.037942363350752656
1987,20,entropy,random,1,5,log2,0.9663690476190475,0.9656427237247365,0.9285714285714286,0.9258598290446549,0.00824325710250019,0.008512232577551966,0.03571428571428571,0.037942363350752656
1988,20,entropy,random,1,5,0.25,0.9663690476190475,0.9656427237247365,0.9285714285714286,0.9258598290446549,0.00824325710250019,0.008512232577551966,0.03571428571428571,0.037942363350752656
1989,20,entropy,random,1,5,0.5,0.9663690476190475,0.9656427237247365,0.9285714285714286,0.9258598290446549,0.00824325710250019,0.008512232577551966,0.03571428571428571,0.037942363350752656
1990,20,entropy,random,1,10,None,0.9630952380952381,0.9626436546133185,0.9476190476190476,0.9468606585545484,0.013011871308407178,0.013244959939124131,0.02900395402151937,0.029620462354218245
1991,20,entropy,random,1,10,sqrt,0.9345238095238095,0.9328845394677833,0.9166666666666666,0.9142247462650847,0.009934797147574751,0.01057794624616166,0.03213340753008703,0.03552207351911265
1992,20,entropy,random,1,10,log2,0.9345238095238095,0.9328845394677833,0.9166666666666666,0.9142247462650847,0.009934797147574751,0.01057794624616166,0.03213340753008703,0.03552207351911265
1993,20,entropy,random,1,10,0.25,0.9345238095238095,0.9328845394677833,0.9166666666666666,0.9142247462650847,0.009934797147574751,0.01057794624616166,0.03213340753008703,0.03552207351911265
1994,20,entropy,random,1,10,0.5,0.9345238095238095,0.9328845394677833,0.9166666666666666,0.9142247462650847,0.009934797147574751,0.01057794624616166,0.03213340753008703,0.03552207351911265
1995,20,entropy,random,3,2,None,0.9404761904761905,0.9392603936556492,0.9178571428571428,0.9156957417154296,0.016155063938744326,0.016998652016864672,0.03622089663122214,0.038629882833349866
1996,20,entropy,random,3,2,sqrt,0.9163690476190477,0.9159185050619978,0.907142857142857,0.9071778100513654,0.00799783209814793,0.008026983525166282,0.030334625502438248,0.029454276940323827
1997,20,entropy,random,3,2,log2,0.9163690476190477,0.9159185050619978,0.907142857142857,0.9071778100513654,0.00799783209814793,0.008026983525166282,0.030334625502438248,0.029454276940323827
1998,20,entropy,random,3,2,0.25,0.9163690476190477,0.9159185050619978,0.907142857142857,0.9071778100513654,0.00799783209814793,0.008026983525166282,0.030334625502438248,0.029454276940323827
1999,20,entropy,random,3,2,0.5,0.9163690476190477,0.9159185050619978,0.907142857142857,0.9071778100513654,0.00799783209814793,0.008026983525166282,0.030334625502438248,0.029454276940323827
2000,20,entropy,random,3,5,None,0.9404761904761905,0.9392603936556492,0.9178571428571428,0.9156957417154296,0.016155063938744326,0.016998652016864672,0.03622089663122214,0.038629882833349866
2001,20,entropy,random,3,5,sqrt,0.9163690476190477,0.9159185050619978,0.907142857142857,0.9071778100513654,0.00799783209814793,0.008026983525166282,0.030334625502438248,0.029454276940323827
2002,20,entropy,random,3,5,log2,0.9163690476190477,0.9159185050619978,0.907142857142857,0.9071778100513654,0.00799783209814793,0.008026983525166282,0.030334625502438248,0.029454276940323827
2003,20,entropy,random,3,5,0.25,0.9163690476190477,0.9159185050619978,0.907142857142857,0.9071778100513654,0.00799783209814793,0.008026983525166282,0.030334625502438248,0.029454276940323827
2004,20,entropy,random,3,5,0.5,0.9163690476190477,0.9159185050619978,0.907142857142857,0.9071778100513654,0.00799783209814793,0.008026983525166282,0.030334625502438248,0.029454276940323827
2005,20,entropy,random,3,10,None,0.9354166666666667,0.9337080609079546,0.9,0.8965994697654688,0.015360059444607806,0.016338498291481554,0.05219315438284495,0.05508247000028522
2006,20,entropy,random,3,10,sqrt,0.9181547619047621,0.916900715519209,0.9107142857142857,0.9095040935496824,0.012589270637323922,0.013845742715437344,0.026997462357801937,0.030067076928764588
2007,20,entropy,random,3,10,log2,0.9181547619047621,0.916900715519209,0.9107142857142857,0.9095040935496824,0.012589270637323922,0.013845742715437344,0.026997462357801937,0.030067076928764588
2008,20,entropy,random,3,10,0.25,0.9181547619047621,0.916900715519209,0.9107142857142857,0.9095040935496824,0.012589270637323922,0.013845742715437344,0.026997462357801937,0.030067076928764588
2009,20,entropy,random,3,10,0.5,0.9181547619047621,0.916900715519209,0.9107142857142857,0.9095040935496824,0.012589270637323922,0.013845742715437344,0.026997462357801937,0.030067076928764588
2010,20,entropy,random,5,2,None,0.9065476190476189,0.9039989613395869,0.8738095238095238,0.8691914326356668,0.014851160654612679,0.01581889366662032,0.036010674910128986,0.038379185465585296
2011,20,entropy,random,5,2,sqrt,0.9101190476190477,0.9083924174307935,0.9047619047619049,0.9039635432364626,0.008414179024074406,0.008570111895267183,0.02671475862653914,0.02875870864719889
2012,20,entropy,random,5,2,log2,0.9101190476190477,0.9083924174307935,0.9047619047619049,0.9039635432364626,0.008414179024074406,0.008570111895267183,0.02671475862653914,0.02875870864719889
2013,20,entropy,random,5,2,0.25,0.9101190476190477,0.9083924174307935,0.9047619047619049,0.9039635432364626,0.008414179024074406,0.008570111895267183,0.02671475862653914,0.02875870864719889
2014,20,entropy,random,5,2,0.5,0.9101190476190477,0.9083924174307935,0.9047619047619049,0.9039635432364626,0.008414179024074406,0.008570111895267183,0.02671475862653914,0.02875870864719889
2015,20,entropy,random,5,5,None,0.9065476190476189,0.9039989613395869,0.8738095238095238,0.8691914326356668,0.014851160654612679,0.01581889366662032,0.036010674910128986,0.038379185465585296
2016,20,entropy,random,5,5,sqrt,0.9101190476190477,0.9083924174307935,0.9047619047619049,0.9039635432364626,0.008414179024074406,0.008570111895267183,0.02671475862653914,0.02875870864719889
2017,20,entropy,random,5,5,log2,0.9101190476190477,0.9083924174307935,0.9047619047619049,0.9039635432364626,0.008414179024074406,0.008570111895267183,0.02671475862653914,0.02875870864719889
2018,20,entropy,random,5,5,0.25,0.9101190476190477,0.9083924174307935,0.9047619047619049,0.9039635432364626,0.008414179024074406,0.008570111895267183,0.02671475862653914,0.02875870864719889
2019,20,entropy,random,5,5,0.5,0.9101190476190477,0.9083924174307935,0.9047619047619049,0.9039635432364626,0.008414179024074406,0.008570111895267183,0.02671475862653914,0.02875870864719889
2020,20,entropy,random,5,10,None,0.9065476190476189,0.9039989613395869,0.8738095238095238,0.8691914326356668,0.014851160654612679,0.01581889366662032,0.036010674910128986,0.038379185465585296
2021,20,entropy,random,5,10,sqrt,0.9101190476190477,0.9083924174307935,0.9047619047619049,0.9039635432364626,0.008414179024074406,0.008570111895267183,0.02671475862653914,0.02875870864719889
2022,20,entropy,random,5,10,log2,0.9101190476190477,0.9083924174307935,0.9047619047619049,0.9039635432364626,0.008414179024074406,0.008570111895267183,0.02671475862653914,0.02875870864719889
2023,20,entropy,random,5,10,0.25,0.9101190476190477,0.9083924174307935,0.9047619047619049,0.9039635432364626,0.008414179024074406,0.008570111895267183,0.02671475862653914,0.02875870864719889
2024,20,entropy,random,5,10,0.5,0.9101190476190477,0.9083924174307935,0.9047619047619049,0.9039635432364626,0.008414179024074406,0.008570111895267183,0.02671475862653914,0.02875870864719889
2025,20,entropy,random,10,2,None,0.8910714285714286,0.8881464784233652,0.8678571428571428,0.8640886773204228,0.019663138879951116,0.020375037247836743,0.042579885476951684,0.04602405157300132
2026,20,entropy,random,10,2,sqrt,0.8139880952380953,0.7896380516052927,0.8119047619047619,0.7904144827596997,0.04447246393658511,0.07752995663641463,0.05265658771083521,0.08608295802241045
2027,20,entropy,random,10,2,log2,0.8139880952380953,0.7896380516052927,0.8119047619047619,0.7904144827596997,0.04447246393658511,0.07752995663641463,0.05265658771083521,0.08608295802241045
2028,20,entropy,random,10,2,0.25,0.8139880952380953,0.7896380516052927,0.8119047619047619,0.7904144827596997,0.04447246393658511,0.07752995663641463,0.05265658771083521,0.08608295802241045
2029,20,entropy,random,10,2,0.5,0.8139880952380953,0.7896380516052927,0.8119047619047619,0.7904144827596997,0.04447246393658511,0.07752995663641463,0.05265658771083521,0.08608295802241045
2030,20,entropy,random,10,5,None,0.8910714285714286,0.8881464784233652,0.8678571428571428,0.8640886773204228,0.019663138879951116,0.020375037247836743,0.042579885476951684,0.04602405157300132
2031,20,entropy,random,10,5,sqrt,0.8139880952380953,0.7896380516052927,0.8119047619047619,0.7904144827596997,0.04447246393658511,0.07752995663641463,0.05265658771083521,0.08608295802241045
2032,20,entropy,random,10,5,log2,0.8139880952380953,0.7896380516052927,0.8119047619047619,0.7904144827596997,0.04447246393658511,0.07752995663641463,0.05265658771083521,0.08608295802241045
2033,20,entropy,random,10,5,0.25,0.8139880952380953,0.7896380516052927,0.8119047619047619,0.7904144827596997,0.04447246393658511,0.07752995663641463,0.05265658771083521,0.08608295802241045
2034,20,entropy,random,10,5,0.5,0.8139880952380953,0.7896380516052927,0.8119047619047619,0.7904144827596997,0.04447246393658511,0.07752995663641463,0.05265658771083521,0.08608295802241045
2035,20,entropy,random,10,10,None,0.8910714285714286,0.8881464784233652,0.8678571428571428,0.8640886773204228,0.019663138879951116,0.020375037247836743,0.042579885476951684,0.04602405157300132
2036,20,entropy,random,10,10,sqrt,0.8139880952380953,0.7896380516052927,0.8119047619047619,0.7904144827596997,0.04447246393658511,0.07752995663641463,0.05265658771083521,0.08608295802241045
2037,20,entropy,random,10,10,log2,0.8139880952380953,0.7896380516052927,0.8119047619047619,0.7904144827596997,0.04447246393658511,0.07752995663641463,0.05265658771083521,0.08608295802241045
2038,20,entropy,random,10,10,0.25,0.8139880952380953,0.7896380516052927,0.8119047619047619,0.7904144827596997,0.04447246393658511,0.07752995663641463,0.05265658771083521,0.08608295802241045
2039,20,entropy,random,10,10,0.5,0.8139880952380953,0.7896380516052927,0.8119047619047619,0.7904144827596997,0.04447246393658511,0.07752995663641463,0.05265658771083521,0.08608295802241045
2040,20,log_loss,best,1,2,None,1.0,1.0,0.9452380952380952,0.9445382235800989,0.0,0.0,0.030534197559499193,0.030872999691470015
2041,20,log_loss,best,1,2,sqrt,1.0,1.0,0.9309523809523809,0.9312348115062449,0.0,0.0,0.044702341322663285,0.04412383118532894
2042,20,log_loss,best,1,2,log2,1.0,1.0,0.9309523809523809,0.9312348115062449,0.0,0.0,0.044702341322663285,0.04412383118532894
2043,20,log_loss,best,1,2,0.25,1.0,1.0,0.9309523809523809,0.9312348115062449,0.0,0.0,0.044702341322663285,0.04412383118532894
2044,20,log_loss,best,1,2,0.5,1.0,1.0,0.9309523809523809,0.9312348115062449,0.0,0.0,0.044702341322663285,0.04412383118532894
2045,20,log_loss,best,1,5,None,0.9931547619047619,0.9931132445706436,0.9464285714285714,0.9454700765884548,0.0037223633385392364,0.0037456461371544766,0.02941980253742549,0.030122942504806946
2046,20,log_loss,best,1,5,sqrt,0.988095238095238,0.9879815785931462,0.9285714285714286,0.9271253612069431,0.006462025575497751,0.006587094971956632,0.030929478706587087,0.032502455648207355
2047,20,log_loss,best,1,5,log2,0.988095238095238,0.9879815785931462,0.9285714285714286,0.9271253612069431,0.006462025575497751,0.006587094971956632,0.030929478706587087,0.032502455648207355
2048,20,log_loss,best,1,5,0.25,0.988095238095238,0.9879815785931462,0.9285714285714286,0.9271253612069431,0.006462025575497751,0.006587094971956632,0.030929478706587087,0.032502455648207355
2049,20,log_loss,best,1,5,0.5,0.988095238095238,0.9879815785931462,0.9285714285714286,0.9271253612069431,0.006462025575497751,0.006587094971956632,0.030929478706587087,0.032502455648207355
2050,20,log_loss,best,1,10,None,0.9877976190476189,0.9877444172044106,0.9392857142857144,0.9391063584273147,0.005458925386476875,0.005473945764628343,0.039239304683823986,0.0378707902562588
2051,20,log_loss,best,1,10,sqrt,0.9824404761904761,0.9822710397987863,0.9238095238095239,0.9221856367683918,0.005713754226983815,0.005811720281721882,0.034722627143735495,0.035265484563399944
2052,20,log_loss,best,1,10,log2,0.9824404761904761,0.9822710397987863,0.9238095238095239,0.9221856367683918,0.005713754226983815,0.005811720281721882,0.034722627143735495,0.035265484563399944
2053,20,log_loss,best,1,10,0.25,0.9824404761904761,0.9822710397987863,0.9238095238095239,0.9221856367683918,0.005713754226983815,0.005811720281721882,0.034722627143735495,0.035265484563399944
2054,20,log_loss,best,1,10,0.5,0.9824404761904761,0.9822710397987863,0.9238095238095239,0.9221856367683918,0.005713754226983815,0.005811720281721882,0.034722627143735495,0.035265484563399944
2055,20,log_loss,best,3,2,None,0.9875000000000002,0.9874938197965706,0.9440476190476191,0.9435017873614364,0.004831810440019365,0.0048090000170446625,0.02688473759675287,0.027051618446894164
2056,20,log_loss,best,3,2,sqrt,0.9791666666666665,0.9790058848617244,0.9202380952380953,0.9200873490028983,0.006005292045844208,0.006147254633841724,0.031561253631733455,0.029849150475383793
2057,20,log_loss,best,3,2,log2,0.9791666666666665,0.9790058848617244,0.9202380952380953,0.9200873490028983,0.006005292045844208,0.006147254633841724,0.031561253631733455,0.029849150475383793
2058,20,log_loss,best,3,2,0.25,0.9791666666666665,0.9790058848617244,0.9202380952380953,0.9200873490028983,0.006005292045844208,0.006147254633841724,0.031561253631733455,0.029849150475383793
2059,20,log_loss,best,3,2,0.5,0.9791666666666665,0.9790058848617244,0.9202380952380953,0.9200873490028983,0.006005292045844208,0.006147254633841724,0.031561253631733455,0.029849150475383793
2060,20,log_loss,best,3,5,None,0.9875000000000002,0.9874938197965706,0.9440476190476191,0.9435017873614364,0.004831810440019365,0.0048090000170446625,0.02688473759675287,0.027051618446894164
2061,20,log_loss,best,3,5,sqrt,0.9791666666666665,0.9790058848617244,0.9202380952380953,0.9200873490028983,0.006005292045844208,0.006147254633841724,0.031561253631733455,0.029849150475383793
2062,20,log_loss,best,3,5,log2,0.9791666666666665,0.9790058848617244,0.9202380952380953,0.9200873490028983,0.006005292045844208,0.006147254633841724,0.031561253631733455,0.029849150475383793
2063,20,log_loss,best,3,5,0.25,0.9791666666666665,0.9790058848617244,0.9202380952380953,0.9200873490028983,0.006005292045844208,0.006147254633841724,0.031561253631733455,0.029849150475383793
2064,20,log_loss,best,3,5,0.5,0.9791666666666665,0.9790058848617244,0.9202380952380953,0.9200873490028983,0.006005292045844208,0.006147254633841724,0.031561253631733455,0.029849150475383793
2065,20,log_loss,best,3,10,None,0.9818452380952382,0.9817673983483742,0.9404761904761905,0.9403601762715648,0.007444726677078522,0.007459161922564417,0.034193825277012056,0.03274418476711008
2066,20,log_loss,best,3,10,sqrt,0.9767857142857143,0.9765341255613104,0.923809523809524,0.9228355381352353,0.0073935595643823725,0.007641140345823348,0.03127125127753262,0.030160791270884963
2067,20,log_loss,best,3,10,log2,0.9767857142857143,0.9765341255613104,0.923809523809524,0.9228355381352353,0.0073935595643823725,0.007641140345823348,0.03127125127753262,0.030160791270884963
2068,20,log_loss,best,3,10,0.25,0.9767857142857143,0.9765341255613104,0.923809523809524,0.9228355381352353,0.0073935595643823725,0.007641140345823348,0.03127125127753262,0.030160791270884963
2069,20,log_loss,best,3,10,0.5,0.9767857142857143,0.9765341255613104,0.923809523809524,0.9228355381352353,0.0073935595643823725,0.007641140345823348,0.03127125127753262,0.030160791270884963
2070,20,log_loss,best,5,2,None,0.9758928571428572,0.9758003634127861,0.9345238095238096,0.9349056985899089,0.008896626526771322,0.008884380361641832,0.039739188590299054,0.03736667860244408
2071,20,log_loss,best,5,2,sqrt,0.9711309523809523,0.9708957890269819,0.9178571428571428,0.9168995312403021,0.008907287556991461,0.009123004190989926,0.03684436576506289,0.03652267842390212
2072,20,log_loss,best,5,2,log2,0.9711309523809523,0.9708957890269819,0.9178571428571428,0.9168995312403021,0.008907287556991461,0.009123004190989926,0.03684436576506289,0.03652267842390212
2073,20,log_loss,best,5,2,0.25,0.9711309523809523,0.9708957890269819,0.9178571428571428,0.9168995312403021,0.008907287556991461,0.009123004190989926,0.03684436576506289,0.03652267842390212
2074,20,log_loss,best,5,2,0.5,0.9711309523809523,0.9708957890269819,0.9178571428571428,0.9168995312403021,0.008907287556991461,0.009123004190989926,0.03684436576506289,0.03652267842390212
2075,20,log_loss,best,5,5,None,0.9758928571428572,0.9758003634127861,0.9345238095238096,0.9349056985899089,0.008896626526771322,0.008884380361641832,0.039739188590299054,0.03736667860244408
2076,20,log_loss,best,5,5,sqrt,0.9711309523809523,0.9708957890269819,0.9178571428571428,0.9168995312403021,0.008907287556991461,0.009123004190989926,0.03684436576506289,0.03652267842390212
2077,20,log_loss,best,5,5,log2,0.9711309523809523,0.9708957890269819,0.9178571428571428,0.9168995312403021,0.008907287556991461,0.009123004190989926,0.03684436576506289,0.03652267842390212
2078,20,log_loss,best,5,5,0.25,0.9711309523809523,0.9708957890269819,0.9178571428571428,0.9168995312403021,0.008907287556991461,0.009123004190989926,0.03684436576506289,0.03652267842390212
2079,20,log_loss,best,5,5,0.5,0.9711309523809523,0.9708957890269819,0.9178571428571428,0.9168995312403021,0.008907287556991461,0.009123004190989926,0.03684436576506289,0.03652267842390212
2080,20,log_loss,best,5,10,None,0.9758928571428572,0.9758003634127861,0.9345238095238096,0.9349056985899089,0.008896626526771322,0.008884380361641832,0.039739188590299054,0.03736667860244408
2081,20,log_loss,best,5,10,sqrt,0.9711309523809523,0.9708957890269819,0.9178571428571428,0.9168995312403021,0.008907287556991461,0.009123004190989926,0.03684436576506289,0.03652267842390212
2082,20,log_loss,best,5,10,log2,0.9711309523809523,0.9708957890269819,0.9178571428571428,0.9168995312403021,0.008907287556991461,0.009123004190989926,0.03684436576506289,0.03652267842390212
2083,20,log_loss,best,5,10,0.25,0.9711309523809523,0.9708957890269819,0.9178571428571428,0.9168995312403021,0.008907287556991461,0.009123004190989926,0.03684436576506289,0.03652267842390212
2084,20,log_loss,best,5,10,0.5,0.9711309523809523,0.9708957890269819,0.9178571428571428,0.9168995312403021,0.008907287556991461,0.009123004190989926,0.03684436576506289,0.03652267842390212
2085,20,log_loss,best,10,2,None,0.9630952380952381,0.9629650514804748,0.9154761904761906,0.9148825521312328,0.01426443994139251,0.013653080981976443,0.04131288092379322,0.04044595256330894
2086,20,log_loss,best,10,2,sqrt,0.9354166666666667,0.9340713668539389,0.8821428571428573,0.8759236306266627,0.01944961376749078,0.019180276701433262,0.04567680223473039,0.051488543233296276
2087,20,log_loss,best,10,2,log2,0.9354166666666667,0.9340713668539389,0.8821428571428573,0.8759236306266627,0.01944961376749078,0.019180276701433262,0.04567680223473039,0.051488543233296276
2088,20,log_loss,best,10,2,0.25,0.9354166666666667,0.9340713668539389,0.8821428571428573,0.8759236306266627,0.01944961376749078,0.019180276701433262,0.04567680223473039,0.051488543233296276
2089,20,log_loss,best,10,2,0.5,0.9354166666666667,0.9340713668539389,0.8821428571428573,0.8759236306266627,0.01944961376749078,0.019180276701433262,0.04567680223473039,0.051488543233296276
2090,20,log_loss,best,10,5,None,0.9630952380952381,0.9629650514804748,0.9154761904761906,0.9148825521312328,0.01426443994139251,0.013653080981976443,0.04131288092379322,0.04044595256330894
2091,20,log_loss,best,10,5,sqrt,0.9354166666666667,0.9340713668539389,0.8821428571428573,0.8759236306266627,0.01944961376749078,0.019180276701433262,0.04567680223473039,0.051488543233296276
2092,20,log_loss,best,10,5,log2,0.9354166666666667,0.9340713668539389,0.8821428571428573,0.8759236306266627,0.01944961376749078,0.019180276701433262,0.04567680223473039,0.051488543233296276
2093,20,log_loss,best,10,5,0.25,0.9354166666666667,0.9340713668539389,0.8821428571428573,0.8759236306266627,0.01944961376749078,0.019180276701433262,0.04567680223473039,0.051488543233296276
2094,20,log_loss,best,10,5,0.5,0.9354166666666667,0.9340713668539389,0.8821428571428573,0.8759236306266627,0.01944961376749078,0.019180276701433262,0.04567680223473039,0.051488543233296276
2095,20,log_loss,best,10,10,None,0.9630952380952381,0.9629650514804748,0.9154761904761906,0.9148825521312328,0.01426443994139251,0.013653080981976443,0.04131288092379322,0.04044595256330894
2096,20,log_loss,best,10,10,sqrt,0.9354166666666667,0.9340713668539389,0.8821428571428573,0.8759236306266627,0.01944961376749078,0.019180276701433262,0.04567680223473039,0.051488543233296276
2097,20,log_loss,best,10,10,log2,0.9354166666666667,0.9340713668539389,0.8821428571428573,0.8759236306266627,0.01944961376749078,0.019180276701433262,0.04567680223473039,0.051488543233296276
2098,20,log_loss,best,10,10,0.25,0.9354166666666667,0.9340713668539389,0.8821428571428573,0.8759236306266627,0.01944961376749078,0.019180276701433262,0.04567680223473039,0.051488543233296276
2099,20,log_loss,best,10,10,0.5,0.9354166666666667,0.9340713668539389,0.8821428571428573,0.8759236306266627,0.01944961376749078,0.019180276701433262,0.04567680223473039,0.051488543233296276
2100,20,log_loss,random,1,2,None,1.0,1.0,0.9226190476190478,0.9226633128867051,0.0,0.0,0.022043335708870272,0.021950458758439817
2101,20,log_loss,random,1,2,sqrt,1.0,1.0,0.9428571428571428,0.9430981751588352,0.0,0.0,0.03454725921883713,0.03378816920971887
2102,20,log_loss,random,1,2,log2,1.0,1.0,0.9428571428571428,0.9430981751588352,0.0,0.0,0.03454725921883713,0.03378816920971887
2103,20,log_loss,random,1,2,0.25,1.0,1.0,0.9428571428571428,0.9430981751588352,0.0,0.0,0.03454725921883713,0.03378816920971887
2104,20,log_loss,random,1,2,0.5,1.0,1.0,0.9428571428571428,0.9430981751588352,0.0,0.0,0.03454725921883713,0.03378816920971887
2105,20,log_loss,random,1,5,None,0.9776785714285714,0.977373779756413,0.9416666666666668,0.9400045225102696,0.00843670698681311,0.008643843016493877,0.036010674910128986,0.03931817069318993
2106,20,log_loss,random,1,5,sqrt,0.9663690476190475,0.9656427237247365,0.9285714285714286,0.9258598290446549,0.00824325710250019,0.008512232577551966,0.03571428571428571,0.037942363350752656
2107,20,log_loss,random,1,5,log2,0.9663690476190475,0.9656427237247365,0.9285714285714286,0.9258598290446549,0.00824325710250019,0.008512232577551966,0.03571428571428571,0.037942363350752656
2108,20,log_loss,random,1,5,0.25,0.9663690476190475,0.9656427237247365,0.9285714285714286,0.9258598290446549,0.00824325710250019,0.008512232577551966,0.03571428571428571,0.037942363350752656
2109,20,log_loss,random,1,5,0.5,0.9663690476190475,0.9656427237247365,0.9285714285714286,0.9258598290446549,0.00824325710250019,0.008512232577551966,0.03571428571428571,0.037942363350752656
2110,20,log_loss,random,1,10,None,0.9630952380952381,0.9626436546133185,0.9476190476190476,0.9468606585545484,0.013011871308407178,0.013244959939124131,0.02900395402151937,0.029620462354218245
2111,20,log_loss,random,1,10,sqrt,0.9345238095238095,0.9328845394677833,0.9166666666666666,0.9142247462650847,0.009934797147574751,0.01057794624616166,0.03213340753008703,0.03552207351911265
2112,20,log_loss,random,1,10,log2,0.9345238095238095,0.9328845394677833,0.9166666666666666,0.9142247462650847,0.009934797147574751,0.01057794624616166,0.03213340753008703,0.03552207351911265
2113,20,log_loss,random,1,10,0.25,0.9345238095238095,0.9328845394677833,0.9166666666666666,0.9142247462650847,0.009934797147574751,0.01057794624616166,0.03213340753008703,0.03552207351911265
2114,20,log_loss,random,1,10,0.5,0.9345238095238095,0.9328845394677833,0.9166666666666666,0.9142247462650847,0.009934797147574751,0.01057794624616166,0.03213340753008703,0.03552207351911265
2115,20,log_loss,random,3,2,None,0.9404761904761905,0.9392603936556492,0.9178571428571428,0.9156957417154296,0.016155063938744326,0.016998652016864672,0.03622089663122214,0.038629882833349866
2116,20,log_loss,random,3,2,sqrt,0.9163690476190477,0.9159185050619978,0.907142857142857,0.9071778100513654,0.00799783209814793,0.008026983525166282,0.030334625502438248,0.029454276940323827
2117,20,log_loss,random,3,2,log2,0.9163690476190477,0.9159185050619978,0.907142857142857,0.9071778100513654,0.00799783209814793,0.008026983525166282,0.030334625502438248,0.029454276940323827
2118,20,log_loss,random,3,2,0.25,0.9163690476190477,0.9159185050619978,0.907142857142857,0.9071778100513654,0.00799783209814793,0.008026983525166282,0.030334625502438248,0.029454276940323827
2119,20,log_loss,random,3,2,0.5,0.9163690476190477,0.9159185050619978,0.907142857142857,0.9071778100513654,0.00799783209814793,0.008026983525166282,0.030334625502438248,0.029454276940323827
2120,20,log_loss,random,3,5,None,0.9404761904761905,0.9392603936556492,0.9178571428571428,0.9156957417154296,0.016155063938744326,0.016998652016864672,0.03622089663122214,0.038629882833349866
2121,20,log_loss,random,3,5,sqrt,0.9163690476190477,0.9159185050619978,0.907142857142857,0.9071778100513654,0.00799783209814793,0.008026983525166282,0.030334625502438248,0.029454276940323827
2122,20,log_loss,random,3,5,log2,0.9163690476190477,0.9159185050619978,0.907142857142857,0.9071778100513654,0.00799783209814793,0.008026983525166282,0.030334625502438248,0.029454276940323827
2123,20,log_loss,random,3,5,0.25,0.9163690476190477,0.9159185050619978,0.907142857142857,0.9071778100513654,0.00799783209814793,0.008026983525166282,0.030334625502438248,0.029454276940323827
2124,20,log_loss,random,3,5,0.5,0.9163690476190477,0.9159185050619978,0.907142857142857,0.9071778100513654,0.00799783209814793,0.008026983525166282,0.030334625502438248,0.029454276940323827
2125,20,log_loss,random,3,10,None,0.9354166666666667,0.9337080609079546,0.9,0.8965994697654688,0.015360059444607806,0.016338498291481554,0.05219315438284495,0.05508247000028522
2126,20,log_loss,random,3,10,sqrt,0.9181547619047621,0.916900715519209,0.9107142857142857,0.9095040935496824,0.012589270637323922,0.013845742715437344,0.026997462357801937,0.030067076928764588
2127,20,log_loss,random,3,10,log2,0.9181547619047621,0.916900715519209,0.9107142857142857,0.9095040935496824,0.012589270637323922,0.013845742715437344,0.026997462357801937,0.030067076928764588
2128,20,log_loss,random,3,10,0.25,0.9181547619047621,0.916900715519209,0.9107142857142857,0.9095040935496824,0.012589270637323922,0.013845742715437344,0.026997462357801937,0.030067076928764588
2129,20,log_loss,random,3,10,0.5,0.9181547619047621,0.916900715519209,0.9107142857142857,0.9095040935496824,0.012589270637323922,0.013845742715437344,0.026997462357801937,0.030067076928764588
2130,20,log_loss,random,5,2,None,0.9065476190476189,0.9039989613395869,0.8738095238095238,0.8691914326356668,0.014851160654612679,0.01581889366662032,0.036010674910128986,0.038379185465585296
2131,20,log_loss,random,5,2,sqrt,0.9101190476190477,0.9083924174307935,0.9047619047619049,0.9039635432364626,0.008414179024074406,0.008570111895267183,0.02671475862653914,0.02875870864719889
2132,20,log_loss,random,5,2,log2,0.9101190476190477,0.9083924174307935,0.9047619047619049,0.9039635432364626,0.008414179024074406,0.008570111895267183,0.02671475862653914,0.02875870864719889
2133,20,log_loss,random,5,2,0.25,0.9101190476190477,0.9083924174307935,0.9047619047619049,0.9039635432364626,0.008414179024074406,0.008570111895267183,0.02671475862653914,0.02875870864719889
2134,20,log_loss,random,5,2,0.5,0.9101190476190477,0.9083924174307935,0.9047619047619049,0.9039635432364626,0.008414179024074406,0.008570111895267183,0.02671475862653914,0.02875870864719889
2135,20,log_loss,random,5,5,None,0.9065476190476189,0.9039989613395869,0.8738095238095238,0.8691914326356668,0.014851160654612679,0.01581889366662032,0.036010674910128986,0.038379185465585296
2136,20,log_loss,random,5,5,sqrt,0.9101190476190477,0.9083924174307935,0.9047619047619049,0.9039635432364626,0.008414179024074406,0.008570111895267183,0.02671475862653914,0.02875870864719889
2137,20,log_loss,random,5,5,log2,0.9101190476190477,0.9083924174307935,0.9047619047619049,0.9039635432364626,0.008414179024074406,0.008570111895267183,0.02671475862653914,0.02875870864719889
2138,20,log_loss,random,5,5,0.25,0.9101190476190477,0.9083924174307935,0.9047619047619049,0.9039635432364626,0.008414179024074406,0.008570111895267183,0.02671475862653914,0.02875870864719889
2139,20,log_loss,random,5,5,0.5,0.9101190476190477,0.9083924174307935,0.9047619047619049,0.9039635432364626,0.008414179024074406,0.008570111895267183,0.02671475862653914,0.02875870864719889
2140,20,log_loss,random,5,10,None,0.9065476190476189,0.9039989613395869,0.8738095238095238,0.8691914326356668,0.014851160654612679,0.01581889366662032,0.036010674910128986,0.038379185465585296
2141,20,log_loss,random,5,10,sqrt,0.9101190476190477,0.9083924174307935,0.9047619047619049,0.9039635432364626,0.008414179024074406,0.008570111895267183,0.02671475862653914,0.02875870864719889
2142,20,log_loss,random,5,10,log2,0.9101190476190477,0.9083924174307935,0.9047619047619049,0.9039635432364626,0.008414179024074406,0.008570111895267183,0.02671475862653914,0.02875870864719889
2143,20,log_loss,random,5,10,0.25,0.9101190476190477,0.9083924174307935,0.9047619047619049,0.9039635432364626,0.008414179024074406,0.008570111895267183,0.02671475862653914,0.02875870864719889
2144,20,log_loss,random,5,10,0.5,0.9101190476190477,0.9083924174307935,0.9047619047619049,0.9039635432364626,0.008414179024074406,0.008570111895267183,0.02671475862653914,0.02875870864719889
2145,20,log_loss,random,10,2,None,0.8910714285714286,0.8881464784233652,0.8678571428571428,0.8640886773204228,0.019663138879951116,0.020375037247836743,0.042579885476951684,0.04602405157300132
2146,20,log_loss,random,10,2,sqrt,0.8139880952380953,0.7896380516052927,0.8119047619047619,0.7904144827596997,0.04447246393658511,0.07752995663641463,0.05265658771083521,0.08608295802241045
2147,20,log_loss,random,10,2,log2,0.8139880952380953,0.7896380516052927,0.8119047619047619,0.7904144827596997,0.04447246393658511,0.07752995663641463,0.05265658771083521,0.08608295802241045
2148,20,log_loss,random,10,2,0.25,0.8139880952380953,0.7896380516052927,0.8119047619047619,0.7904144827596997,0.04447246393658511,0.07752995663641463,0.05265658771083521,0.08608295802241045
2149,20,log_loss,random,10,2,0.5,0.8139880952380953,0.7896380516052927,0.8119047619047619,0.7904144827596997,0.04447246393658511,0.07752995663641463,0.05265658771083521,0.08608295802241045
2150,20,log_loss,random,10,5,None,0.8910714285714286,0.8881464784233652,0.8678571428571428,0.8640886773204228,0.019663138879951116,0.020375037247836743,0.042579885476951684,0.04602405157300132
2151,20,log_loss,random,10,5,sqrt,0.8139880952380953,0.7896380516052927,0.8119047619047619,0.7904144827596997,0.04447246393658511,0.07752995663641463,0.05265658771083521,0.08608295802241045
2152,20,log_loss,random,10,5,log2,0.8139880952380953,0.7896380516052927,0.8119047619047619,0.7904144827596997,0.04447246393658511,0.07752995663641463,0.05265658771083521,0.08608295802241045
2153,20,log_loss,random,10,5,0.25,0.8139880952380953,0.7896380516052927,0.8119047619047619,0.7904144827596997,0.04447246393658511,0.07752995663641463,0.05265658771083521,0.08608295802241045
2154,20,log_loss,random,10,5,0.5,0.8139880952380953,0.7896380516052927,0.8119047619047619,0.7904144827596997,0.04447246393658511,0.07752995663641463,0.05265658771083521,0.08608295802241045
2155,20,log_loss,random,10,10,None,0.8910714285714286,0.8881464784233652,0.8678571428571428,0.8640886773204228,0.019663138879951116,0.020375037247836743,0.042579885476951684,0.04602405157300132
2156,20,log_loss,random,10,10,sqrt,0.8139880952380953,0.7896380516052927,0.8119047619047619,0.7904144827596997,0.04447246393658511,0.07752995663641463,0.05265658771083521,0.08608295802241045
2157,20,log_loss,random,10,10,log2,0.8139880952380953,0.7896380516052927,0.8119047619047619,0.7904144827596997,0.04447246393658511,0.07752995663641463,0.05265658771083521,0.08608295802241045
2158,20,log_loss,random,10,10,0.25,0.8139880952380953,0.7896380516052927,0.8119047619047619,0.7904144827596997,0.04447246393658511,0.07752995663641463,0.05265658771083521,0.08608295802241045
2159,20,log_loss,random,10,10,0.5,0.8139880952380953,0.7896380516052927,0.8119047619047619,0.7904144827596997,0.04447246393658511,0.07752995663641463,0.05265658771083521,0.08608295802241045
2160,None,gini,best,1,2,None,1.0,1.0,0.9380952380952381,0.9376607151493294,0.0,0.0,0.03365671609629769,0.033299039899783486
2161,None,gini,best,1,2,sqrt,1.0,1.0,0.9083333333333333,0.9072071595983474,0.0,0.0,0.04261553210142585,0.04406539928106416
2162,None,gini,best,1,2,log2,1.0,1.0,0.9083333333333333,0.9072071595983474,0.0,0.0,0.04261553210142585,0.04406539928106416
2163,None,gini,best,1,2,0.25,1.0,1.0,0.9083333333333333,0.9072071595983474,0.0,0.0,0.04261553210142585,0.04406539928106416
2164,None,gini,best,1,2,0.5,1.0,1.0,0.9083333333333333,0.9072071595983474,0.0,0.0,0.04261553210142585,0.04406539928106416
2165,None,gini,best,1,5,None,0.9931547619047618,0.9931185711656563,0.9369047619047619,0.9361580760483841,0.002856877113491884,0.0028786123953648403,0.034326789454401964,0.03459103095126616
2166,None,gini,best,1,5,sqrt,0.9851190476190477,0.9850005991289258,0.9107142857142859,0.911991017482441,0.007670756187359168,0.007765961219335747,0.03992978531249624,0.037771308793048505
2167,None,gini,best,1,5,log2,0.9851190476190477,0.9850005991289258,0.9107142857142859,0.911991017482441,0.007670756187359168,0.007765961219335747,0.03992978531249624,0.037771308793048505
2168,None,gini,best,1,5,0.25,0.9851190476190477,0.9850005991289258,0.9107142857142859,0.911991017482441,0.007670756187359168,0.007765961219335747,0.03992978531249624,0.037771308793048505
2169,None,gini,best,1,5,0.5,0.9851190476190477,0.9850005991289258,0.9107142857142859,0.911991017482441,0.007670756187359168,0.007765961219335747,0.03992978531249624,0.037771308793048505
2170,None,gini,best,1,10,None,0.9889880952380952,0.9889435100670924,0.9345238095238096,0.9343648434021569,0.005812558452426671,0.005826695540875602,0.037980801758719894,0.03665840148401035
2171,None,gini,best,1,10,sqrt,0.9735119047619049,0.9732147655898041,0.9011904761904762,0.9004375243245427,0.01004877560484176,0.010418871801652265,0.042077662012374215,0.04279312700500554
2172,None,gini,best,1,10,log2,0.9735119047619049,0.9732147655898041,0.9011904761904762,0.9004375243245427,0.01004877560484176,0.010418871801652265,0.042077662012374215,0.04279312700500554
2173,None,gini,best,1,10,0.25,0.9735119047619049,0.9732147655898041,0.9011904761904762,0.9004375243245427,0.01004877560484176,0.010418871801652265,0.042077662012374215,0.04279312700500554
2174,None,gini,best,1,10,0.5,0.9735119047619049,0.9732147655898041,0.9011904761904762,0.9004375243245427,0.01004877560484176,0.010418871801652265,0.042077662012374215,0.04279312700500554
2175,None,gini,best,3,2,None,0.9833333333333333,0.9832607337697024,0.9416666666666667,0.9412626451767405,0.0039451567039667165,0.0039635171446609834,0.032695550586933096,0.032876293775759347
2176,None,gini,best,3,2,sqrt,0.9681547619047618,0.9677953155945015,0.8916666666666668,0.8901432966878483,0.010917850772953692,0.011354330624801618,0.040757823719667116,0.0438086196254888
2177,None,gini,best,3,2,log2,0.9681547619047618,0.9677953155945015,0.8916666666666668,0.8901432966878483,0.010917850772953692,0.011354330624801618,0.040757823719667116,0.0438086196254888
2178,None,gini,best,3,2,0.25,0.9681547619047618,0.9677953155945015,0.8916666666666668,0.8901432966878483,0.010917850772953692,0.011354330624801618,0.040757823719667116,0.0438086196254888
2179,None,gini,best,3,2,0.5,0.9681547619047618,0.9677953155945015,0.8916666666666668,0.8901432966878483,0.010917850772953692,0.011354330624801618,0.040757823719667116,0.0438086196254888
2180,None,gini,best,3,5,None,0.9833333333333333,0.9832607337697024,0.9416666666666667,0.9412626451767405,0.0039451567039667165,0.0039635171446609834,0.032695550586933096,0.032876293775759347
2181,None,gini,best,3,5,sqrt,0.9681547619047618,0.9677953155945015,0.8916666666666668,0.8901432966878483,0.010917850772953692,0.011354330624801618,0.040757823719667116,0.0438086196254888
2182,None,gini,best,3,5,log2,0.9681547619047618,0.9677953155945015,0.8916666666666668,0.8901432966878483,0.010917850772953692,0.011354330624801618,0.040757823719667116,0.0438086196254888
2183,None,gini,best,3,5,0.25,0.9681547619047618,0.9677953155945015,0.8916666666666668,0.8901432966878483,0.010917850772953692,0.011354330624801618,0.040757823719667116,0.0438086196254888
2184,None,gini,best,3,5,0.5,0.9681547619047618,0.9677953155945015,0.8916666666666668,0.8901432966878483,0.010917850772953692,0.011354330624801618,0.040757823719667116,0.0438086196254888
2185,None,gini,best,3,10,None,0.9815476190476191,0.9814662378821468,0.9380952380952381,0.938110697510966,0.0060525165637221115,0.006136985245788295,0.03688555567816587,0.035781255076087204
2186,None,gini,best,3,10,sqrt,0.9660714285714286,0.9656812024242211,0.9011904761904764,0.9013447914028195,0.011419200558682579,0.011778100132263054,0.036262794732714924,0.03660608634081204
2187,None,gini,best,3,10,log2,0.9660714285714286,0.9656812024242211,0.9011904761904764,0.9013447914028195,0.011419200558682579,0.011778100132263054,0.036262794732714924,0.03660608634081204
2188,None,gini,best,3,10,0.25,0.9660714285714286,0.9656812024242211,0.9011904761904764,0.9013447914028195,0.011419200558682579,0.011778100132263054,0.036262794732714924,0.03660608634081204
2189,None,gini,best,3,10,0.5,0.9660714285714286,0.9656812024242211,0.9011904761904764,0.9013447914028195,0.011419200558682579,0.011778100132263054,0.036262794732714924,0.03660608634081204
2190,None,gini,best,5,2,None,0.9779761904761907,0.9778489129573835,0.9369047619047619,0.9371690779252785,0.009159430397625212,0.009247531475967345,0.04042113101890427,0.03842543072374536
2191,None,gini,best,5,2,sqrt,0.9553571428571429,0.9546996808387007,0.8988095238095238,0.8983908645049343,0.01582866536478425,0.016304034230472473,0.03485357403387619,0.03513636362537388
2192,None,gini,best,5,2,log2,0.9553571428571429,0.9546996808387007,0.8988095238095238,0.8983908645049343,0.01582866536478425,0.016304034230472473,0.03485357403387619,0.03513636362537388
2193,None,gini,best,5,2,0.25,0.9553571428571429,0.9546996808387007,0.8988095238095238,0.8983908645049343,0.01582866536478425,0.016304034230472473,0.03485357403387619,0.03513636362537388
2194,None,gini,best,5,2,0.5,0.9553571428571429,0.9546996808387007,0.8988095238095238,0.8983908645049343,0.01582866536478425,0.016304034230472473,0.03485357403387619,0.03513636362537388
2195,None,gini,best,5,5,None,0.9779761904761907,0.9778489129573835,0.9369047619047619,0.9371690779252785,0.009159430397625212,0.009247531475967345,0.04042113101890427,0.03842543072374536
2196,None,gini,best,5,5,sqrt,0.9553571428571429,0.9546996808387007,0.8988095238095238,0.8983908645049343,0.01582866536478425,0.016304034230472473,0.03485357403387619,0.03513636362537388
2197,None,gini,best,5,5,log2,0.9553571428571429,0.9546996808387007,0.8988095238095238,0.8983908645049343,0.01582866536478425,0.016304034230472473,0.03485357403387619,0.03513636362537388
2198,None,gini,best,5,5,0.25,0.9553571428571429,0.9546996808387007,0.8988095238095238,0.8983908645049343,0.01582866536478425,0.016304034230472473,0.03485357403387619,0.03513636362537388
2199,None,gini,best,5,5,0.5,0.9553571428571429,0.9546996808387007,0.8988095238095238,0.8983908645049343,0.01582866536478425,0.016304034230472473,0.03485357403387619,0.03513636362537388
2200,None,gini,best,5,10,None,0.9779761904761907,0.9778489129573835,0.9369047619047619,0.9371690779252785,0.009159430397625212,0.009247531475967345,0.04042113101890427,0.03842543072374536
2201,None,gini,best,5,10,sqrt,0.9553571428571429,0.9546996808387007,0.8988095238095238,0.8983908645049343,0.01582866536478425,0.016304034230472473,0.03485357403387619,0.03513636362537388
2202,None,gini,best,5,10,log2,0.9553571428571429,0.9546996808387007,0.8988095238095238,0.8983908645049343,0.01582866536478425,0.016304034230472473,0.03485357403387619,0.03513636362537388
2203,None,gini,best,5,10,0.25,0.9553571428571429,0.9546996808387007,0.8988095238095238,0.8983908645049343,0.01582866536478425,0.016304034230472473,0.03485357403387619,0.03513636362537388
2204,None,gini,best,5,10,0.5,0.9553571428571429,0.9546996808387007,0.8988095238095238,0.8983908645049343,0.01582866536478425,0.016304034230472473,0.03485357403387619,0.03513636362537388
2205,None,gini,best,10,2,None,0.962202380952381,0.9617960133938399,0.9250000000000002,0.9232043957344043,0.010519415503093555,0.010443504586960554,0.03647156326665616,0.03692612144455457
2206,None,gini,best,10,2,sqrt,0.9279761904761905,0.9265851348338974,0.8833333333333332,0.8773067336621932,0.01995538329983523,0.020100069505910412,0.054776691289718966,0.06046137189158825
2207,None,gini,best,10,2,log2,0.9279761904761905,0.9265851348338974,0.8833333333333332,0.8773067336621932,0.01995538329983523,0.020100069505910412,0.054776691289718966,0.06046137189158825
2208,None,gini,best,10,2,0.25,0.9279761904761905,0.9265851348338974,0.8833333333333332,0.8773067336621932,0.01995538329983523,0.020100069505910412,0.054776691289718966,0.06046137189158825
2209,None,gini,best,10,2,0.5,0.9279761904761905,0.9265851348338974,0.8833333333333332,0.8773067336621932,0.01995538329983523,0.020100069505910412,0.054776691289718966,0.06046137189158825
2210,None,gini,best,10,5,None,0.962202380952381,0.9617960133938399,0.9250000000000002,0.9232043957344043,0.010519415503093555,0.010443504586960554,0.03647156326665616,0.03692612144455457
2211,None,gini,best,10,5,sqrt,0.9279761904761905,0.9265851348338974,0.8833333333333332,0.8773067336621932,0.01995538329983523,0.020100069505910412,0.054776691289718966,0.06046137189158825
2212,None,gini,best,10,5,log2,0.9279761904761905,0.9265851348338974,0.8833333333333332,0.8773067336621932,0.01995538329983523,0.020100069505910412,0.054776691289718966,0.06046137189158825
2213,None,gini,best,10,5,0.25,0.9279761904761905,0.9265851348338974,0.8833333333333332,0.8773067336621932,0.01995538329983523,0.020100069505910412,0.054776691289718966,0.06046137189158825
2214,None,gini,best,10,5,0.5,0.9279761904761905,0.9265851348338974,0.8833333333333332,0.8773067336621932,0.01995538329983523,0.020100069505910412,0.054776691289718966,0.06046137189158825
2215,None,gini,best,10,10,None,0.962202380952381,0.9617960133938399,0.9250000000000002,0.9232043957344043,0.010519415503093555,0.010443504586960554,0.03647156326665616,0.03692612144455457
2216,None,gini,best,10,10,sqrt,0.9279761904761905,0.9265851348338974,0.8833333333333332,0.8773067336621932,0.01995538329983523,0.020100069505910412,0.054776691289718966,0.06046137189158825
2217,None,gini,best,10,10,log2,0.9279761904761905,0.9265851348338974,0.8833333333333332,0.8773067336621932,0.01995538329983523,0.020100069505910412,0.054776691289718966,0.06046137189158825
2218,None,gini,best,10,10,0.25,0.9279761904761905,0.9265851348338974,0.8833333333333332,0.8773067336621932,0.01995538329983523,0.020100069505910412,0.054776691289718966,0.06046137189158825
2219,None,gini,best,10,10,0.5,0.9279761904761905,0.9265851348338974,0.8833333333333332,0.8773067336621932,0.01995538329983523,0.020100069505910412,0.054776691289718966,0.06046137189158825
2220,None,gini,random,1,2,None,1.0,1.0,0.9297619047619047,0.9289040075075621,0.0,0.0,0.03338492120767636,0.035041918736906603
2221,None,gini,random,1,2,sqrt,1.0,1.0,0.9428571428571428,0.9430981751588352,0.0,0.0,0.03454725921883713,0.03378816920971887
2222,None,gini,random,1,2,log2,1.0,1.0,0.9428571428571428,0.9430981751588352,0.0,0.0,0.03454725921883713,0.03378816920971887
2223,None,gini,random,1,2,0.25,1.0,1.0,0.9428571428571428,0.9430981751588352,0.0,0.0,0.03454725921883713,0.03378816920971887
2224,None,gini,random,1,2,0.5,1.0,1.0,0.9428571428571428,0.9430981751588352,0.0,0.0,0.03454725921883713,0.03378816920971887
2225,None,gini,random,1,5,None,0.9761904761904763,0.9758960714610724,0.9511904761904763,0.9510650188690115,0.006462025575497722,0.006527790025011862,0.026543691177043065,0.026380128169905193
2226,None,gini,random,1,5,sqrt,0.9663690476190475,0.9656427237247365,0.9285714285714286,0.9258598290446549,0.00824325710250019,0.008512232577551966,0.03571428571428571,0.037942363350752656
2227,None,gini,random,1,5,log2,0.9663690476190475,0.9656427237247365,0.9285714285714286,0.9258598290446549,0.00824325710250019,0.008512232577551966,0.03571428571428571,0.037942363350752656
2228,None,gini,random,1,5,0.25,0.9663690476190475,0.9656427237247365,0.9285714285714286,0.9258598290446549,0.00824325710250019,0.008512232577551966,0.03571428571428571,0.037942363350752656
2229,None,gini,random,1,5,0.5,0.9663690476190475,0.9656427237247365,0.9285714285714286,0.9258598290446549,0.00824325710250019,0.008512232577551966,0.03571428571428571,0.037942363350752656
2230,None,gini,random,1,10,None,0.9586309523809524,0.9581649987368164,0.95,0.9492593202108515,0.012679409764369522,0.012688638352942849,0.027991564743561636,0.028619663804705778
2231,None,gini,random,1,10,sqrt,0.9345238095238095,0.9328845394677833,0.9166666666666666,0.9142247462650847,0.009934797147574751,0.01057794624616166,0.03213340753008703,0.03552207351911265
2232,None,gini,random,1,10,log2,0.9345238095238095,0.9328845394677833,0.9166666666666666,0.9142247462650847,0.009934797147574751,0.01057794624616166,0.03213340753008703,0.03552207351911265
2233,None,gini,random,1,10,0.25,0.9345238095238095,0.9328845394677833,0.9166666666666666,0.9142247462650847,0.009934797147574751,0.01057794624616166,0.03213340753008703,0.03552207351911265
2234,None,gini,random,1,10,0.5,0.9345238095238095,0.9328845394677833,0.9166666666666666,0.9142247462650847,0.009934797147574751,0.01057794624616166,0.03213340753008703,0.03552207351911265
2235,None,gini,random,3,2,None,0.9443452380952382,0.9434549323197475,0.9297619047619047,0.9288618420442643,0.014984756994254892,0.01594498181749511,0.0312712512775326,0.032634775861127875
2236,None,gini,random,3,2,sqrt,0.9163690476190477,0.9159185050619978,0.907142857142857,0.9071778100513654,0.00799783209814793,0.008026983525166282,0.030334625502438248,0.029454276940323827
2237,None,gini,random,3,2,log2,0.9163690476190477,0.9159185050619978,0.907142857142857,0.9071778100513654,0.00799783209814793,0.008026983525166282,0.030334625502438248,0.029454276940323827
2238,None,gini,random,3,2,0.25,0.9163690476190477,0.9159185050619978,0.907142857142857,0.9071778100513654,0.00799783209814793,0.008026983525166282,0.030334625502438248,0.029454276940323827
2239,None,gini,random,3,2,0.5,0.9163690476190477,0.9159185050619978,0.907142857142857,0.9071778100513654,0.00799783209814793,0.008026983525166282,0.030334625502438248,0.029454276940323827
2240,None,gini,random,3,5,None,0.9443452380952382,0.9434549323197475,0.9297619047619047,0.9288618420442643,0.014984756994254892,0.01594498181749511,0.0312712512775326,0.032634775861127875
2241,None,gini,random,3,5,sqrt,0.9163690476190477,0.9159185050619978,0.907142857142857,0.9071778100513654,0.00799783209814793,0.008026983525166282,0.030334625502438248,0.029454276940323827
2242,None,gini,random,3,5,log2,0.9163690476190477,0.9159185050619978,0.907142857142857,0.9071778100513654,0.00799783209814793,0.008026983525166282,0.030334625502438248,0.029454276940323827
2243,None,gini,random,3,5,0.25,0.9163690476190477,0.9159185050619978,0.907142857142857,0.9071778100513654,0.00799783209814793,0.008026983525166282,0.030334625502438248,0.029454276940323827
2244,None,gini,random,3,5,0.5,0.9163690476190477,0.9159185050619978,0.907142857142857,0.9071778100513654,0.00799783209814793,0.008026983525166282,0.030334625502438248,0.029454276940323827
2245,None,gini,random,3,10,None,0.9416666666666668,0.9408646525501896,0.9059523809523807,0.9044182970892866,0.013547855915340206,0.014324245740137648,0.04650046761941327,0.04861755474914182
2246,None,gini,random,3,10,sqrt,0.9181547619047621,0.916900715519209,0.9107142857142857,0.9095040935496824,0.012589270637323922,0.013845742715437344,0.026997462357801937,0.030067076928764588
2247,None,gini,random,3,10,log2,0.9181547619047621,0.916900715519209,0.9107142857142857,0.9095040935496824,0.012589270637323922,0.013845742715437344,0.026997462357801937,0.030067076928764588
2248,None,gini,random,3,10,0.25,0.9181547619047621,0.916900715519209,0.9107142857142857,0.9095040935496824,0.012589270637323922,0.013845742715437344,0.026997462357801937,0.030067076928764588
2249,None,gini,random,3,10,0.5,0.9181547619047621,0.916900715519209,0.9107142857142857,0.9095040935496824,0.012589270637323922,0.013845742715437344,0.026997462357801937,0.030067076928764588
2250,None,gini,random,5,2,None,0.9148809523809526,0.912010766096613,0.8821428571428572,0.877091484582762,0.01344236879837644,0.013948442499425086,0.03684436576506288,0.04023626213556271
2251,None,gini,random,5,2,sqrt,0.9101190476190477,0.9083924174307935,0.9047619047619049,0.9039635432364626,0.008414179024074406,0.008570111895267183,0.02671475862653914,0.02875870864719889
2252,None,gini,random,5,2,log2,0.9101190476190477,0.9083924174307935,0.9047619047619049,0.9039635432364626,0.008414179024074406,0.008570111895267183,0.02671475862653914,0.02875870864719889
2253,None,gini,random,5,2,0.25,0.9101190476190477,0.9083924174307935,0.9047619047619049,0.9039635432364626,0.008414179024074406,0.008570111895267183,0.02671475862653914,0.02875870864719889
2254,None,gini,random,5,2,0.5,0.9101190476190477,0.9083924174307935,0.9047619047619049,0.9039635432364626,0.008414179024074406,0.008570111895267183,0.02671475862653914,0.02875870864719889
2255,None,gini,random,5,5,None,0.9148809523809526,0.912010766096613,0.8821428571428572,0.877091484582762,0.01344236879837644,0.013948442499425086,0.03684436576506288,0.04023626213556271
2256,None,gini,random,5,5,sqrt,0.9101190476190477,0.9083924174307935,0.9047619047619049,0.9039635432364626,0.008414179024074406,0.008570111895267183,0.02671475862653914,0.02875870864719889
2257,None,gini,random,5,5,log2,0.9101190476190477,0.9083924174307935,0.9047619047619049,0.9039635432364626,0.008414179024074406,0.008570111895267183,0.02671475862653914,0.02875870864719889
2258,None,gini,random,5,5,0.25,0.9101190476190477,0.9083924174307935,0.9047619047619049,0.9039635432364626,0.008414179024074406,0.008570111895267183,0.02671475862653914,0.02875870864719889
2259,None,gini,random,5,5,0.5,0.9101190476190477,0.9083924174307935,0.9047619047619049,0.9039635432364626,0.008414179024074406,0.008570111895267183,0.02671475862653914,0.02875870864719889
2260,None,gini,random,5,10,None,0.9148809523809526,0.912010766096613,0.8821428571428572,0.877091484582762,0.01344236879837644,0.013948442499425086,0.03684436576506288,0.04023626213556271
2261,None,gini,random,5,10,sqrt,0.9101190476190477,0.9083924174307935,0.9047619047619049,0.9039635432364626,0.008414179024074406,0.008570111895267183,0.02671475862653914,0.02875870864719889
2262,None,gini,random,5,10,log2,0.9101190476190477,0.9083924174307935,0.9047619047619049,0.9039635432364626,0.008414179024074406,0.008570111895267183,0.02671475862653914,0.02875870864719889
2263,None,gini,random,5,10,0.25,0.9101190476190477,0.9083924174307935,0.9047619047619049,0.9039635432364626,0.008414179024074406,0.008570111895267183,0.02671475862653914,0.02875870864719889
2264,None,gini,random,5,10,0.5,0.9101190476190477,0.9083924174307935,0.9047619047619049,0.9039635432364626,0.008414179024074406,0.008570111895267183,0.02671475862653914,0.02875870864719889
2265,None,gini,random,10,2,None,0.8910714285714286,0.8881464784233652,0.8678571428571428,0.8640886773204228,0.019663138879951116,0.020375037247836743,0.042579885476951684,0.04602405157300132
2266,None,gini,random,10,2,sqrt,0.8139880952380953,0.7896380516052927,0.8119047619047619,0.7904144827596997,0.04447246393658511,0.07752995663641463,0.05265658771083521,0.08608295802241045
2267,None,gini,random,10,2,log2,0.8139880952380953,0.7896380516052927,0.8119047619047619,0.7904144827596997,0.04447246393658511,0.07752995663641463,0.05265658771083521,0.08608295802241045
2268,None,gini,random,10,2,0.25,0.8139880952380953,0.7896380516052927,0.8119047619047619,0.7904144827596997,0.04447246393658511,0.07752995663641463,0.05265658771083521,0.08608295802241045
2269,None,gini,random,10,2,0.5,0.8139880952380953,0.7896380516052927,0.8119047619047619,0.7904144827596997,0.04447246393658511,0.07752995663641463,0.05265658771083521,0.08608295802241045
2270,None,gini,random,10,5,None,0.8910714285714286,0.8881464784233652,0.8678571428571428,0.8640886773204228,0.019663138879951116,0.020375037247836743,0.042579885476951684,0.04602405157300132
2271,None,gini,random,10,5,sqrt,0.8139880952380953,0.7896380516052927,0.8119047619047619,0.7904144827596997,0.04447246393658511,0.07752995663641463,0.05265658771083521,0.08608295802241045
2272,None,gini,random,10,5,log2,0.8139880952380953,0.7896380516052927,0.8119047619047619,0.7904144827596997,0.04447246393658511,0.07752995663641463,0.05265658771083521,0.08608295802241045
2273,None,gini,random,10,5,0.25,0.8139880952380953,0.7896380516052927,0.8119047619047619,0.7904144827596997,0.04447246393658511,0.07752995663641463,0.05265658771083521,0.08608295802241045
2274,None,gini,random,10,5,0.5,0.8139880952380953,0.7896380516052927,0.8119047619047619,0.7904144827596997,0.04447246393658511,0.07752995663641463,0.05265658771083521,0.08608295802241045
2275,None,gini,random,10,10,None,0.8910714285714286,0.8881464784233652,0.8678571428571428,0.8640886773204228,0.019663138879951116,0.020375037247836743,0.042579885476951684,0.04602405157300132
2276,None,gini,random,10,10,sqrt,0.8139880952380953,0.7896380516052927,0.8119047619047619,0.7904144827596997,0.04447246393658511,0.07752995663641463,0.05265658771083521,0.08608295802241045
2277,None,gini,random,10,10,log2,0.8139880952380953,0.7896380516052927,0.8119047619047619,0.7904144827596997,0.04447246393658511,0.07752995663641463,0.05265658771083521,0.08608295802241045
2278,None,gini,random,10,10,0.25,0.8139880952380953,0.7896380516052927,0.8119047619047619,0.7904144827596997,0.04447246393658511,0.07752995663641463,0.05265658771083521,0.08608295802241045
2279,None,gini,random,10,10,0.5,0.8139880952380953,0.7896380516052927,0.8119047619047619,0.7904144827596997,0.04447246393658511,0.07752995663641463,0.05265658771083521,0.08608295802241045
2280,None,entropy,best,1,2,None,1.0,1.0,0.9452380952380952,0.9445382235800989,0.0,0.0,0.030534197559499193,0.030872999691470015
2281,None,entropy,best,1,2,sqrt,1.0,1.0,0.9309523809523809,0.9312348115062449,0.0,0.0,0.044702341322663285,0.04412383118532894
2282,None,entropy,best,1,2,log2,1.0,1.0,0.9309523809523809,0.9312348115062449,0.0,0.0,0.044702341322663285,0.04412383118532894
2283,None,entropy,best,1,2,0.25,1.0,1.0,0.9309523809523809,0.9312348115062449,0.0,0.0,0.044702341322663285,0.04412383118532894
2284,None,entropy,best,1,2,0.5,1.0,1.0,0.9309523809523809,0.9312348115062449,0.0,0.0,0.044702341322663285,0.04412383118532894
2285,None,entropy,best,1,5,None,0.9931547619047619,0.9931132445706436,0.9464285714285714,0.9454700765884548,0.0037223633385392364,0.0037456461371544766,0.02941980253742549,0.030122942504806946
2286,None,entropy,best,1,5,sqrt,0.988095238095238,0.9879815785931462,0.9285714285714286,0.9271253612069431,0.006462025575497751,0.006587094971956632,0.030929478706587087,0.032502455648207355
2287,None,entropy,best,1,5,log2,0.988095238095238,0.9879815785931462,0.9285714285714286,0.9271253612069431,0.006462025575497751,0.006587094971956632,0.030929478706587087,0.032502455648207355
2288,None,entropy,best,1,5,0.25,0.988095238095238,0.9879815785931462,0.9285714285714286,0.9271253612069431,0.006462025575497751,0.006587094971956632,0.030929478706587087,0.032502455648207355
2289,None,entropy,best,1,5,0.5,0.988095238095238,0.9879815785931462,0.9285714285714286,0.9271253612069431,0.006462025575497751,0.006587094971956632,0.030929478706587087,0.032502455648207355
2290,None,entropy,best,1,10,None,0.9877976190476189,0.9877444172044106,0.9392857142857144,0.9391063584273147,0.005458925386476875,0.005473945764628343,0.039239304683823986,0.0378707902562588
2291,None,entropy,best,1,10,sqrt,0.9824404761904761,0.9822710397987863,0.9238095238095239,0.9221856367683918,0.005713754226983815,0.005811720281721882,0.034722627143735495,0.035265484563399944
2292,None,entropy,best,1,10,log2,0.9824404761904761,0.9822710397987863,0.9238095238095239,0.9221856367683918,0.005713754226983815,0.005811720281721882,0.034722627143735495,0.035265484563399944
2293,None,entropy,best,1,10,0.25,0.9824404761904761,0.9822710397987863,0.9238095238095239,0.9221856367683918,0.005713754226983815,0.005811720281721882,0.034722627143735495,0.035265484563399944
2294,None,entropy,best,1,10,0.5,0.9824404761904761,0.9822710397987863,0.9238095238095239,0.9221856367683918,0.005713754226983815,0.005811720281721882,0.034722627143735495,0.035265484563399944
2295,None,entropy,best,3,2,None,0.9875000000000002,0.9874938197965706,0.9440476190476191,0.9435017873614364,0.004831810440019365,0.0048090000170446625,0.02688473759675287,0.027051618446894164
2296,None,entropy,best,3,2,sqrt,0.9791666666666665,0.9790058848617244,0.9202380952380953,0.9200873490028983,0.006005292045844208,0.006147254633841724,0.031561253631733455,0.029849150475383793
2297,None,entropy,best,3,2,log2,0.9791666666666665,0.9790058848617244,0.9202380952380953,0.9200873490028983,0.006005292045844208,0.006147254633841724,0.031561253631733455,0.029849150475383793
2298,None,entropy,best,3,2,0.25,0.9791666666666665,0.9790058848617244,0.9202380952380953,0.9200873490028983,0.006005292045844208,0.006147254633841724,0.031561253631733455,0.029849150475383793
2299,None,entropy,best,3,2,0.5,0.9791666666666665,0.9790058848617244,0.9202380952380953,0.9200873490028983,0.006005292045844208,0.006147254633841724,0.031561253631733455,0.029849150475383793
2300,None,entropy,best,3,5,None,0.9875000000000002,0.9874938197965706,0.9440476190476191,0.9435017873614364,0.004831810440019365,0.0048090000170446625,0.02688473759675287,0.027051618446894164
2301,None,entropy,best,3,5,sqrt,0.9791666666666665,0.9790058848617244,0.9202380952380953,0.9200873490028983,0.006005292045844208,0.006147254633841724,0.031561253631733455,0.029849150475383793
2302,None,entropy,best,3,5,log2,0.9791666666666665,0.9790058848617244,0.9202380952380953,0.9200873490028983,0.006005292045844208,0.006147254633841724,0.031561253631733455,0.029849150475383793
2303,None,entropy,best,3,5,0.25,0.9791666666666665,0.9790058848617244,0.9202380952380953,0.9200873490028983,0.006005292045844208,0.006147254633841724,0.031561253631733455,0.029849150475383793
2304,None,entropy,best,3,5,0.5,0.9791666666666665,0.9790058848617244,0.9202380952380953,0.9200873490028983,0.006005292045844208,0.006147254633841724,0.031561253631733455,0.029849150475383793
2305,None,entropy,best,3,10,None,0.9818452380952382,0.9817673983483742,0.9404761904761905,0.9403601762715648,0.007444726677078522,0.007459161922564417,0.034193825277012056,0.03274418476711008
2306,None,entropy,best,3,10,sqrt,0.9767857142857143,0.9765341255613104,0.923809523809524,0.9228355381352353,0.0073935595643823725,0.007641140345823348,0.03127125127753262,0.030160791270884963
2307,None,entropy,best,3,10,log2,0.9767857142857143,0.9765341255613104,0.923809523809524,0.9228355381352353,0.0073935595643823725,0.007641140345823348,0.03127125127753262,0.030160791270884963
2308,None,entropy,best,3,10,0.25,0.9767857142857143,0.9765341255613104,0.923809523809524,0.9228355381352353,0.0073935595643823725,0.007641140345823348,0.03127125127753262,0.030160791270884963
2309,None,entropy,best,3,10,0.5,0.9767857142857143,0.9765341255613104,0.923809523809524,0.9228355381352353,0.0073935595643823725,0.007641140345823348,0.03127125127753262,0.030160791270884963
2310,None,entropy,best,5,2,None,0.9758928571428572,0.9758003634127861,0.9345238095238096,0.9349056985899089,0.008896626526771322,0.008884380361641832,0.039739188590299054,0.03736667860244408
2311,None,entropy,best,5,2,sqrt,0.9711309523809523,0.9708957890269819,0.9178571428571428,0.9168995312403021,0.008907287556991461,0.009123004190989926,0.03684436576506289,0.03652267842390212
2312,None,entropy,best,5,2,log2,0.9711309523809523,0.9708957890269819,0.9178571428571428,0.9168995312403021,0.008907287556991461,0.009123004190989926,0.03684436576506289,0.03652267842390212
2313,None,entropy,best,5,2,0.25,0.9711309523809523,0.9708957890269819,0.9178571428571428,0.9168995312403021,0.008907287556991461,0.009123004190989926,0.03684436576506289,0.03652267842390212
2314,None,entropy,best,5,2,0.5,0.9711309523809523,0.9708957890269819,0.9178571428571428,0.9168995312403021,0.008907287556991461,0.009123004190989926,0.03684436576506289,0.03652267842390212
2315,None,entropy,best,5,5,None,0.9758928571428572,0.9758003634127861,0.9345238095238096,0.9349056985899089,0.008896626526771322,0.008884380361641832,0.039739188590299054,0.03736667860244408
2316,None,entropy,best,5,5,sqrt,0.9711309523809523,0.9708957890269819,0.9178571428571428,0.9168995312403021,0.008907287556991461,0.009123004190989926,0.03684436576506289,0.03652267842390212
2317,None,entropy,best,5,5,log2,0.9711309523809523,0.9708957890269819,0.9178571428571428,0.9168995312403021,0.008907287556991461,0.009123004190989926,0.03684436576506289,0.03652267842390212
2318,None,entropy,best,5,5,0.25,0.9711309523809523,0.9708957890269819,0.9178571428571428,0.9168995312403021,0.008907287556991461,0.009123004190989926,0.03684436576506289,0.03652267842390212
2319,None,entropy,best,5,5,0.5,0.9711309523809523,0.9708957890269819,0.9178571428571428,0.9168995312403021,0.008907287556991461,0.009123004190989926,0.03684436576506289,0.03652267842390212
2320,None,entropy,best,5,10,None,0.9758928571428572,0.9758003634127861,0.9345238095238096,0.9349056985899089,0.008896626526771322,0.008884380361641832,0.039739188590299054,0.03736667860244408
2321,None,entropy,best,5,10,sqrt,0.9711309523809523,0.9708957890269819,0.9178571428571428,0.9168995312403021,0.008907287556991461,0.009123004190989926,0.03684436576506289,0.03652267842390212
2322,None,entropy,best,5,10,log2,0.9711309523809523,0.9708957890269819,0.9178571428571428,0.9168995312403021,0.008907287556991461,0.009123004190989926,0.03684436576506289,0.03652267842390212
2323,None,entropy,best,5,10,0.25,0.9711309523809523,0.9708957890269819,0.9178571428571428,0.9168995312403021,0.008907287556991461,0.009123004190989926,0.03684436576506289,0.03652267842390212
2324,None,entropy,best,5,10,0.5,0.9711309523809523,0.9708957890269819,0.9178571428571428,0.9168995312403021,0.008907287556991461,0.009123004190989926,0.03684436576506289,0.03652267842390212
2325,None,entropy,best,10,2,None,0.9630952380952381,0.9629650514804748,0.9154761904761906,0.9148825521312328,0.01426443994139251,0.013653080981976443,0.04131288092379322,0.04044595256330894
2326,None,entropy,best,10,2,sqrt,0.9354166666666667,0.9340713668539389,0.8821428571428573,0.8759236306266627,0.01944961376749078,0.019180276701433262,0.04567680223473039,0.051488543233296276
2327,None,entropy,best,10,2,log2,0.9354166666666667,0.9340713668539389,0.8821428571428573,0.8759236306266627,0.01944961376749078,0.019180276701433262,0.04567680223473039,0.051488543233296276
2328,None,entropy,best,10,2,0.25,0.9354166666666667,0.9340713668539389,0.8821428571428573,0.8759236306266627,0.01944961376749078,0.019180276701433262,0.04567680223473039,0.051488543233296276
2329,None,entropy,best,10,2,0.5,0.9354166666666667,0.9340713668539389,0.8821428571428573,0.8759236306266627,0.01944961376749078,0.019180276701433262,0.04567680223473039,0.051488543233296276
2330,None,entropy,best,10,5,None,0.9630952380952381,0.9629650514804748,0.9154761904761906,0.9148825521312328,0.01426443994139251,0.013653080981976443,0.04131288092379322,0.04044595256330894
2331,None,entropy,best,10,5,sqrt,0.9354166666666667,0.9340713668539389,0.8821428571428573,0.8759236306266627,0.01944961376749078,0.019180276701433262,0.04567680223473039,0.051488543233296276
2332,None,entropy,best,10,5,log2,0.9354166666666667,0.9340713668539389,0.8821428571428573,0.8759236306266627,0.01944961376749078,0.019180276701433262,0.04567680223473039,0.051488543233296276
2333,None,entropy,best,10,5,0.25,0.9354166666666667,0.9340713668539389,0.8821428571428573,0.8759236306266627,0.01944961376749078,0.019180276701433262,0.04567680223473039,0.051488543233296276
2334,None,entropy,best,10,5,0.5,0.9354166666666667,0.9340713668539389,0.8821428571428573,0.8759236306266627,0.01944961376749078,0.019180276701433262,0.04567680223473039,0.051488543233296276
2335,None,entropy,best,10,10,None,0.9630952380952381,0.9629650514804748,0.9154761904761906,0.9148825521312328,0.01426443994139251,0.013653080981976443,0.04131288092379322,0.04044595256330894
2336,None,entropy,best,10,10,sqrt,0.9354166666666667,0.9340713668539389,0.8821428571428573,0.8759236306266627,0.01944961376749078,0.019180276701433262,0.04567680223473039,0.051488543233296276
2337,None,entropy,best,10,10,log2,0.9354166666666667,0.9340713668539389,0.8821428571428573,0.8759236306266627,0.01944961376749078,0.019180276701433262,0.04567680223473039,0.051488543233296276
2338,None,entropy,best,10,10,0.25,0.9354166666666667,0.9340713668539389,0.8821428571428573,0.8759236306266627,0.01944961376749078,0.019180276701433262,0.04567680223473039,0.051488543233296276
2339,None,entropy,best,10,10,0.5,0.9354166666666667,0.9340713668539389,0.8821428571428573,0.8759236306266627,0.01944961376749078,0.019180276701433262,0.04567680223473039,0.051488543233296276
2340,None,entropy,random,1,2,None,1.0,1.0,0.9226190476190478,0.9226633128867051,0.0,0.0,0.022043335708870272,0.021950458758439817
2341,None,entropy,random,1,2,sqrt,1.0,1.0,0.9428571428571428,0.9430981751588352,0.0,0.0,0.03454725921883713,0.03378816920971887
2342,None,entropy,random,1,2,log2,1.0,1.0,0.9428571428571428,0.9430981751588352,0.0,0.0,0.03454725921883713,0.03378816920971887
2343,None,entropy,random,1,2,0.25,1.0,1.0,0.9428571428571428,0.9430981751588352,0.0,0.0,0.03454725921883713,0.03378816920971887
2344,None,entropy,random,1,2,0.5,1.0,1.0,0.9428571428571428,0.9430981751588352,0.0,0.0,0.03454725921883713,0.03378816920971887
2345,None,entropy,random,1,5,None,0.9776785714285714,0.977373779756413,0.9416666666666668,0.9400045225102696,0.00843670698681311,0.008643843016493877,0.036010674910128986,0.03931817069318993
2346,None,entropy,random,1,5,sqrt,0.9663690476190475,0.9656427237247365,0.9285714285714286,0.9258598290446549,0.00824325710250019,0.008512232577551966,0.03571428571428571,0.037942363350752656
2347,None,entropy,random,1,5,log2,0.9663690476190475,0.9656427237247365,0.9285714285714286,0.9258598290446549,0.00824325710250019,0.008512232577551966,0.03571428571428571,0.037942363350752656
2348,None,entropy,random,1,5,0.25,0.9663690476190475,0.9656427237247365,0.9285714285714286,0.9258598290446549,0.00824325710250019,0.008512232577551966,0.03571428571428571,0.037942363350752656
2349,None,entropy,random,1,5,0.5,0.9663690476190475,0.9656427237247365,0.9285714285714286,0.9258598290446549,0.00824325710250019,0.008512232577551966,0.03571428571428571,0.037942363350752656
2350,None,entropy,random,1,10,None,0.9630952380952381,0.9626436546133185,0.9476190476190476,0.9468606585545484,0.013011871308407178,0.013244959939124131,0.02900395402151937,0.029620462354218245
2351,None,entropy,random,1,10,sqrt,0.9345238095238095,0.9328845394677833,0.9166666666666666,0.9142247462650847,0.009934797147574751,0.01057794624616166,0.03213340753008703,0.03552207351911265
2352,None,entropy,random,1,10,log2,0.9345238095238095,0.9328845394677833,0.9166666666666666,0.9142247462650847,0.009934797147574751,0.01057794624616166,0.03213340753008703,0.03552207351911265
2353,None,entropy,random,1,10,0.25,0.9345238095238095,0.9328845394677833,0.9166666666666666,0.9142247462650847,0.009934797147574751,0.01057794624616166,0.03213340753008703,0.03552207351911265
2354,None,entropy,random,1,10,0.5,0.9345238095238095,0.9328845394677833,0.9166666666666666,0.9142247462650847,0.009934797147574751,0.01057794624616166,0.03213340753008703,0.03552207351911265
2355,None,entropy,random,3,2,None,0.9404761904761905,0.9392603936556492,0.9178571428571428,0.9156957417154296,0.016155063938744326,0.016998652016864672,0.03622089663122214,0.038629882833349866
2356,None,entropy,random,3,2,sqrt,0.9163690476190477,0.9159185050619978,0.907142857142857,0.9071778100513654,0.00799783209814793,0.008026983525166282,0.030334625502438248,0.029454276940323827
2357,None,entropy,random,3,2,log2,0.9163690476190477,0.9159185050619978,0.907142857142857,0.9071778100513654,0.00799783209814793,0.008026983525166282,0.030334625502438248,0.029454276940323827
2358,None,entropy,random,3,2,0.25,0.9163690476190477,0.9159185050619978,0.907142857142857,0.9071778100513654,0.00799783209814793,0.008026983525166282,0.030334625502438248,0.029454276940323827
2359,None,entropy,random,3,2,0.5,0.9163690476190477,0.9159185050619978,0.907142857142857,0.9071778100513654,0.00799783209814793,0.008026983525166282,0.030334625502438248,0.029454276940323827
2360,None,entropy,random,3,5,None,0.9404761904761905,0.9392603936556492,0.9178571428571428,0.9156957417154296,0.016155063938744326,0.016998652016864672,0.03622089663122214,0.038629882833349866
2361,None,entropy,random,3,5,sqrt,0.9163690476190477,0.9159185050619978,0.907142857142857,0.9071778100513654,0.00799783209814793,0.008026983525166282,0.030334625502438248,0.029454276940323827
2362,None,entropy,random,3,5,log2,0.9163690476190477,0.9159185050619978,0.907142857142857,0.9071778100513654,0.00799783209814793,0.008026983525166282,0.030334625502438248,0.029454276940323827
2363,None,entropy,random,3,5,0.25,0.9163690476190477,0.9159185050619978,0.907142857142857,0.9071778100513654,0.00799783209814793,0.008026983525166282,0.030334625502438248,0.029454276940323827
2364,None,entropy,random,3,5,0.5,0.9163690476190477,0.9159185050619978,0.907142857142857,0.9071778100513654,0.00799783209814793,0.008026983525166282,0.030334625502438248,0.029454276940323827
2365,None,entropy,random,3,10,None,0.9354166666666667,0.9337080609079546,0.9,0.8965994697654688,0.015360059444607806,0.016338498291481554,0.05219315438284495,0.05508247000028522
2366,None,entropy,random,3,10,sqrt,0.9181547619047621,0.916900715519209,0.9107142857142857,0.9095040935496824,0.012589270637323922,0.013845742715437344,0.026997462357801937,0.030067076928764588
2367,None,entropy,random,3,10,log2,0.9181547619047621,0.916900715519209,0.9107142857142857,0.9095040935496824,0.012589270637323922,0.013845742715437344,0.026997462357801937,0.030067076928764588
2368,None,entropy,random,3,10,0.25,0.9181547619047621,0.916900715519209,0.9107142857142857,0.9095040935496824,0.012589270637323922,0.013845742715437344,0.026997462357801937,0.030067076928764588
2369,None,entropy,random,3,10,0.5,0.9181547619047621,0.916900715519209,0.9107142857142857,0.9095040935496824,0.012589270637323922,0.013845742715437344,0.026997462357801937,0.030067076928764588
2370,None,entropy,random,5,2,None,0.9065476190476189,0.9039989613395869,0.8738095238095238,0.8691914326356668,0.014851160654612679,0.01581889366662032,0.036010674910128986,0.038379185465585296
2371,None,entropy,random,5,2,sqrt,0.9101190476190477,0.9083924174307935,0.9047619047619049,0.9039635432364626,0.008414179024074406,0.008570111895267183,0.02671475862653914,0.02875870864719889
2372,None,entropy,random,5,2,log2,0.9101190476190477,0.9083924174307935,0.9047619047619049,0.9039635432364626,0.008414179024074406,0.008570111895267183,0.02671475862653914,0.02875870864719889
2373,None,entropy,random,5,2,0.25,0.9101190476190477,0.9083924174307935,0.9047619047619049,0.9039635432364626,0.008414179024074406,0.008570111895267183,0.02671475862653914,0.02875870864719889
2374,None,entropy,random,5,2,0.5,0.9101190476190477,0.9083924174307935,0.9047619047619049,0.9039635432364626,0.008414179024074406,0.008570111895267183,0.02671475862653914,0.02875870864719889
2375,None,entropy,random,5,5,None,0.9065476190476189,0.9039989613395869,0.8738095238095238,0.8691914326356668,0.014851160654612679,0.01581889366662032,0.036010674910128986,0.038379185465585296
2376,None,entropy,random,5,5,sqrt,0.9101190476190477,0.9083924174307935,0.9047619047619049,0.9039635432364626,0.008414179024074406,0.008570111895267183,0.02671475862653914,0.02875870864719889
2377,None,entropy,random,5,5,log2,0.9101190476190477,0.9083924174307935,0.9047619047619049,0.9039635432364626,0.008414179024074406,0.008570111895267183,0.02671475862653914,0.02875870864719889
2378,None,entropy,random,5,5,0.25,0.9101190476190477,0.9083924174307935,0.9047619047619049,0.9039635432364626,0.008414179024074406,0.008570111895267183,0.02671475862653914,0.02875870864719889
2379,None,entropy,random,5,5,0.5,0.9101190476190477,0.9083924174307935,0.9047619047619049,0.9039635432364626,0.008414179024074406,0.008570111895267183,0.02671475862653914,0.02875870864719889
2380,None,entropy,random,5,10,None,0.9065476190476189,0.9039989613395869,0.8738095238095238,0.8691914326356668,0.014851160654612679,0.01581889366662032,0.036010674910128986,0.038379185465585296
2381,None,entropy,random,5,10,sqrt,0.9101190476190477,0.9083924174307935,0.9047619047619049,0.9039635432364626,0.008414179024074406,0.008570111895267183,0.02671475862653914,0.02875870864719889
2382,None,entropy,random,5,10,log2,0.9101190476190477,0.9083924174307935,0.9047619047619049,0.9039635432364626,0.008414179024074406,0.008570111895267183,0.02671475862653914,0.02875870864719889
2383,None,entropy,random,5,10,0.25,0.9101190476190477,0.9083924174307935,0.9047619047619049,0.9039635432364626,0.008414179024074406,0.008570111895267183,0.02671475862653914,0.02875870864719889
2384,None,entropy,random,5,10,0.5,0.9101190476190477,0.9083924174307935,0.9047619047619049,0.9039635432364626,0.008414179024074406,0.008570111895267183,0.02671475862653914,0.02875870864719889
2385,None,entropy,random,10,2,None,0.8910714285714286,0.8881464784233652,0.8678571428571428,0.8640886773204228,0.019663138879951116,0.020375037247836743,0.042579885476951684,0.04602405157300132
2386,None,entropy,random,10,2,sqrt,0.8139880952380953,0.7896380516052927,0.8119047619047619,0.7904144827596997,0.04447246393658511,0.07752995663641463,0.05265658771083521,0.08608295802241045
2387,None,entropy,random,10,2,log2,0.8139880952380953,0.7896380516052927,0.8119047619047619,0.7904144827596997,0.04447246393658511,0.07752995663641463,0.05265658771083521,0.08608295802241045
2388,None,entropy,random,10,2,0.25,0.8139880952380953,0.7896380516052927,0.8119047619047619,0.7904144827596997,0.04447246393658511,0.07752995663641463,0.05265658771083521,0.08608295802241045
2389,None,entropy,random,10,2,0.5,0.8139880952380953,0.7896380516052927,0.8119047619047619,0.7904144827596997,0.04447246393658511,0.07752995663641463,0.05265658771083521,0.08608295802241045
2390,None,entropy,random,10,5,None,0.8910714285714286,0.8881464784233652,0.8678571428571428,0.8640886773204228,0.019663138879951116,0.020375037247836743,0.042579885476951684,0.04602405157300132
2391,None,entropy,random,10,5,sqrt,0.8139880952380953,0.7896380516052927,0.8119047619047619,0.7904144827596997,0.04447246393658511,0.07752995663641463,0.05265658771083521,0.08608295802241045
2392,None,entropy,random,10,5,log2,0.8139880952380953,0.7896380516052927,0.8119047619047619,0.7904144827596997,0.04447246393658511,0.07752995663641463,0.05265658771083521,0.08608295802241045
2393,None,entropy,random,10,5,0.25,0.8139880952380953,0.7896380516052927,0.8119047619047619,0.7904144827596997,0.04447246393658511,0.07752995663641463,0.05265658771083521,0.08608295802241045
2394,None,entropy,random,10,5,0.5,0.8139880952380953,0.7896380516052927,0.8119047619047619,0.7904144827596997,0.04447246393658511,0.07752995663641463,0.05265658771083521,0.08608295802241045
2395,None,entropy,random,10,10,None,0.8910714285714286,0.8881464784233652,0.8678571428571428,0.8640886773204228,0.019663138879951116,0.020375037247836743,0.042579885476951684,0.04602405157300132
2396,None,entropy,random,10,10,sqrt,0.8139880952380953,0.7896380516052927,0.8119047619047619,0.7904144827596997,0.04447246393658511,0.07752995663641463,0.05265658771083521,0.08608295802241045
2397,None,entropy,random,10,10,log2,0.8139880952380953,0.7896380516052927,0.8119047619047619,0.7904144827596997,0.04447246393658511,0.07752995663641463,0.05265658771083521,0.08608295802241045
2398,None,entropy,random,10,10,0.25,0.8139880952380953,0.7896380516052927,0.8119047619047619,0.7904144827596997,0.04447246393658511,0.07752995663641463,0.05265658771083521,0.08608295802241045
2399,None,entropy,random,10,10,0.5,0.8139880952380953,0.7896380516052927,0.8119047619047619,0.7904144827596997,0.04447246393658511,0.07752995663641463,0.05265658771083521,0.08608295802241045
2400,None,log_loss,best,1,2,None,1.0,1.0,0.9452380952380952,0.9445382235800989,0.0,0.0,0.030534197559499193,0.030872999691470015
2401,None,log_loss,best,1,2,sqrt,1.0,1.0,0.9309523809523809,0.9312348115062449,0.0,0.0,0.044702341322663285,0.04412383118532894
2402,None,log_loss,best,1,2,log2,1.0,1.0,0.9309523809523809,0.9312348115062449,0.0,0.0,0.044702341322663285,0.04412383118532894
2403,None,log_loss,best,1,2,0.25,1.0,1.0,0.9309523809523809,0.9312348115062449,0.0,0.0,0.044702341322663285,0.04412383118532894
2404,None,log_loss,best,1,2,0.5,1.0,1.0,0.9309523809523809,0.9312348115062449,0.0,0.0,0.044702341322663285,0.04412383118532894
2405,None,log_loss,best,1,5,None,0.9931547619047619,0.9931132445706436,0.9464285714285714,0.9454700765884548,0.0037223633385392364,0.0037456461371544766,0.02941980253742549,0.030122942504806946
2406,None,log_loss,best,1,5,sqrt,0.988095238095238,0.9879815785931462,0.9285714285714286,0.9271253612069431,0.006462025575497751,0.006587094971956632,0.030929478706587087,0.032502455648207355
2407,None,log_loss,best,1,5,log2,0.988095238095238,0.9879815785931462,0.9285714285714286,0.9271253612069431,0.006462025575497751,0.006587094971956632,0.030929478706587087,0.032502455648207355
2408,None,log_loss,best,1,5,0.25,0.988095238095238,0.9879815785931462,0.9285714285714286,0.9271253612069431,0.006462025575497751,0.006587094971956632,0.030929478706587087,0.032502455648207355
2409,None,log_loss,best,1,5,0.5,0.988095238095238,0.9879815785931462,0.9285714285714286,0.9271253612069431,0.006462025575497751,0.006587094971956632,0.030929478706587087,0.032502455648207355
2410,None,log_loss,best,1,10,None,0.9877976190476189,0.9877444172044106,0.9392857142857144,0.9391063584273147,0.005458925386476875,0.005473945764628343,0.039239304683823986,0.0378707902562588
2411,None,log_loss,best,1,10,sqrt,0.9824404761904761,0.9822710397987863,0.9238095238095239,0.9221856367683918,0.005713754226983815,0.005811720281721882,0.034722627143735495,0.035265484563399944
2412,None,log_loss,best,1,10,log2,0.9824404761904761,0.9822710397987863,0.9238095238095239,0.9221856367683918,0.005713754226983815,0.005811720281721882,0.034722627143735495,0.035265484563399944
2413,None,log_loss,best,1,10,0.25,0.9824404761904761,0.9822710397987863,0.9238095238095239,0.9221856367683918,0.005713754226983815,0.005811720281721882,0.034722627143735495,0.035265484563399944
2414,None,log_loss,best,1,10,0.5,0.9824404761904761,0.9822710397987863,0.9238095238095239,0.9221856367683918,0.005713754226983815,0.005811720281721882,0.034722627143735495,0.035265484563399944
2415,None,log_loss,best,3,2,None,0.9875000000000002,0.9874938197965706,0.9440476190476191,0.9435017873614364,0.004831810440019365,0.0048090000170446625,0.02688473759675287,0.027051618446894164
2416,None,log_loss,best,3,2,sqrt,0.9791666666666665,0.9790058848617244,0.9202380952380953,0.9200873490028983,0.006005292045844208,0.006147254633841724,0.031561253631733455,0.029849150475383793
2417,None,log_loss,best,3,2,log2,0.9791666666666665,0.9790058848617244,0.9202380952380953,0.9200873490028983,0.006005292045844208,0.006147254633841724,0.031561253631733455,0.029849150475383793
2418,None,log_loss,best,3,2,0.25,0.9791666666666665,0.9790058848617244,0.9202380952380953,0.9200873490028983,0.006005292045844208,0.006147254633841724,0.031561253631733455,0.029849150475383793
2419,None,log_loss,best,3,2,0.5,0.9791666666666665,0.9790058848617244,0.9202380952380953,0.9200873490028983,0.006005292045844208,0.006147254633841724,0.031561253631733455,0.029849150475383793
2420,None,log_loss,best,3,5,None,0.9875000000000002,0.9874938197965706,0.9440476190476191,0.9435017873614364,0.004831810440019365,0.0048090000170446625,0.02688473759675287,0.027051618446894164
2421,None,log_loss,best,3,5,sqrt,0.9791666666666665,0.9790058848617244,0.9202380952380953,0.9200873490028983,0.006005292045844208,0.006147254633841724,0.031561253631733455,0.029849150475383793
2422,None,log_loss,best,3,5,log2,0.9791666666666665,0.9790058848617244,0.9202380952380953,0.9200873490028983,0.006005292045844208,0.006147254633841724,0.031561253631733455,0.029849150475383793
2423,None,log_loss,best,3,5,0.25,0.9791666666666665,0.9790058848617244,0.9202380952380953,0.9200873490028983,0.006005292045844208,0.006147254633841724,0.031561253631733455,0.029849150475383793
2424,None,log_loss,best,3,5,0.5,0.9791666666666665,0.9790058848617244,0.9202380952380953,0.9200873490028983,0.006005292045844208,0.006147254633841724,0.031561253631733455,0.029849150475383793
2425,None,log_loss,best,3,10,None,0.9818452380952382,0.9817673983483742,0.9404761904761905,0.9403601762715648,0.007444726677078522,0.007459161922564417,0.034193825277012056,0.03274418476711008
2426,None,log_loss,best,3,10,sqrt,0.9767857142857143,0.9765341255613104,0.923809523809524,0.9228355381352353,0.0073935595643823725,0.007641140345823348,0.03127125127753262,0.030160791270884963
2427,None,log_loss,best,3,10,log2,0.9767857142857143,0.9765341255613104,0.923809523809524,0.9228355381352353,0.0073935595643823725,0.007641140345823348,0.03127125127753262,0.030160791270884963
2428,None,log_loss,best,3,10,0.25,0.9767857142857143,0.9765341255613104,0.923809523809524,0.9228355381352353,0.0073935595643823725,0.007641140345823348,0.03127125127753262,0.030160791270884963
2429,None,log_loss,best,3,10,0.5,0.9767857142857143,0.9765341255613104,0.923809523809524,0.9228355381352353,0.0073935595643823725,0.007641140345823348,0.03127125127753262,0.030160791270884963
2430,None,log_loss,best,5,2,None,0.9758928571428572,0.9758003634127861,0.9345238095238096,0.9349056985899089,0.008896626526771322,0.008884380361641832,0.039739188590299054,0.03736667860244408
2431,None,log_loss,best,5,2,sqrt,0.9711309523809523,0.9708957890269819,0.9178571428571428,0.9168995312403021,0.008907287556991461,0.009123004190989926,0.03684436576506289,0.03652267842390212
2432,None,log_loss,best,5,2,log2,0.9711309523809523,0.9708957890269819,0.9178571428571428,0.9168995312403021,0.008907287556991461,0.009123004190989926,0.03684436576506289,0.03652267842390212
2433,None,log_loss,best,5,2,0.25,0.9711309523809523,0.9708957890269819,0.9178571428571428,0.9168995312403021,0.008907287556991461,0.009123004190989926,0.03684436576506289,0.03652267842390212
2434,None,log_loss,best,5,2,0.5,0.9711309523809523,0.9708957890269819,0.9178571428571428,0.9168995312403021,0.008907287556991461,0.009123004190989926,0.03684436576506289,0.03652267842390212
2435,None,log_loss,best,5,5,None,0.9758928571428572,0.9758003634127861,0.9345238095238096,0.9349056985899089,0.008896626526771322,0.008884380361641832,0.039739188590299054,0.03736667860244408
2436,None,log_loss,best,5,5,sqrt,0.9711309523809523,0.9708957890269819,0.9178571428571428,0.9168995312403021,0.008907287556991461,0.009123004190989926,0.03684436576506289,0.03652267842390212
2437,None,log_loss,best,5,5,log2,0.9711309523809523,0.9708957890269819,0.9178571428571428,0.9168995312403021,0.008907287556991461,0.009123004190989926,0.03684436576506289,0.03652267842390212
2438,None,log_loss,best,5,5,0.25,0.9711309523809523,0.9708957890269819,0.9178571428571428,0.9168995312403021,0.008907287556991461,0.009123004190989926,0.03684436576506289,0.03652267842390212
2439,None,log_loss,best,5,5,0.5,0.9711309523809523,0.9708957890269819,0.9178571428571428,0.9168995312403021,0.008907287556991461,0.009123004190989926,0.03684436576506289,0.03652267842390212
2440,None,log_loss,best,5,10,None,0.9758928571428572,0.9758003634127861,0.9345238095238096,0.9349056985899089,0.008896626526771322,0.008884380361641832,0.039739188590299054,0.03736667860244408
2441,None,log_loss,best,5,10,sqrt,0.9711309523809523,0.9708957890269819,0.9178571428571428,0.9168995312403021,0.008907287556991461,0.009123004190989926,0.03684436576506289,0.03652267842390212
2442,None,log_loss,best,5,10,log2,0.9711309523809523,0.9708957890269819,0.9178571428571428,0.9168995312403021,0.008907287556991461,0.009123004190989926,0.03684436576506289,0.03652267842390212
2443,None,log_loss,best,5,10,0.25,0.9711309523809523,0.9708957890269819,0.9178571428571428,0.9168995312403021,0.008907287556991461,0.009123004190989926,0.03684436576506289,0.03652267842390212
2444,None,log_loss,best,5,10,0.5,0.9711309523809523,0.9708957890269819,0.9178571428571428,0.9168995312403021,0.008907287556991461,0.009123004190989926,0.03684436576506289,0.03652267842390212
2445,None,log_loss,best,10,2,None,0.9630952380952381,0.9629650514804748,0.9154761904761906,0.9148825521312328,0.01426443994139251,0.013653080981976443,0.04131288092379322,0.04044595256330894
2446,None,log_loss,best,10,2,sqrt,0.9354166666666667,0.9340713668539389,0.8821428571428573,0.8759236306266627,0.01944961376749078,0.019180276701433262,0.04567680223473039,0.051488543233296276
2447,None,log_loss,best,10,2,log2,0.9354166666666667,0.9340713668539389,0.8821428571428573,0.8759236306266627,0.01944961376749078,0.019180276701433262,0.04567680223473039,0.051488543233296276
2448,None,log_loss,best,10,2,0.25,0.9354166666666667,0.9340713668539389,0.8821428571428573,0.8759236306266627,0.01944961376749078,0.019180276701433262,0.04567680223473039,0.051488543233296276
2449,None,log_loss,best,10,2,0.5,0.9354166666666667,0.9340713668539389,0.8821428571428573,0.8759236306266627,0.01944961376749078,0.019180276701433262,0.04567680223473039,0.051488543233296276
2450,None,log_loss,best,10,5,None,0.9630952380952381,0.9629650514804748,0.9154761904761906,0.9148825521312328,0.01426443994139251,0.013653080981976443,0.04131288092379322,0.04044595256330894
2451,None,log_loss,best,10,5,sqrt,0.9354166666666667,0.9340713668539389,0.8821428571428573,0.8759236306266627,0.01944961376749078,0.019180276701433262,0.04567680223473039,0.051488543233296276
2452,None,log_loss,best,10,5,log2,0.9354166666666667,0.9340713668539389,0.8821428571428573,0.8759236306266627,0.01944961376749078,0.019180276701433262,0.04567680223473039,0.051488543233296276
2453,None,log_loss,best,10,5,0.25,0.9354166666666667,0.9340713668539389,0.8821428571428573,0.8759236306266627,0.01944961376749078,0.019180276701433262,0.04567680223473039,0.051488543233296276
2454,None,log_loss,best,10,5,0.5,0.9354166666666667,0.9340713668539389,0.8821428571428573,0.8759236306266627,0.01944961376749078,0.019180276701433262,0.04567680223473039,0.051488543233296276
2455,None,log_loss,best,10,10,None,0.9630952380952381,0.9629650514804748,0.9154761904761906,0.9148825521312328,0.01426443994139251,0.013653080981976443,0.04131288092379322,0.04044595256330894
2456,None,log_loss,best,10,10,sqrt,0.9354166666666667,0.9340713668539389,0.8821428571428573,0.8759236306266627,0.01944961376749078,0.019180276701433262,0.04567680223473039,0.051488543233296276
2457,None,log_loss,best,10,10,log2,0.9354166666666667,0.9340713668539389,0.8821428571428573,0.8759236306266627,0.01944961376749078,0.019180276701433262,0.04567680223473039,0.051488543233296276
2458,None,log_loss,best,10,10,0.25,0.9354166666666667,0.9340713668539389,0.8821428571428573,0.8759236306266627,0.01944961376749078,0.019180276701433262,0.04567680223473039,0.051488543233296276
2459,None,log_loss,best,10,10,0.5,0.9354166666666667,0.9340713668539389,0.8821428571428573,0.8759236306266627,0.01944961376749078,0.019180276701433262,0.04567680223473039,0.051488543233296276
2460,None,log_loss,random,1,2,None,1.0,1.0,0.9226190476190478,0.9226633128867051,0.0,0.0,0.022043335708870272,0.021950458758439817
2461,None,log_loss,random,1,2,sqrt,1.0,1.0,0.9428571428571428,0.9430981751588352,0.0,0.0,0.03454725921883713,0.03378816920971887
2462,None,log_loss,random,1,2,log2,1.0,1.0,0.9428571428571428,0.9430981751588352,0.0,0.0,0.03454725921883713,0.03378816920971887
2463,None,log_loss,random,1,2,0.25,1.0,1.0,0.9428571428571428,0.9430981751588352,0.0,0.0,0.03454725921883713,0.03378816920971887
2464,None,log_loss,random,1,2,0.5,1.0,1.0,0.9428571428571428,0.9430981751588352,0.0,0.0,0.03454725921883713,0.03378816920971887
2465,None,log_loss,random,1,5,None,0.9776785714285714,0.977373779756413,0.9416666666666668,0.9400045225102696,0.00843670698681311,0.008643843016493877,0.036010674910128986,0.03931817069318993
2466,None,log_loss,random,1,5,sqrt,0.9663690476190475,0.9656427237247365,0.9285714285714286,0.9258598290446549,0.00824325710250019,0.008512232577551966,0.03571428571428571,0.037942363350752656
2467,None,log_loss,random,1,5,log2,0.9663690476190475,0.9656427237247365,0.9285714285714286,0.9258598290446549,0.00824325710250019,0.008512232577551966,0.03571428571428571,0.037942363350752656
2468,None,log_loss,random,1,5,0.25,0.9663690476190475,0.9656427237247365,0.9285714285714286,0.9258598290446549,0.00824325710250019,0.008512232577551966,0.03571428571428571,0.037942363350752656
2469,None,log_loss,random,1,5,0.5,0.9663690476190475,0.9656427237247365,0.9285714285714286,0.9258598290446549,0.00824325710250019,0.008512232577551966,0.03571428571428571,0.037942363350752656
2470,None,log_loss,random,1,10,None,0.9630952380952381,0.9626436546133185,0.9476190476190476,0.9468606585545484,0.013011871308407178,0.013244959939124131,0.02900395402151937,0.029620462354218245
2471,None,log_loss,random,1,10,sqrt,0.9345238095238095,0.9328845394677833,0.9166666666666666,0.9142247462650847,0.009934797147574751,0.01057794624616166,0.03213340753008703,0.03552207351911265
2472,None,log_loss,random,1,10,log2,0.9345238095238095,0.9328845394677833,0.9166666666666666,0.9142247462650847,0.009934797147574751,0.01057794624616166,0.03213340753008703,0.03552207351911265
2473,None,log_loss,random,1,10,0.25,0.9345238095238095,0.9328845394677833,0.9166666666666666,0.9142247462650847,0.009934797147574751,0.01057794624616166,0.03213340753008703,0.03552207351911265
2474,None,log_loss,random,1,10,0.5,0.9345238095238095,0.9328845394677833,0.9166666666666666,0.9142247462650847,0.009934797147574751,0.01057794624616166,0.03213340753008703,0.03552207351911265
2475,None,log_loss,random,3,2,None,0.9404761904761905,0.9392603936556492,0.9178571428571428,0.9156957417154296,0.016155063938744326,0.016998652016864672,0.03622089663122214,0.038629882833349866
2476,None,log_loss,random,3,2,sqrt,0.9163690476190477,0.9159185050619978,0.907142857142857,0.9071778100513654,0.00799783209814793,0.008026983525166282,0.030334625502438248,0.029454276940323827
2477,None,log_loss,random,3,2,log2,0.9163690476190477,0.9159185050619978,0.907142857142857,0.9071778100513654,0.00799783209814793,0.008026983525166282,0.030334625502438248,0.029454276940323827
2478,None,log_loss,random,3,2,0.25,0.9163690476190477,0.9159185050619978,0.907142857142857,0.9071778100513654,0.00799783209814793,0.008026983525166282,0.030334625502438248,0.029454276940323827
2479,None,log_loss,random,3,2,0.5,0.9163690476190477,0.9159185050619978,0.907142857142857,0.9071778100513654,0.00799783209814793,0.008026983525166282,0.030334625502438248,0.029454276940323827
2480,None,log_loss,random,3,5,None,0.9404761904761905,0.9392603936556492,0.9178571428571428,0.9156957417154296,0.016155063938744326,0.016998652016864672,0.03622089663122214,0.038629882833349866
2481,None,log_loss,random,3,5,sqrt,0.9163690476190477,0.9159185050619978,0.907142857142857,0.9071778100513654,0.00799783209814793,0.008026983525166282,0.030334625502438248,0.029454276940323827
2482,None,log_loss,random,3,5,log2,0.9163690476190477,0.9159185050619978,0.907142857142857,0.9071778100513654,0.00799783209814793,0.008026983525166282,0.030334625502438248,0.029454276940323827
2483,None,log_loss,random,3,5,0.25,0.9163690476190477,0.9159185050619978,0.907142857142857,0.9071778100513654,0.00799783209814793,0.008026983525166282,0.030334625502438248,0.029454276940323827
2484,None,log_loss,random,3,5,0.5,0.9163690476190477,0.9159185050619978,0.907142857142857,0.9071778100513654,0.00799783209814793,0.008026983525166282,0.030334625502438248,0.029454276940323827
2485,None,log_loss,random,3,10,None,0.9354166666666667,0.9337080609079546,0.9,0.8965994697654688,0.015360059444607806,0.016338498291481554,0.05219315438284495,0.05508247000028522
2486,None,log_loss,random,3,10,sqrt,0.9181547619047621,0.916900715519209,0.9107142857142857,0.9095040935496824,0.012589270637323922,0.013845742715437344,0.026997462357801937,0.030067076928764588
2487,None,log_loss,random,3,10,log2,0.9181547619047621,0.916900715519209,0.9107142857142857,0.9095040935496824,0.012589270637323922,0.013845742715437344,0.026997462357801937,0.030067076928764588
2488,None,log_loss,random,3,10,0.25,0.9181547619047621,0.916900715519209,0.9107142857142857,0.9095040935496824,0.012589270637323922,0.013845742715437344,0.026997462357801937,0.030067076928764588
2489,None,log_loss,random,3,10,0.5,0.9181547619047621,0.916900715519209,0.9107142857142857,0.9095040935496824,0.012589270637323922,0.013845742715437344,0.026997462357801937,0.030067076928764588
2490,None,log_loss,random,5,2,None,0.9065476190476189,0.9039989613395869,0.8738095238095238,0.8691914326356668,0.014851160654612679,0.01581889366662032,0.036010674910128986,0.038379185465585296
2491,None,log_loss,random,5,2,sqrt,0.9101190476190477,0.9083924174307935,0.9047619047619049,0.9039635432364626,0.008414179024074406,0.008570111895267183,0.02671475862653914,0.02875870864719889
2492,None,log_loss,random,5,2,log2,0.9101190476190477,0.9083924174307935,0.9047619047619049,0.9039635432364626,0.008414179024074406,0.008570111895267183,0.02671475862653914,0.02875870864719889
2493,None,log_loss,random,5,2,0.25,0.9101190476190477,0.9083924174307935,0.9047619047619049,0.9039635432364626,0.008414179024074406,0.008570111895267183,0.02671475862653914,0.02875870864719889
2494,None,log_loss,random,5,2,0.5,0.9101190476190477,0.9083924174307935,0.9047619047619049,0.9039635432364626,0.008414179024074406,0.008570111895267183,0.02671475862653914,0.02875870864719889
2495,None,log_loss,random,5,5,None,0.9065476190476189,0.9039989613395869,0.8738095238095238,0.8691914326356668,0.014851160654612679,0.01581889366662032,0.036010674910128986,0.038379185465585296
2496,None,log_loss,random,5,5,sqrt,0.9101190476190477,0.9083924174307935,0.9047619047619049,0.9039635432364626,0.008414179024074406,0.008570111895267183,0.02671475862653914,0.02875870864719889
2497,None,log_loss,random,5,5,log2,0.9101190476190477,0.9083924174307935,0.9047619047619049,0.9039635432364626,0.008414179024074406,0.008570111895267183,0.02671475862653914,0.02875870864719889
2498,None,log_loss,random,5,5,0.25,0.9101190476190477,0.9083924174307935,0.9047619047619049,0.9039635432364626,0.008414179024074406,0.008570111895267183,0.02671475862653914,0.02875870864719889
2499,None,log_loss,random,5,5,0.5,0.9101190476190477,0.9083924174307935,0.9047619047619049,0.9039635432364626,0.008414179024074406,0.008570111895267183,0.02671475862653914,0.02875870864719889
2500,None,log_loss,random,5,10,None,0.9065476190476189,0.9039989613395869,0.8738095238095238,0.8691914326356668,0.014851160654612679,0.01581889366662032,0.036010674910128986,0.038379185465585296
2501,None,log_loss,random,5,10,sqrt,0.9101190476190477,0.9083924174307935,0.9047619047619049,0.9039635432364626,0.008414179024074406,0.008570111895267183,0.02671475862653914,0.02875870864719889
2502,None,log_loss,random,5,10,log2,0.9101190476190477,0.9083924174307935,0.9047619047619049,0.9039635432364626,0.008414179024074406,0.008570111895267183,0.02671475862653914,0.02875870864719889
2503,None,log_loss,random,5,10,0.25,0.9101190476190477,0.9083924174307935,0.9047619047619049,0.9039635432364626,0.008414179024074406,0.008570111895267183,0.02671475862653914,0.02875870864719889
2504,None,log_loss,random,5,10,0.5,0.9101190476190477,0.9083924174307935,0.9047619047619049,0.9039635432364626,0.008414179024074406,0.008570111895267183,0.02671475862653914,0.02875870864719889
2505,None,log_loss,random,10,2,None,0.8910714285714286,0.8881464784233652,0.8678571428571428,0.8640886773204228,0.019663138879951116,0.020375037247836743,0.042579885476951684,0.04602405157300132
2506,None,log_loss,random,10,2,sqrt,0.8139880952380953,0.7896380516052927,0.8119047619047619,0.7904144827596997,0.04447246393658511,0.07752995663641463,0.05265658771083521,0.08608295802241045
2507,None,log_loss,random,10,2,log2,0.8139880952380953,0.7896380516052927,0.8119047619047619,0.7904144827596997,0.04447246393658511,0.07752995663641463,0.05265658771083521,0.08608295802241045
2508,None,log_loss,random,10,2,0.25,0.8139880952380953,0.7896380516052927,0.8119047619047619,0.7904144827596997,0.04447246393658511,0.07752995663641463,0.05265658771083521,0.08608295802241045
2509,None,log_loss,random,10,2,0.5,0.8139880952380953,0.7896380516052927,0.8119047619047619,0.7904144827596997,0.04447246393658511,0.07752995663641463,0.05265658771083521,0.08608295802241045
2510,None,log_loss,random,10,5,None,0.8910714285714286,0.8881464784233652,0.8678571428571428,0.8640886773204228,0.019663138879951116,0.020375037247836743,0.042579885476951684,0.04602405157300132
2511,None,log_loss,random,10,5,sqrt,0.8139880952380953,0.7896380516052927,0.8119047619047619,0.7904144827596997,0.04447246393658511,0.07752995663641463,0.05265658771083521,0.08608295802241045
2512,None,log_loss,random,10,5,log2,0.8139880952380953,0.7896380516052927,0.8119047619047619,0.7904144827596997,0.04447246393658511,0.07752995663641463,0.05265658771083521,0.08608295802241045
2513,None,log_loss,random,10,5,0.25,0.8139880952380953,0.7896380516052927,0.8119047619047619,0.7904144827596997,0.04447246393658511,0.07752995663641463,0.05265658771083521,0.08608295802241045
2514,None,log_loss,random,10,5,0.5,0.8139880952380953,0.7896380516052927,0.8119047619047619,0.7904144827596997,0.04447246393658511,0.07752995663641463,0.05265658771083521,0.08608295802241045
2515,None,log_loss,random,10,10,None,0.8910714285714286,0.8881464784233652,0.8678571428571428,0.8640886773204228,0.019663138879951116,0.020375037247836743,0.042579885476951684,0.04602405157300132
2516,None,log_loss,random,10,10,sqrt,0.8139880952380953,0.7896380516052927,0.8119047619047619,0.7904144827596997,0.04447246393658511,0.07752995663641463,0.05265658771083521,0.08608295802241045
2517,None,log_loss,random,10,10,log2,0.8139880952380953,0.7896380516052927,0.8119047619047619,0.7904144827596997,0.04447246393658511,0.07752995663641463,0.05265658771083521,0.08608295802241045
2518,None,log_loss,random,10,10,0.25,0.8139880952380953,0.7896380516052927,0.8119047619047619,0.7904144827596997,0.04447246393658511,0.07752995663641463,0.05265658771083521,0.08608295802241045
2519,None,log_loss,random,10,10,0.5,0.8139880952380953,0.7896380516052927,0.8119047619047619,0.7904144827596997,0.04447246393658511,0.07752995663641463,0.05265658771083521,0.08608295802241045
